model,revision,harness,item_id,foundation,condition,replicate,score,score_alt_normalisation,logprob_mass,n_options_found,refusal,parse_failed,parse_strategy,token_boundary_clean,emitted_token_id,label_position,surface_form,boundary_shift,degenerate_options,seed,prompt_sha,raw_output
allenai/OLMo-2-0325-32B-Instruct,b96024342a77a69aa0dda815c3454a671f477463,v2,1,Care,label,0,3.0106414488510493,3.010641397294043,0.9981996675048566,5,False,False,,True,,,label,0,,,44642b1e52ff3e79,
allenai/OLMo-2-0325-32B-Instruct,b96024342a77a69aa0dda815c3454a671f477463,v2,2,Care,label,0,2.537703030969228,2.537702956327627,0.9969690424700239,5,False,False,,True,,,label,0,,,1913a7d03af1ff88,
allenai/OLMo-2-0325-32B-Instruct,b96024342a77a69aa0dda815c3454a671f477463,v2,3,Care,label,0,3.0649620755228435,3.0649618663038987,0.9981739217325151,5,False,False,,True,,,label,0,,,a2d3b6daf453e8b6,
allenai/OLMo-2-0325-32B-Instruct,b96024342a77a69aa0dda815c3454a671f477463,v2,4,Care,label,0,2.4566045941222585,2.4566042495714115,0.9950497378106746,5,False,False,,True,,,label,0,,,5e96c369f81eb79f,
allenai/OLMo-2-0325-32B-Instruct,b96024342a77a69aa0dda815c3454a671f477463,v2,5,Care,label,0,2.2914247937944694,2.2914247266085033,0.996954662354271,5,False,False,,True,,,label,0,,,40bade8087ef10f8,
allenai/OLMo-2-0325-32B-Instruct,b96024342a77a69aa0dda815c3454a671f477463,v2,6,Care,label,0,2.114329757856044,2.1143296415971102,0.9957609278100766,5,False,False,,True,,,label,0,,,8c67f566fd720c90,
allenai/OLMo-2-0325-32B-Instruct,b96024342a77a69aa0dda815c3454a671f477463,v2,7,Care,label,0,3.1889160062613664,3.1889158271329907,0.9979727622705017,5,False,False,,True,,,label,0,,,1fe426dc82b973a8,
allenai/OLMo-2-0325-32B-Instruct,b96024342a77a69aa0dda815c3454a671f477463,v2,8,Care,label,0,2.985548881750927,2.985548760961681,0.9983886556163737,5,False,False,,True,,,label,0,,,706f3972748399bc,
allenai/OLMo-2-0325-32B-Instruct,b96024342a77a69aa0dda815c3454a671f477463,v2,9,Care,label,0,2.839704968512384,2.839704871056037,0.9974890220645215,5,False,False,,True,,,label,0,,,3890a213cc933cad,
allenai/OLMo-2-0325-32B-Instruct,b96024342a77a69aa0dda815c3454a671f477463,v2,10,Care,label,0,2.781471981745018,2.7814718605309077,0.9976773327033692,5,False,False,,True,,,label,0,,,0fd683ed20bb6ac5,
allenai/OLMo-2-0325-32B-Instruct,b96024342a77a69aa0dda815c3454a671f477463,v2,11,Care,label,0,3.2465908749990575,3.246590661207106,0.9981438821286317,5,False,False,,True,,,label,0,,,d4bb3aae295025d7,
allenai/OLMo-2-0325-32B-Instruct,b96024342a77a69aa0dda815c3454a671f477463,v2,12,Care,label,0,2.8202936776956102,2.8202934575446457,0.9982341660203067,5,False,False,,True,,,label,0,,,81561e7177a4e54a,
allenai/OLMo-2-0325-32B-Instruct,b96024342a77a69aa0dda815c3454a671f477463,v2,13,Care,label,0,2.491030408543863,2.491030265577887,0.9958125435552477,5,False,False,,True,,,label,0,,,8eb3a30665be02a2,
allenai/OLMo-2-0325-32B-Instruct,b96024342a77a69aa0dda815c3454a671f477463,v2,14,Care,label,0,2.904164156485026,2.904164025610052,0.9977000985280892,5,False,False,,True,,,label,0,,,b4aec18bf6f5051e,
allenai/OLMo-2-0325-32B-Instruct,b96024342a77a69aa0dda815c3454a671f477463,v2,15,Care,label,0,2.3638401321878066,2.3638399869717963,0.996207819122463,5,False,False,,True,,,label,0,,,5c1b5e3e595ef0ee,
allenai/OLMo-2-0325-32B-Instruct,b96024342a77a69aa0dda815c3454a671f477463,v2,16,Care,label,0,2.865637630210013,2.8656374300690484,0.9977187091640586,5,False,False,,True,,,label,0,,,95504516f123c9d8,
allenai/OLMo-2-0325-32B-Instruct,b96024342a77a69aa0dda815c3454a671f477463,v2,17,Fairness,label,0,3.1606331925244606,3.16063273897498,0.9981869212167072,5,False,False,,True,,,label,0,,,b19fbec958482d1f,
allenai/OLMo-2-0325-32B-Instruct,b96024342a77a69aa0dda815c3454a671f477463,v2,18,Fairness,label,0,3.029020989465465,3.0290208657202196,0.9979000622726732,5,False,False,,True,,,label,0,,,99666992e14d40fa,
allenai/OLMo-2-0325-32B-Instruct,b96024342a77a69aa0dda815c3454a671f477463,v2,19,Fairness,label,0,2.8474390237705953,2.8474388437340608,0.9963991351358289,5,False,False,,True,,,label,0,,,9cc6a157d328ced8,
allenai/OLMo-2-0325-32B-Instruct,b96024342a77a69aa0dda815c3454a671f477463,v2,20,Fairness,label,0,2.8928123756370527,2.8928122732389627,0.998175134817909,5,False,False,,True,,,label,0,,,96cb505613052a5c,
allenai/OLMo-2-0325-32B-Instruct,b96024342a77a69aa0dda815c3454a671f477463,v2,21,Fairness,label,0,2.98865771722301,2.9886576014833213,0.9973729909653655,5,False,False,,True,,,label,0,,,621e63aba89a1914,
allenai/OLMo-2-0325-32B-Instruct,b96024342a77a69aa0dda815c3454a671f477463,v2,22,Fairness,label,0,3.5895892332697907,3.589588724237957,0.9974600986286275,5,False,False,,True,,,label,0,,,0e1f8c298420863d,
allenai/OLMo-2-0325-32B-Instruct,b96024342a77a69aa0dda815c3454a671f477463,v2,23,Fairness,label,0,3.1778855975931424,3.177885364153573,0.9975918203006875,5,False,False,,True,,,label,0,,,c1b1c6838ee9d401,
allenai/OLMo-2-0325-32B-Instruct,b96024342a77a69aa0dda815c3454a671f477463,v2,24,Fairness,label,0,2.609494773754729,2.60949455325339,0.9969694092495496,5,False,False,,True,,,label,0,,,74ef17329d02a486,
allenai/OLMo-2-0325-32B-Instruct,b96024342a77a69aa0dda815c3454a671f477463,v2,25,Fairness,label,0,3.2262529636206816,3.226252700307844,0.9981283208662675,5,False,False,,True,,,label,0,,,c13161b55a415ec2,
allenai/OLMo-2-0325-32B-Instruct,b96024342a77a69aa0dda815c3454a671f477463,v2,26,Fairness,label,0,3.0188582137861335,3.0188580974150394,0.9983787766665415,5,False,False,,True,,,label,0,,,8a15988e0b58ddc5,
allenai/OLMo-2-0325-32B-Instruct,b96024342a77a69aa0dda815c3454a671f477463,v2,27,Fairness,label,0,3.0055418242772975,3.0055417531159865,0.9979282204142559,5,False,False,,True,,,label,0,,,a86239a9bdd56844,
allenai/OLMo-2-0325-32B-Instruct,b96024342a77a69aa0dda815c3454a671f477463,v2,28,Fairness,label,0,3.0490368208974648,3.0490367799177744,0.9985646606514806,5,False,False,,True,,,label,0,,,be944925959f6221,
allenai/OLMo-2-0325-32B-Instruct,b96024342a77a69aa0dda815c3454a671f477463,v2,29,Fairness,label,0,2.4427708905894048,2.4427707354225805,0.9958101348155917,5,False,False,,True,,,label,0,,,2fadc17b158a203f,
allenai/OLMo-2-0325-32B-Instruct,b96024342a77a69aa0dda815c3454a671f477463,v2,30,Fairness,label,0,2.871883078044018,2.8718829167250366,0.9975400817690778,5,False,False,,True,,,label,0,,,08fd3c392e299c69,
allenai/OLMo-2-0325-32B-Instruct,b96024342a77a69aa0dda815c3454a671f477463,v2,31,Fairness,label,0,3.1733037336828103,3.1733033364603194,0.9976878359245781,5,False,False,,True,,,label,0,,,47696ad153dde837,
allenai/OLMo-2-0325-32B-Instruct,b96024342a77a69aa0dda815c3454a671f477463,v2,32,Fairness,label,0,2.6439266147852982,2.6439265378332473,0.9978779612065691,5,False,False,,True,,,label,0,,,fcd7c1e96dca4c53,
allenai/OLMo-2-0325-32B-Instruct,b96024342a77a69aa0dda815c3454a671f477463,v2,33,Fairness,label,0,2.662681217689191,2.66268098244092,0.9969710010047875,5,False,False,,True,,,label,0,,,7e055d5775975ca3,
allenai/OLMo-2-0325-32B-Instruct,b96024342a77a69aa0dda815c3454a671f477463,v2,34,Loyalty,label,0,2.5100887839617134,2.510088610197947,0.99756153936966,5,False,False,,True,,,label,0,,,1cb54beea7c9d7eb,
allenai/OLMo-2-0325-32B-Instruct,b96024342a77a69aa0dda815c3454a671f477463,v2,35,Loyalty,label,0,2.2174787328300667,2.2174785900560265,0.9947629509968557,5,False,False,,True,,,label,0,,,c37c206b1f9c3b17,
allenai/OLMo-2-0325-32B-Instruct,b96024342a77a69aa0dda815c3454a671f477463,v2,36,Loyalty,label,0,2.4429547525569713,2.4429546807945175,0.9967109576366491,5,False,False,,True,,,label,0,,,2d1c36217704eea4,
allenai/OLMo-2-0325-32B-Instruct,b96024342a77a69aa0dda815c3454a671f477463,v2,37,Loyalty,label,0,2.314662594545317,2.3146624813440755,0.9964708619517836,5,False,False,,True,,,label,0,,,55491761a9a6f659,
allenai/OLMo-2-0325-32B-Instruct,b96024342a77a69aa0dda815c3454a671f477463,v2,38,Loyalty,label,0,2.496022743711145,2.4960226143984303,0.9975670876724575,5,False,False,,True,,,label,0,,,301fc5a4f13664de,
allenai/OLMo-2-0325-32B-Instruct,b96024342a77a69aa0dda815c3454a671f477463,v2,39,Loyalty,label,0,2.518229121286082,2.5182289360670658,0.9969945052930483,5,False,False,,True,,,label,0,,,aea91e855a6d2f94,
allenai/OLMo-2-0325-32B-Instruct,b96024342a77a69aa0dda815c3454a671f477463,v2,40,Loyalty,label,0,2.4566845755783397,2.4566844884077073,0.9978775993580228,5,False,False,,True,,,label,0,,,c0bb4fb0a3d2bdff,
allenai/OLMo-2-0325-32B-Instruct,b96024342a77a69aa0dda815c3454a671f477463,v2,41,Loyalty,label,0,2.44457052911362,2.4445702324402356,0.995514996976554,5,False,False,,True,,,label,0,,,e18f363c6dc19447,
allenai/OLMo-2-0325-32B-Instruct,b96024342a77a69aa0dda815c3454a671f477463,v2,42,Loyalty,label,0,2.2339220314603105,2.2339218445429943,0.9956096719988375,5,False,False,,True,,,label,0,,,535c940f6729bc0a,
allenai/OLMo-2-0325-32B-Instruct,b96024342a77a69aa0dda815c3454a671f477463,v2,43,Loyalty,label,0,2.9324510042967646,2.932450828066042,0.9970566959754931,5,False,False,,True,,,label,0,,,8465e50533f5353e,
allenai/OLMo-2-0325-32B-Instruct,b96024342a77a69aa0dda815c3454a671f477463,v2,44,Loyalty,label,0,2.0623001029409154,2.0622999402740225,0.9940998497408338,5,False,False,,True,,,label,0,,,0da20221b66b19ff,
allenai/OLMo-2-0325-32B-Instruct,b96024342a77a69aa0dda815c3454a671f477463,v2,45,Loyalty,label,0,2.5423211792251044,2.542321029790654,0.9970111072550227,5,False,False,,True,,,label,0,,,0c515d1a102e20cb,
allenai/OLMo-2-0325-32B-Instruct,b96024342a77a69aa0dda815c3454a671f477463,v2,46,Loyalty,label,0,2.335325262965457,2.3353249469943314,0.9922421976962018,5,False,False,,True,,,label,0,,,96bf5653ce516d7f,
allenai/OLMo-2-0325-32B-Instruct,b96024342a77a69aa0dda815c3454a671f477463,v2,47,Loyalty,label,0,2.426595843943163,2.4265957646034244,0.9969779140631109,5,False,False,,True,,,label,0,,,1ee28b16639683de,
allenai/OLMo-2-0325-32B-Instruct,b96024342a77a69aa0dda815c3454a671f477463,v2,48,Loyalty,label,0,2.6042309047029524,2.604230661791248,0.9932370722088156,5,False,False,,True,,,label,0,,,605837de353da898,
allenai/OLMo-2-0325-32B-Instruct,b96024342a77a69aa0dda815c3454a671f477463,v2,49,Loyalty,label,0,2.3680894288614804,2.368089387109448,0.9969208903326358,5,False,False,,True,,,label,0,,,9466a84901f260ba,
allenai/OLMo-2-0325-32B-Instruct,b96024342a77a69aa0dda815c3454a671f477463,v2,50,Authority,label,0,2.6401887333255094,2.6401885160275933,0.9965998517207171,5,False,False,,True,,,label,0,,,8931d2dfd54d71b5,
allenai/OLMo-2-0325-32B-Instruct,b96024342a77a69aa0dda815c3454a671f477463,v2,51,Authority,label,0,2.3781639973380853,2.3781638255591804,0.9950858070442805,5,False,False,,True,,,label,0,,,ddf10c352b196231,
allenai/OLMo-2-0325-32B-Instruct,b96024342a77a69aa0dda815c3454a671f477463,v2,52,Authority,label,0,2.710305408425786,2.7103051954700037,0.9975148521655864,5,False,False,,True,,,label,0,,,08ff18a2e3cf2f57,
allenai/OLMo-2-0325-32B-Instruct,b96024342a77a69aa0dda815c3454a671f477463,v2,53,Authority,label,0,2.733854929759722,2.73385471719033,0.9965804315884921,5,False,False,,True,,,label,0,,,ca23b5ae5c0bf8e3,
allenai/OLMo-2-0325-32B-Instruct,b96024342a77a69aa0dda815c3454a671f477463,v2,54,Authority,label,0,2.569148829731602,2.569148662827488,0.9965821816174342,5,False,False,,True,,,label,0,,,dfca96a580d5ab0b,
allenai/OLMo-2-0325-32B-Instruct,b96024342a77a69aa0dda815c3454a671f477463,v2,55,Authority,label,0,2.3883197570567765,2.3883195223317815,0.9960839971449919,5,False,False,,True,,,label,0,,,a9d96d4efd0277b2,
allenai/OLMo-2-0325-32B-Instruct,b96024342a77a69aa0dda815c3454a671f477463,v2,56,Authority,label,0,2.9866590984243806,2.9866590353161855,0.9979075932540005,5,False,False,,True,,,label,0,,,affb8f91b7544f31,
allenai/OLMo-2-0325-32B-Instruct,b96024342a77a69aa0dda815c3454a671f477463,v2,57,Authority,label,0,2.7937972737727033,2.793797046558288,0.9969495472019289,5,False,False,,True,,,label,0,,,305e06e6816e6e11,
allenai/OLMo-2-0325-32B-Instruct,b96024342a77a69aa0dda815c3454a671f477463,v2,58,Authority,label,0,2.9794303023527506,2.9794300869692663,0.9963538572343239,5,False,False,,True,,,label,0,,,410cf0deb35bb23e,
allenai/OLMo-2-0325-32B-Instruct,b96024342a77a69aa0dda815c3454a671f477463,v2,59,Authority,label,0,2.893385496595093,2.8933853223004107,0.9978179989184303,5,False,False,,True,,,label,0,,,2e3352ca2ae9408f,
allenai/OLMo-2-0325-32B-Instruct,b96024342a77a69aa0dda815c3454a671f477463,v2,60,Authority,label,0,2.6732399093000696,2.6732397861456185,0.9970098632010084,5,False,False,,True,,,label,0,,,7454dfbaeb240a26,
allenai/OLMo-2-0325-32B-Instruct,b96024342a77a69aa0dda815c3454a671f477463,v2,61,Authority,label,0,2.7999168475681753,2.7999167053717047,0.9967231096038762,5,False,False,,True,,,label,0,,,9d7c0d2df4035e1f,
allenai/OLMo-2-0325-32B-Instruct,b96024342a77a69aa0dda815c3454a671f477463,v2,62,Authority,label,0,2.6835797466369544,2.6835795813968217,0.9963089477796608,5,False,False,,True,,,label,0,,,08a80f0d30942bef,
allenai/OLMo-2-0325-32B-Instruct,b96024342a77a69aa0dda815c3454a671f477463,v2,63,Authority,label,0,2.9253571230925317,2.9253570176849557,0.9986263625064613,5,False,False,,True,,,label,0,,,109d8e18fd7113cf,
allenai/OLMo-2-0325-32B-Instruct,b96024342a77a69aa0dda815c3454a671f477463,v2,64,Authority,label,0,2.65952275123953,2.6595225598209433,0.996811128804056,5,False,False,,True,,,label,0,,,ff57f68bbd68e8b9,
allenai/OLMo-2-0325-32B-Instruct,b96024342a77a69aa0dda815c3454a671f477463,v2,65,Authority,label,0,2.495558141682542,2.4955580983598815,0.9969958151550996,5,False,False,,True,,,label,0,,,e7d7944dfba502b6,
allenai/OLMo-2-0325-32B-Instruct,b96024342a77a69aa0dda815c3454a671f477463,v2,66,Authority,label,0,2.634900543933503,2.6349004115388803,0.9978774317608783,5,False,False,,True,,,label,0,,,5a24585d4009afe4,
allenai/OLMo-2-0325-32B-Instruct,b96024342a77a69aa0dda815c3454a671f477463,v2,67,Sanctity,label,0,2.7543386382963537,2.7543385153463733,0.9944205751905237,5,False,False,,True,,,label,0,,,dfcca8f8f521f60f,
allenai/OLMo-2-0325-32B-Instruct,b96024342a77a69aa0dda815c3454a671f477463,v2,68,Sanctity,label,0,2.7291805050584297,2.729180340172915,0.9954497028369172,5,False,False,,True,,,label,0,,,98b30c254db71570,
allenai/OLMo-2-0325-32B-Instruct,b96024342a77a69aa0dda815c3454a671f477463,v2,69,Sanctity,label,0,2.6673096162425898,2.6673094024536437,0.9963690556751055,5,False,False,,True,,,label,0,,,6b74c673fa86da1b,
allenai/OLMo-2-0325-32B-Instruct,b96024342a77a69aa0dda815c3454a671f477463,v2,70,Sanctity,label,0,3.1047744813054066,3.104774295692217,0.9957756438676896,5,False,False,,True,,,label,0,,,f058f4717dce20b1,
allenai/OLMo-2-0325-32B-Instruct,b96024342a77a69aa0dda815c3454a671f477463,v2,71,Sanctity,label,0,3.067518467168425,3.0675183429012876,0.9970959079002066,5,False,False,,True,,,label,0,,,411cfffc6f3acf3c,
allenai/OLMo-2-0325-32B-Instruct,b96024342a77a69aa0dda815c3454a671f477463,v2,72,Sanctity,label,0,3.458801243849298,3.4588008303673927,0.9967853156278995,5,False,False,,True,,,label,0,,,6092ad959e4541d7,
allenai/OLMo-2-0325-32B-Instruct,b96024342a77a69aa0dda815c3454a671f477463,v2,73,Sanctity,label,0,3.099770591786326,3.0997704140215663,0.9978538326516732,5,False,False,,True,,,label,0,,,5bd998c887f9ab76,
allenai/OLMo-2-0325-32B-Instruct,b96024342a77a69aa0dda815c3454a671f477463,v2,74,Sanctity,label,0,3.0403025137313753,3.0403023475961932,0.992302784000466,5,False,False,,True,,,label,0,,,16c079ef57b3bfe0,
allenai/OLMo-2-0325-32B-Instruct,b96024342a77a69aa0dda815c3454a671f477463,v2,75,Sanctity,label,0,1.62529100258884,1.625290197006556,0.9534700214571434,5,False,False,,True,,,label,0,,,cb7b27e58e31e9e6,
allenai/OLMo-2-0325-32B-Instruct,b96024342a77a69aa0dda815c3454a671f477463,v2,76,Sanctity,label,0,3.3196375446965205,3.3196372281616426,0.9969096142774744,5,False,False,,True,,,label,0,,,1e6900340d71af11,
allenai/OLMo-2-0325-32B-Instruct,b96024342a77a69aa0dda815c3454a671f477463,v2,77,Sanctity,label,0,2.4835906027376433,2.483590515903668,0.9928003757807213,5,False,False,,True,,,label,0,,,efe14cdff76d897d,
allenai/OLMo-2-0325-32B-Instruct,b96024342a77a69aa0dda815c3454a671f477463,v2,78,Sanctity,label,0,2.52767687733713,2.5276766869206098,0.994315613782474,5,False,False,,True,,,label,0,,,346d5fbeb5fb1586,
allenai/OLMo-2-0325-32B-Instruct,b96024342a77a69aa0dda815c3454a671f477463,v2,79,Sanctity,label,0,2.3161263018669667,2.3161259907913814,0.9937972610193072,5,False,False,,True,,,label,0,,,b088783a312aea48,
allenai/OLMo-2-0325-32B-Instruct,b96024342a77a69aa0dda815c3454a671f477463,v2,80,Sanctity,label,0,2.9083809914198255,2.9083808517647207,0.9971226349409698,5,False,False,,True,,,label,0,,,3f128f3c827d8324,
allenai/OLMo-2-0325-32B-Instruct,b96024342a77a69aa0dda815c3454a671f477463,v2,81,Sanctity,label,0,2.3803221577025124,2.380322000582474,0.9944110773381247,5,False,False,,True,,,label,0,,,9f839ba4ab8c7d69,
allenai/OLMo-2-0325-32B-Instruct,b96024342a77a69aa0dda815c3454a671f477463,v2,82,Sanctity,label,0,2.8030583692336144,2.8030582356844955,0.9960903864081456,5,False,False,,True,,,label,0,,,e77e1f30d61b4d75,
allenai/OLMo-2-0325-32B-Instruct,b96024342a77a69aa0dda815c3454a671f477463,v2,83,Sanctity,label,0,2.9311761433018595,2.931175997419442,0.9973695521056721,5,False,False,,True,,,label,0,,,22ea4aae60f364a4,
allenai/OLMo-2-0325-32B-Instruct,b96024342a77a69aa0dda815c3454a671f477463,v2,84,Liberty,label,0,2.6486393856947843,2.648639184937201,0.9969771940526062,5,False,False,,True,,,label,0,,,d865dde1c9bf280b,
allenai/OLMo-2-0325-32B-Instruct,b96024342a77a69aa0dda815c3454a671f477463,v2,85,Liberty,label,0,2.3411637355462513,2.3411635609887984,0.9957030633693833,5,False,False,,True,,,label,0,,,76362cdaa17dd8d1,
allenai/OLMo-2-0325-32B-Instruct,b96024342a77a69aa0dda815c3454a671f477463,v2,86,Liberty,label,0,3.3325028892497417,3.3325027118380315,0.9972876883826779,5,False,False,,True,,,label,0,,,2e16e93fb64a4aac,
allenai/OLMo-2-0325-32B-Instruct,b96024342a77a69aa0dda815c3454a671f477463,v2,87,Liberty,label,0,3.002940181946853,3.002940061792852,0.9978963227448469,5,False,False,,True,,,label,0,,,56c69a432bf71c4f,
allenai/OLMo-2-0325-32B-Instruct,b96024342a77a69aa0dda815c3454a671f477463,v2,88,Liberty,label,0,2.8992524377266133,2.8992522039980355,0.9963073936058309,5,False,False,,True,,,label,0,,,a78465769d12516d,
allenai/OLMo-2-0325-32B-Instruct,b96024342a77a69aa0dda815c3454a671f477463,v2,89,Liberty,label,0,2.776872232657285,2.776872068796438,0.9980393908982872,5,False,False,,True,,,label,0,,,6074fe8daf2abf72,
allenai/OLMo-2-0325-32B-Instruct,b96024342a77a69aa0dda815c3454a671f477463,v2,90,Liberty,label,0,3.3491212727718453,3.349120822430046,0.9973844132714978,5,False,False,,True,,,label,0,,,87a23058f759caff,
allenai/OLMo-2-0325-32B-Instruct,b96024342a77a69aa0dda815c3454a671f477463,v2,91,Liberty,label,0,3.3585374303288713,3.3585371577488967,0.9978574347882971,5,False,False,,True,,,label,0,,,6f1c3c5a3952852d,
allenai/OLMo-2-0325-32B-Instruct,b96024342a77a69aa0dda815c3454a671f477463,v2,92,Liberty,label,0,2.9944650836941054,2.994464944152273,0.9977525654020177,5,False,False,,True,,,label,0,,,0ee25cb9d8ac4307,
allenai/OLMo-2-0325-32B-Instruct,b96024342a77a69aa0dda815c3454a671f477463,v2,93,Liberty,label,0,2.4558720363599957,2.4558718214763013,0.9952923102112355,5,False,False,,True,,,label,0,,,851f6979159d374e,
allenai/OLMo-2-0325-32B-Instruct,b96024342a77a69aa0dda815c3454a671f477463,v2,94,Liberty,label,0,2.3538722817167153,2.3538717881310287,0.9892923677772809,5,False,False,,True,,,label,0,,,73c98ba465b680cd,
allenai/OLMo-2-0325-32B-Instruct,b96024342a77a69aa0dda815c3454a671f477463,v2,95,Liberty,label,0,2.685193787755679,2.6851936918322665,0.9968178446132512,5,False,False,,True,,,label,0,,,974ed2df96207fb5,
allenai/OLMo-2-0325-32B-Instruct,b96024342a77a69aa0dda815c3454a671f477463,v2,96,Liberty,label,0,2.314547073979598,2.314546867648649,0.9948665749212493,5,False,False,,True,,,label,0,,,8ddc14fc272efd0e,
allenai/OLMo-2-0325-32B-Instruct,b96024342a77a69aa0dda815c3454a671f477463,v2,97,Liberty,label,0,2.484720085825016,2.4847198832650124,0.9966421862556611,5,False,False,,True,,,label,0,,,0cf209e76edd1937,
allenai/OLMo-2-0325-32B-Instruct,b96024342a77a69aa0dda815c3454a671f477463,v2,98,Liberty,label,0,3.1066481425278996,3.106647919676024,0.9986244092953566,5,False,False,,True,,,label,0,,,05e6726ffbdc619d,
allenai/OLMo-2-0325-32B-Instruct,b96024342a77a69aa0dda815c3454a671f477463,v2,99,Liberty,label,0,2.750459067106765,2.750458789572779,0.9958411544503609,5,False,False,,True,,,label,0,,,b048d298592a7caa,
allenai/OLMo-2-0325-32B-Instruct,b96024342a77a69aa0dda815c3454a671f477463,v2,100,Liberty,label,0,2.628948065335721,2.6289479211438187,0.9965676157887989,5,False,False,,True,,,label,0,,,d6ea4fef0f7eaab6,
allenai/OLMo-2-0325-32B-Instruct,b96024342a77a69aa0dda815c3454a671f477463,v2,101,Social Norms,label,0,1.6831125538074605,1.6831118772671225,0.993175820620463,5,False,False,,True,,,label,0,,,c0f2556d47cad904,
allenai/OLMo-2-0325-32B-Instruct,b96024342a77a69aa0dda815c3454a671f477463,v2,102,Social Norms,label,0,1.0627282874516397,1.0627279118692399,0.9917658373450552,5,False,False,,True,,,label,0,,,6e129a06829b4f9d,
allenai/OLMo-2-0325-32B-Instruct,b96024342a77a69aa0dda815c3454a671f477463,v2,103,Social Norms,label,0,1.7866217755918765,1.7866212054626882,0.9920387750423807,5,False,False,,True,,,label,0,,,8eaad61bb135b001,
allenai/OLMo-2-0325-32B-Instruct,b96024342a77a69aa0dda815c3454a671f477463,v2,104,Social Norms,label,0,1.4645692349467476,1.4645688859021968,0.9903198616815085,5,False,False,,True,,,label,0,,,b89312c7146a9ed6,
allenai/OLMo-2-0325-32B-Instruct,b96024342a77a69aa0dda815c3454a671f477463,v2,105,Social Norms,label,0,1.4457010386690416,1.4457006887262784,0.9899408847112172,5,False,False,,True,,,label,0,,,2927c078f4f30936,
allenai/OLMo-2-0325-32B-Instruct,b96024342a77a69aa0dda815c3454a671f477463,v2,106,Social Norms,label,0,2.3274433782907282,2.3274431294248505,0.9947347083993301,5,False,False,,True,,,label,0,,,d63d62b17720e85b,
allenai/OLMo-2-0325-32B-Instruct,b96024342a77a69aa0dda815c3454a671f477463,v2,107,Social Norms,label,0,1.208302683187954,1.2083020035652738,0.9914133153632371,5,False,False,,True,,,label,0,,,6e4500973d74ee66,
allenai/OLMo-2-0325-32B-Instruct,b96024342a77a69aa0dda815c3454a671f477463,v2,108,Social Norms,label,0,0.9322307222940103,0.9322299179508774,0.9925761942060491,5,False,False,,True,,,label,0,,,e2ff54c3d856340a,
allenai/OLMo-2-0325-32B-Instruct,b96024342a77a69aa0dda815c3454a671f477463,v2,109,Social Norms,label,0,1.6968826832403137,1.6968822701021775,0.9929848296887814,5,False,False,,True,,,label,0,,,52f27b214be7e471,
allenai/OLMo-2-0325-32B-Instruct,b96024342a77a69aa0dda815c3454a671f477463,v2,110,Social Norms,label,0,1.435329407721878,1.4353288065690069,0.9918627055392135,5,False,False,,True,,,label,0,,,ce679717135d3cee,
allenai/OLMo-2-0325-32B-Instruct,b96024342a77a69aa0dda815c3454a671f477463,v2,111,Social Norms,label,0,1.9181786782688428,1.91817816812157,0.9918404797249095,5,False,False,,True,,,label,0,,,aeefc1c069a9d149,
allenai/OLMo-2-0325-32B-Instruct,b96024342a77a69aa0dda815c3454a671f477463,v2,112,Social Norms,label,0,1.7799113910218536,1.7799105135979414,0.9884601343934456,5,False,False,,True,,,label,0,,,4b8eda0c72bc342f,
allenai/OLMo-2-0325-32B-Instruct,b96024342a77a69aa0dda815c3454a671f477463,v2,113,Social Norms,label,0,0.7811784512728674,0.7811780906392559,0.9926473383224763,5,False,False,,True,,,label,0,,,fa13c45d51f2e335,
allenai/OLMo-2-0325-32B-Instruct,b96024342a77a69aa0dda815c3454a671f477463,v2,114,Social Norms,label,0,2.319800457097023,2.3198002099842268,0.9957786919994961,5,False,False,,True,,,label,0,,,0561eb22ac810c75,
allenai/OLMo-2-0325-32B-Instruct,b96024342a77a69aa0dda815c3454a671f477463,v2,115,Social Norms,label,0,1.8197114609796399,1.8197108855060915,0.9899069604673729,5,False,False,,True,,,label,0,,,4476852fd278dc07,
allenai/OLMo-2-0325-32B-Instruct,b96024342a77a69aa0dda815c3454a671f477463,v2,116,Social Norms,label,0,1.2962394556488621,1.296239144542796,0.9932590361656063,5,False,False,,True,,,label,0,,,e2183951e9981956,
allenai/OLMo-2-0325-32B-Instruct,b96024342a77a69aa0dda815c3454a671f477463,v2,1,Care,string_line,0,3.010605800980354,2.4857046425392353,0.9852458954355977,5,False,False,,True,,,line,0,,,44642b1e52ff3e79,
allenai/OLMo-2-0325-32B-Instruct,b96024342a77a69aa0dda815c3454a671f477463,v2,2,Care,string_line,0,2.535167620631456,2.1323096435148283,0.9877843382486048,5,False,False,,True,,,line,0,,,1913a7d03af1ff88,
allenai/OLMo-2-0325-32B-Instruct,b96024342a77a69aa0dda815c3454a671f477463,v2,3,Care,string_line,0,3.0651581320244605,2.516553494435544,0.9883268499453692,5,False,False,,True,,,line,0,,,a2d3b6daf453e8b6,
allenai/OLMo-2-0325-32B-Instruct,b96024342a77a69aa0dda815c3454a671f477463,v2,4,Care,string_line,0,2.4547099562108037,1.993810632009939,0.987334000158635,5,False,False,,True,,,line,0,,,5e96c369f81eb79f,
allenai/OLMo-2-0325-32B-Instruct,b96024342a77a69aa0dda815c3454a671f477463,v2,5,Care,string_line,0,2.2889207569483,1.9380428990803567,0.9895044418720486,5,False,False,,True,,,line,0,,,40bade8087ef10f8,
allenai/OLMo-2-0325-32B-Instruct,b96024342a77a69aa0dda815c3454a671f477463,v2,6,Care,string_line,0,2.1119132901058353,1.8642515327887708,0.9890902764390124,5,False,False,,True,,,line,0,,,8c67f566fd720c90,
allenai/OLMo-2-0325-32B-Instruct,b96024342a77a69aa0dda815c3454a671f477463,v2,7,Care,string_line,0,3.1897493365781773,2.632100571186262,0.9846701441179962,5,False,False,,True,,,line,0,,,1fe426dc82b973a8,
allenai/OLMo-2-0325-32B-Instruct,b96024342a77a69aa0dda815c3454a671f477463,v2,8,Care,string_line,0,2.985283061813111,2.47693354988401,0.9874325457041324,5,False,False,,True,,,line,0,,,706f3972748399bc,
allenai/OLMo-2-0325-32B-Instruct,b96024342a77a69aa0dda815c3454a671f477463,v2,9,Care,string_line,0,2.838605461325097,2.3295353353414243,0.9879651976932152,5,False,False,,True,,,line,0,,,3890a213cc933cad,
allenai/OLMo-2-0325-32B-Instruct,b96024342a77a69aa0dda815c3454a671f477463,v2,10,Care,string_line,0,2.7800075647776934,2.2933070853883923,0.9869315336881477,5,False,False,,True,,,line,0,,,0fd683ed20bb6ac5,
allenai/OLMo-2-0325-32B-Instruct,b96024342a77a69aa0dda815c3454a671f477463,v2,11,Care,string_line,0,3.2473018727027227,2.719647362800254,0.9898441459915868,5,False,False,,True,,,line,0,,,d4bb3aae295025d7,
allenai/OLMo-2-0325-32B-Instruct,b96024342a77a69aa0dda815c3454a671f477463,v2,12,Care,string_line,0,2.818687765586174,2.3199882202832347,0.9849109372993751,5,False,False,,True,,,line,0,,,81561e7177a4e54a,
allenai/OLMo-2-0325-32B-Instruct,b96024342a77a69aa0dda815c3454a671f477463,v2,13,Care,string_line,0,2.488826664256278,2.0745651770915514,0.98694428613469,5,False,False,,True,,,line,0,,,8eb3a30665be02a2,
allenai/OLMo-2-0325-32B-Instruct,b96024342a77a69aa0dda815c3454a671f477463,v2,14,Care,string_line,0,2.903459613915894,2.4002196714583937,0.9867137777090286,5,False,False,,True,,,line,0,,,b4aec18bf6f5051e,
allenai/OLMo-2-0325-32B-Instruct,b96024342a77a69aa0dda815c3454a671f477463,v2,15,Care,string_line,0,2.362045006410445,2.0119571521416066,0.9895905190721174,5,False,False,,True,,,line,0,,,5c1b5e3e595ef0ee,
allenai/OLMo-2-0325-32B-Instruct,b96024342a77a69aa0dda815c3454a671f477463,v2,16,Care,string_line,0,2.864319205050515,2.3724707078236302,0.9844375994160359,5,False,False,,True,,,line,0,,,95504516f123c9d8,
allenai/OLMo-2-0325-32B-Instruct,b96024342a77a69aa0dda815c3454a671f477463,v2,17,Fairness,string_line,0,3.1614661864371354,2.6035384523020753,0.983101271393731,5,False,False,,True,,,line,0,,,b19fbec958482d1f,
allenai/OLMo-2-0325-32B-Instruct,b96024342a77a69aa0dda815c3454a671f477463,v2,18,Fairness,string_line,0,3.0290079966179677,2.5171555277884363,0.9906717612630769,5,False,False,,True,,,line,0,,,99666992e14d40fa,
allenai/OLMo-2-0325-32B-Instruct,b96024342a77a69aa0dda815c3454a671f477463,v2,19,Fairness,string_line,0,2.8467353022838355,2.326770423898071,0.9888768347991578,5,False,False,,True,,,line,0,,,9cc6a157d328ced8,
allenai/OLMo-2-0325-32B-Instruct,b96024342a77a69aa0dda815c3454a671f477463,v2,20,Fairness,string_line,0,2.8919413021884655,2.380851601329017,0.9871171867879243,5,False,False,,True,,,line,0,,,96cb505613052a5c,
allenai/OLMo-2-0325-32B-Instruct,b96024342a77a69aa0dda815c3454a671f477463,v2,21,Fairness,string_line,0,2.988513641662244,2.4712559603474786,0.9873540960532675,5,False,False,,True,,,line,0,,,621e63aba89a1914,
allenai/OLMo-2-0325-32B-Instruct,b96024342a77a69aa0dda815c3454a671f477463,v2,22,Fairness,string_line,0,3.5914368170650035,2.8204097733261073,0.9877147920512287,5,False,False,,True,,,line,0,,,0e1f8c298420863d,
allenai/OLMo-2-0325-32B-Instruct,b96024342a77a69aa0dda815c3454a671f477463,v2,23,Fairness,string_line,0,3.178716866238333,2.643974992265918,0.9862474188389001,5,False,False,,True,,,line,0,,,c1b1c6838ee9d401,
allenai/OLMo-2-0325-32B-Instruct,b96024342a77a69aa0dda815c3454a671f477463,v2,24,Fairness,string_line,0,2.607849916322092,2.186347315974173,0.9892421229237442,5,False,False,,True,,,line,0,,,74ef17329d02a486,
allenai/OLMo-2-0325-32B-Instruct,b96024342a77a69aa0dda815c3454a671f477463,v2,25,Fairness,string_line,0,3.2272115346799772,2.6461534784927165,0.9875495748918925,5,False,False,,True,,,line,0,,,c13161b55a415ec2,
allenai/OLMo-2-0325-32B-Instruct,b96024342a77a69aa0dda815c3454a671f477463,v2,26,Fairness,string_line,0,3.0187390084734456,2.5326503195995516,0.9874594211334815,5,False,False,,True,,,line,0,,,8a15988e0b58ddc5,
allenai/OLMo-2-0325-32B-Instruct,b96024342a77a69aa0dda815c3454a671f477463,v2,27,Fairness,string_line,0,3.005299606920239,2.503416741420162,0.985468599537713,5,False,False,,True,,,line,0,,,a86239a9bdd56844,
allenai/OLMo-2-0325-32B-Instruct,b96024342a77a69aa0dda815c3454a671f477463,v2,28,Fairness,string_line,0,3.049095759466781,2.535587521555831,0.9903626187411012,5,False,False,,True,,,line,0,,,be944925959f6221,
allenai/OLMo-2-0325-32B-Instruct,b96024342a77a69aa0dda815c3454a671f477463,v2,29,Fairness,string_line,0,2.441388462263748,2.071217133755776,0.990294242927572,5,False,False,,True,,,line,0,,,2fadc17b158a203f,
allenai/OLMo-2-0325-32B-Instruct,b96024342a77a69aa0dda815c3454a671f477463,v2,30,Fairness,string_line,0,2.8709387605450747,2.3764911563441307,0.9871364282715214,5,False,False,,True,,,line,0,,,08fd3c392e299c69,
allenai/OLMo-2-0325-32B-Instruct,b96024342a77a69aa0dda815c3454a671f477463,v2,31,Fairness,string_line,0,3.1739334398575694,2.6685938910540927,0.9861920645259064,5,False,False,,True,,,line,0,,,47696ad153dde837,
allenai/OLMo-2-0325-32B-Instruct,b96024342a77a69aa0dda815c3454a671f477463,v2,32,Fairness,string_line,0,2.6427958813790573,2.2152142454871773,0.9921070165943798,5,False,False,,True,,,line,0,,,fcd7c1e96dca4c53,
allenai/OLMo-2-0325-32B-Instruct,b96024342a77a69aa0dda815c3454a671f477463,v2,33,Fairness,string_line,0,2.6603138530360577,2.2316949833148065,0.9840112321624734,5,False,False,,True,,,line,0,,,7e055d5775975ca3,
allenai/OLMo-2-0325-32B-Instruct,b96024342a77a69aa0dda815c3454a671f477463,v2,34,Loyalty,string_line,0,2.5086696963727175,2.126367172782597,0.9914474929357783,5,False,False,,True,,,line,0,,,1cb54beea7c9d7eb,
allenai/OLMo-2-0325-32B-Instruct,b96024342a77a69aa0dda815c3454a671f477463,v2,35,Loyalty,string_line,0,2.215254932032607,1.9275049864603757,0.9880540415040853,5,False,False,,True,,,line,0,,,c37c206b1f9c3b17,
allenai/OLMo-2-0325-32B-Instruct,b96024342a77a69aa0dda815c3454a671f477463,v2,36,Loyalty,string_line,0,2.4410698013181116,2.0168052196785378,0.9901981918368273,5,False,False,,True,,,line,0,,,2d1c36217704eea4,
allenai/OLMo-2-0325-32B-Instruct,b96024342a77a69aa0dda815c3454a671f477463,v2,37,Loyalty,string_line,0,2.3127099401219726,1.9495114174448562,0.9899859487339351,5,False,False,,True,,,line,0,,,55491761a9a6f659,
allenai/OLMo-2-0325-32B-Instruct,b96024342a77a69aa0dda815c3454a671f477463,v2,38,Loyalty,string_line,0,2.493950524136204,2.0754067654652353,0.9890424620185021,5,False,False,,True,,,line,0,,,301fc5a4f13664de,
allenai/OLMo-2-0325-32B-Instruct,b96024342a77a69aa0dda815c3454a671f477463,v2,39,Loyalty,string_line,0,2.516785284578536,2.094146289572112,0.9908616676573745,5,False,False,,True,,,line,0,,,aea91e855a6d2f94,
allenai/OLMo-2-0325-32B-Instruct,b96024342a77a69aa0dda815c3454a671f477463,v2,40,Loyalty,string_line,0,2.454169664824468,2.0454612090732205,0.9887896359597693,5,False,False,,True,,,line,0,,,c0bb4fb0a3d2bdff,
allenai/OLMo-2-0325-32B-Instruct,b96024342a77a69aa0dda815c3454a671f477463,v2,41,Loyalty,string_line,0,2.4431992617185387,2.0673027464120834,0.9898684353380035,5,False,False,,True,,,line,0,,,e18f363c6dc19447,
allenai/OLMo-2-0325-32B-Instruct,b96024342a77a69aa0dda815c3454a671f477463,v2,42,Loyalty,string_line,0,2.23177532623451,1.9019916549951594,0.9889889012900246,5,False,False,,True,,,line,0,,,535c940f6729bc0a,
allenai/OLMo-2-0325-32B-Instruct,b96024342a77a69aa0dda815c3454a671f477463,v2,43,Loyalty,string_line,0,2.9320164422414847,2.3721749614867584,0.9892503524978788,5,False,False,,True,,,line,0,,,8465e50533f5353e,
allenai/OLMo-2-0325-32B-Instruct,b96024342a77a69aa0dda815c3454a671f477463,v2,44,Loyalty,string_line,0,2.061093203348419,1.842128647784839,0.9890033192005954,5,False,False,,True,,,line,0,,,0da20221b66b19ff,
allenai/OLMo-2-0325-32B-Instruct,b96024342a77a69aa0dda815c3454a671f477463,v2,45,Loyalty,string_line,0,2.5404638005523714,2.0850900995683563,0.9887612837544604,5,False,False,,True,,,line,0,,,0c515d1a102e20cb,
allenai/OLMo-2-0325-32B-Instruct,b96024342a77a69aa0dda815c3454a671f477463,v2,46,Loyalty,string_line,0,2.3337578141594784,1.981570834464418,0.9859922512566942,5,False,False,,True,,,line,0,,,96bf5653ce516d7f,
allenai/OLMo-2-0325-32B-Instruct,b96024342a77a69aa0dda815c3454a671f477463,v2,47,Loyalty,string_line,0,2.425430273255426,2.0636907779501437,0.9911489335655396,5,False,False,,True,,,line,0,,,1ee28b16639683de,
allenai/OLMo-2-0325-32B-Instruct,b96024342a77a69aa0dda815c3454a671f477463,v2,48,Loyalty,string_line,0,2.6028811230280957,2.065785108015558,0.986637283045175,5,False,False,,True,,,line,0,,,605837de353da898,
allenai/OLMo-2-0325-32B-Instruct,b96024342a77a69aa0dda815c3454a671f477463,v2,49,Loyalty,string_line,0,2.366260201466045,1.9791522464462001,0.9905081884334412,5,False,False,,True,,,line,0,,,9466a84901f260ba,
allenai/OLMo-2-0325-32B-Instruct,b96024342a77a69aa0dda815c3454a671f477463,v2,50,Authority,string_line,0,2.638693680328626,2.20551110685217,0.9890869695681838,5,False,False,,True,,,line,0,,,8931d2dfd54d71b5,
allenai/OLMo-2-0325-32B-Instruct,b96024342a77a69aa0dda815c3454a671f477463,v2,51,Authority,string_line,0,2.3766330522152574,2.0296218820834255,0.9892133090708648,5,False,False,,True,,,line,0,,,ddf10c352b196231,
allenai/OLMo-2-0325-32B-Instruct,b96024342a77a69aa0dda815c3454a671f477463,v2,52,Authority,string_line,0,2.7089697578928,2.2240257006922097,0.9894228297365496,5,False,False,,True,,,line,0,,,08ff18a2e3cf2f57,
allenai/OLMo-2-0325-32B-Instruct,b96024342a77a69aa0dda815c3454a671f477463,v2,53,Authority,string_line,0,2.732443922197109,2.21206341488135,0.987585197897835,5,False,False,,True,,,line,0,,,ca23b5ae5c0bf8e3,
allenai/OLMo-2-0325-32B-Instruct,b96024342a77a69aa0dda815c3454a671f477463,v2,54,Authority,string_line,0,2.5679149043568597,2.197970578149962,0.9909244598172152,5,False,False,,True,,,line,0,,,dfca96a580d5ab0b,
allenai/OLMo-2-0325-32B-Instruct,b96024342a77a69aa0dda815c3454a671f477463,v2,55,Authority,string_line,0,2.386614856249499,2.047593069267693,0.9897407633930948,5,False,False,,True,,,line,0,,,a9d96d4efd0277b2,
allenai/OLMo-2-0325-32B-Instruct,b96024342a77a69aa0dda815c3454a671f477463,v2,56,Authority,string_line,0,2.986387896175688,2.4585947909540717,0.9901302220936118,5,False,False,,True,,,line,0,,,affb8f91b7544f31,
allenai/OLMo-2-0325-32B-Instruct,b96024342a77a69aa0dda815c3454a671f477463,v2,57,Authority,string_line,0,2.7926600104118795,2.3126162608459544,0.9882889042960026,5,False,False,,True,,,line,0,,,305e06e6816e6e11,
allenai/OLMo-2-0325-32B-Instruct,b96024342a77a69aa0dda815c3454a671f477463,v2,58,Authority,string_line,0,2.9788351490081326,2.42383685206929,0.9844853716399476,5,False,False,,True,,,line,0,,,410cf0deb35bb23e,
allenai/OLMo-2-0325-32B-Instruct,b96024342a77a69aa0dda815c3454a671f477463,v2,59,Authority,string_line,0,2.892852723796449,2.390714823665653,0.9911038291437818,5,False,False,,True,,,line,0,,,2e3352ca2ae9408f,
allenai/OLMo-2-0325-32B-Instruct,b96024342a77a69aa0dda815c3454a671f477463,v2,60,Authority,string_line,0,2.6721340237799023,2.2286963458582774,0.9901008151181886,5,False,False,,True,,,line,0,,,7454dfbaeb240a26,
allenai/OLMo-2-0325-32B-Instruct,b96024342a77a69aa0dda815c3454a671f477463,v2,61,Authority,string_line,0,2.7989936976649634,2.2670207694720212,0.9891304833594509,5,False,False,,True,,,line,0,,,9d7c0d2df4035e1f,
allenai/OLMo-2-0325-32B-Instruct,b96024342a77a69aa0dda815c3454a671f477463,v2,62,Authority,string_line,0,2.682766779664978,2.212200021313283,0.9909087628510436,5,False,False,,True,,,line,0,,,08a80f0d30942bef,
allenai/OLMo-2-0325-32B-Instruct,b96024342a77a69aa0dda815c3454a671f477463,v2,63,Authority,string_line,0,2.924597386580181,2.406678426713527,0.9869234293724272,5,False,False,,True,,,line,0,,,109d8e18fd7113cf,
allenai/OLMo-2-0325-32B-Instruct,b96024342a77a69aa0dda815c3454a671f477463,v2,64,Authority,string_line,0,2.6583585596097694,2.2218526823805433,0.9900708748425717,5,False,False,,True,,,line,0,,,ff57f68bbd68e8b9,
allenai/OLMo-2-0325-32B-Instruct,b96024342a77a69aa0dda815c3454a671f477463,v2,65,Authority,string_line,0,2.4932182874534408,2.0718187615149586,0.9890417462473253,5,False,False,,True,,,line,0,,,e7d7944dfba502b6,
allenai/OLMo-2-0325-32B-Instruct,b96024342a77a69aa0dda815c3454a671f477463,v2,66,Authority,string_line,0,2.632853305208676,2.166998190279634,0.9879498465673078,5,False,False,,True,,,line,0,,,5a24585d4009afe4,
allenai/OLMo-2-0325-32B-Instruct,b96024342a77a69aa0dda815c3454a671f477463,v2,67,Sanctity,string_line,0,2.752863706466566,2.162141899565497,0.9833475347276817,5,False,False,,True,,,line,0,,,dfcca8f8f521f60f,
allenai/OLMo-2-0325-32B-Instruct,b96024342a77a69aa0dda815c3454a671f477463,v2,68,Sanctity,string_line,0,2.7279027441935604,2.207814131630282,0.9867067794611935,5,False,False,,True,,,line,0,,,98b30c254db71570,
allenai/OLMo-2-0325-32B-Instruct,b96024342a77a69aa0dda815c3454a671f477463,v2,69,Sanctity,string_line,0,2.665487368314512,2.174370652209504,0.9868768147259902,5,False,False,,True,,,line,0,,,6b74c673fa86da1b,
allenai/OLMo-2-0325-32B-Instruct,b96024342a77a69aa0dda815c3454a671f477463,v2,70,Sanctity,string_line,0,3.1050363169293633,2.463977681020803,0.9849595321850059,5,False,False,,True,,,line,0,,,f058f4717dce20b1,
allenai/OLMo-2-0325-32B-Instruct,b96024342a77a69aa0dda815c3454a671f477463,v2,71,Sanctity,string_line,0,3.0675867813675115,2.540490596776006,0.9872614265788344,5,False,False,,True,,,line,0,,,411cfffc6f3acf3c,
allenai/OLMo-2-0325-32B-Instruct,b96024342a77a69aa0dda815c3454a671f477463,v2,72,Sanctity,string_line,0,3.4600053320157387,2.6772579359285134,0.9882646995998391,5,False,False,,True,,,line,0,,,6092ad959e4541d7,
allenai/OLMo-2-0325-32B-Instruct,b96024342a77a69aa0dda815c3454a671f477463,v2,73,Sanctity,string_line,0,3.09993342650868,2.5518347344859227,0.9895473966879293,5,False,False,,True,,,line,0,,,5bd998c887f9ab76,
allenai/OLMo-2-0325-32B-Instruct,b96024342a77a69aa0dda815c3454a671f477463,v2,74,Sanctity,string_line,0,3.0402543067338015,2.3244509020657684,0.9800562688220091,5,False,False,,True,,,line,0,,,16c079ef57b3bfe0,
allenai/OLMo-2-0325-32B-Instruct,b96024342a77a69aa0dda815c3454a671f477463,v2,75,Sanctity,string_line,0,1.622598508573968,1.6591506823238287,0.9456018157799321,5,False,False,,True,,,line,0,,,cb7b27e58e31e9e6,
allenai/OLMo-2-0325-32B-Instruct,b96024342a77a69aa0dda815c3454a671f477463,v2,76,Sanctity,string_line,0,3.3202455775449167,2.632520463326819,0.9880988334106374,5,False,False,,True,,,line,0,,,1e6900340d71af11,
allenai/OLMo-2-0325-32B-Instruct,b96024342a77a69aa0dda815c3454a671f477463,v2,77,Sanctity,string_line,0,2.481685304274596,2.0293348183076523,0.9849944811168715,5,False,False,,True,,,line,0,,,efe14cdff76d897d,
allenai/OLMo-2-0325-32B-Instruct,b96024342a77a69aa0dda815c3454a671f477463,v2,78,Sanctity,string_line,0,2.5256084417011984,2.0912925093417307,0.9852809238658196,5,False,False,,True,,,line,0,,,346d5fbeb5fb1586,
allenai/OLMo-2-0325-32B-Instruct,b96024342a77a69aa0dda815c3454a671f477463,v2,79,Sanctity,string_line,0,2.314417153207108,1.9599268799812986,0.9874184031642019,5,False,False,,True,,,line,0,,,b088783a312aea48,
allenai/OLMo-2-0325-32B-Instruct,b96024342a77a69aa0dda815c3454a671f477463,v2,80,Sanctity,string_line,0,2.9075280901143024,2.3284455949909098,0.9854983627020822,5,False,False,,True,,,line,0,,,3f128f3c827d8324,
allenai/OLMo-2-0325-32B-Instruct,b96024342a77a69aa0dda815c3454a671f477463,v2,81,Sanctity,string_line,0,2.378440460470776,1.9940446308145967,0.9863826650875899,5,False,False,,True,,,line,0,,,9f839ba4ab8c7d69,
allenai/OLMo-2-0325-32B-Instruct,b96024342a77a69aa0dda815c3454a671f477463,v2,82,Sanctity,string_line,0,2.801919348378896,2.254619658066021,0.98635312275842,5,False,False,,True,,,line,0,,,e77e1f30d61b4d75,
allenai/OLMo-2-0325-32B-Instruct,b96024342a77a69aa0dda815c3454a671f477463,v2,83,Sanctity,string_line,0,2.9306132112097556,2.4145204904465274,0.9877456470188666,5,False,False,,True,,,line,0,,,22ea4aae60f364a4,
allenai/OLMo-2-0325-32B-Instruct,b96024342a77a69aa0dda815c3454a671f477463,v2,84,Liberty,string_line,0,2.6466898269538275,2.166864024426468,0.9871763105180492,5,False,False,,True,,,line,0,,,d865dde1c9bf280b,
allenai/OLMo-2-0325-32B-Instruct,b96024342a77a69aa0dda815c3454a671f477463,v2,85,Liberty,string_line,0,2.3398551319117624,1.9488185732678112,0.9901839373681139,5,False,False,,True,,,line,0,,,76362cdaa17dd8d1,
allenai/OLMo-2-0325-32B-Instruct,b96024342a77a69aa0dda815c3454a671f477463,v2,86,Liberty,string_line,0,3.333581876799875,2.7918448276754377,0.9881607009774017,5,False,False,,True,,,line,0,,,2e16e93fb64a4aac,
allenai/OLMo-2-0325-32B-Instruct,b96024342a77a69aa0dda815c3454a671f477463,v2,87,Liberty,string_line,0,3.002800571031172,2.474096886777411,0.9887178659161442,5,False,False,,True,,,line,0,,,56c69a432bf71c4f,
allenai/OLMo-2-0325-32B-Instruct,b96024342a77a69aa0dda815c3454a671f477463,v2,88,Liberty,string_line,0,2.898461448928173,2.3328676197040976,0.9843213317413151,5,False,False,,True,,,line,0,,,a78465769d12516d,
allenai/OLMo-2-0325-32B-Instruct,b96024342a77a69aa0dda815c3454a671f477463,v2,89,Liberty,string_line,0,2.7754048462850998,2.284915109577852,0.9886664025069387,5,False,False,,True,,,line,0,,,6074fe8daf2abf72,
allenai/OLMo-2-0325-32B-Instruct,b96024342a77a69aa0dda815c3454a671f477463,v2,90,Liberty,string_line,0,3.349934613055964,2.6595503282935162,0.9898989513525932,5,False,False,,True,,,line,0,,,87a23058f759caff,
allenai/OLMo-2-0325-32B-Instruct,b96024342a77a69aa0dda815c3454a671f477463,v2,91,Liberty,string_line,0,3.359294878522701,2.74358113816196,0.9886456888247974,5,False,False,,True,,,line,0,,,6f1c3c5a3952852d,
allenai/OLMo-2-0325-32B-Instruct,b96024342a77a69aa0dda815c3454a671f477463,v2,92,Liberty,string_line,0,2.9943426948579983,2.458748588962743,0.9900303227200813,5,False,False,,True,,,line,0,,,0ee25cb9d8ac4307,
allenai/OLMo-2-0325-32B-Instruct,b96024342a77a69aa0dda815c3454a671f477463,v2,93,Liberty,string_line,0,2.454053930240621,2.0107818177182106,0.9880841725588575,5,False,False,,True,,,line,0,,,851f6979159d374e,
allenai/OLMo-2-0325-32B-Instruct,b96024342a77a69aa0dda815c3454a671f477463,v2,94,Liberty,string_line,0,2.3514434440992473,1.9786598264155841,0.9815902237872178,5,False,False,,True,,,line,0,,,73c98ba465b680cd,
allenai/OLMo-2-0325-32B-Instruct,b96024342a77a69aa0dda815c3454a671f477463,v2,95,Liberty,string_line,0,2.6835638735988034,2.1979197121789813,0.9870964438025684,5,False,False,,True,,,line,0,,,974ed2df96207fb5,
allenai/OLMo-2-0325-32B-Instruct,b96024342a77a69aa0dda815c3454a671f477463,v2,96,Liberty,string_line,0,2.312869357511132,1.9429796865054372,0.9885289015342831,5,False,False,,True,,,line,0,,,8ddc14fc272efd0e,
allenai/OLMo-2-0325-32B-Instruct,b96024342a77a69aa0dda815c3454a671f477463,v2,97,Liberty,string_line,0,2.4832437381917027,2.0825809845485765,0.9897983084257056,5,False,False,,True,,,line,0,,,0cf209e76edd1937,
allenai/OLMo-2-0325-32B-Instruct,b96024342a77a69aa0dda815c3454a671f477463,v2,98,Liberty,string_line,0,3.1070387174593024,2.6003957044916093,0.9872853233972279,5,False,False,,True,,,line,0,,,05e6726ffbdc619d,
allenai/OLMo-2-0325-32B-Instruct,b96024342a77a69aa0dda815c3454a671f477463,v2,99,Liberty,string_line,0,2.7491416714486525,2.2204144982760616,0.9861640623530036,5,False,False,,True,,,line,0,,,b048d298592a7caa,
allenai/OLMo-2-0325-32B-Instruct,b96024342a77a69aa0dda815c3454a671f477463,v2,100,Liberty,string_line,0,2.6275813251924514,2.1463968832742775,0.9891249800016179,5,False,False,,True,,,line,0,,,d6ea4fef0f7eaab6,
allenai/OLMo-2-0325-32B-Instruct,b96024342a77a69aa0dda815c3454a671f477463,v2,101,Social Norms,string_line,0,1.682007147049892,1.6352930359498479,0.9888601519368934,5,False,False,,True,,,line,0,,,c0f2556d47cad904,
allenai/OLMo-2-0325-32B-Instruct,b96024342a77a69aa0dda815c3454a671f477463,v2,102,Social Norms,string_line,0,1.0614794980680855,1.412839148514691,0.988015055641722,5,False,False,,True,,,line,0,,,6e129a06829b4f9d,
allenai/OLMo-2-0325-32B-Instruct,b96024342a77a69aa0dda815c3454a671f477463,v2,103,Social Norms,string_line,0,1.7851534741834967,1.6603436307930457,0.9856678953576554,5,False,False,,True,,,line,0,,,8eaad61bb135b001,
allenai/OLMo-2-0325-32B-Instruct,b96024342a77a69aa0dda815c3454a671f477463,v2,104,Social Norms,string_line,0,1.4635546808220823,1.5503130846176856,0.9862321087600698,5,False,False,,True,,,line,0,,,b89312c7146a9ed6,
allenai/OLMo-2-0325-32B-Instruct,b96024342a77a69aa0dda815c3454a671f477463,v2,105,Social Norms,string_line,0,1.4440545967446774,1.5544906744316893,0.9850577446931813,5,False,False,,True,,,line,0,,,2927c078f4f30936,
allenai/OLMo-2-0325-32B-Instruct,b96024342a77a69aa0dda815c3454a671f477463,v2,106,Social Norms,string_line,0,2.325500219936748,1.9612368042848438,0.9889326677368824,5,False,False,,True,,,line,0,,,d63d62b17720e85b,
allenai/OLMo-2-0325-32B-Instruct,b96024342a77a69aa0dda815c3454a671f477463,v2,107,Social Norms,string_line,0,1.2073648049880008,1.464090466079331,0.9871333907246848,5,False,False,,True,,,line,0,,,6e4500973d74ee66,
allenai/OLMo-2-0325-32B-Instruct,b96024342a77a69aa0dda815c3454a671f477463,v2,108,Social Norms,string_line,0,0.9318030312339067,1.3526517902266415,0.9880753492940525,5,False,False,,True,,,line,0,,,e2ff54c3d856340a,
allenai/OLMo-2-0325-32B-Instruct,b96024342a77a69aa0dda815c3454a671f477463,v2,109,Social Norms,string_line,0,1.6954054595909445,1.6723921822365426,0.9878841074000385,5,False,False,,True,,,line,0,,,52f27b214be7e471,
allenai/OLMo-2-0325-32B-Instruct,b96024342a77a69aa0dda815c3454a671f477463,v2,110,Social Norms,string_line,0,1.433508251763594,1.5097053459623528,0.9861416718740236,5,False,False,,True,,,line,0,,,ce679717135d3cee,
allenai/OLMo-2-0325-32B-Instruct,b96024342a77a69aa0dda815c3454a671f477463,v2,111,Social Norms,string_line,0,1.9156608577850853,1.7306866583878613,0.9852382003806509,5,False,False,,True,,,line,0,,,aeefc1c069a9d149,
allenai/OLMo-2-0325-32B-Instruct,b96024342a77a69aa0dda815c3454a671f477463,v2,112,Social Norms,string_line,0,1.7778538772248096,1.6815111774746718,0.9827736406951593,5,False,False,,True,,,line,0,,,4b8eda0c72bc342f,
allenai/OLMo-2-0325-32B-Instruct,b96024342a77a69aa0dda815c3454a671f477463,v2,113,Social Norms,string_line,0,0.7803509364737491,1.3058298870793055,0.9894377579101645,5,False,False,,True,,,line,0,,,fa13c45d51f2e335,
allenai/OLMo-2-0325-32B-Instruct,b96024342a77a69aa0dda815c3454a671f477463,v2,114,Social Norms,string_line,0,2.3173536373842816,1.9529100550054552,0.9872841366582615,5,False,False,,True,,,line,0,,,0561eb22ac810c75,
allenai/OLMo-2-0325-32B-Instruct,b96024342a77a69aa0dda815c3454a671f477463,v2,115,Social Norms,string_line,0,1.818112563771582,1.6930273542379086,0.9845226954753619,5,False,False,,True,,,line,0,,,4476852fd278dc07,
allenai/OLMo-2-0325-32B-Instruct,b96024342a77a69aa0dda815c3454a671f477463,v2,116,Social Norms,string_line,0,1.294382420328892,1.5205589238647945,0.9889882198946873,5,False,False,,True,,,line,0,,,e2183951e9981956,
allenai/OLMo-2-0325-32B-Instruct,b96024342a77a69aa0dda815c3454a671f477463,v2,1,Care,string_bare,0,3.0496361314761846,2.423147070287422,0.0009081580969302534,5,False,False,,True,,,bare,0,,,44642b1e52ff3e79,
allenai/OLMo-2-0325-32B-Instruct,b96024342a77a69aa0dda815c3454a671f477463,v2,2,Care,string_bare,0,1.9652962073013474,1.7306640234313735,0.0017956212429418143,5,False,False,,True,,,bare,0,,,1913a7d03af1ff88,
allenai/OLMo-2-0325-32B-Instruct,b96024342a77a69aa0dda815c3454a671f477463,v2,3,Care,string_bare,0,3.1603762347360145,2.345361550811274,0.0010513201406192353,5,False,False,,True,,,bare,0,,,a2d3b6daf453e8b6,
allenai/OLMo-2-0325-32B-Instruct,b96024342a77a69aa0dda815c3454a671f477463,v2,4,Care,string_bare,0,1.8454552339818278,1.5101288229709802,0.002683783388125032,5,False,False,,True,,,bare,0,,,5e96c369f81eb79f,
allenai/OLMo-2-0325-32B-Instruct,b96024342a77a69aa0dda815c3454a671f477463,v2,5,Care,string_bare,0,1.5015096200538938,1.368673451166095,0.0015974336824300258,5,False,False,,True,,,bare,0,,,40bade8087ef10f8,
allenai/OLMo-2-0325-32B-Instruct,b96024342a77a69aa0dda815c3454a671f477463,v2,6,Care,string_bare,0,0.6802214372471842,0.9555556987899726,0.0025982130096371043,5,False,False,,True,,,bare,0,,,8c67f566fd720c90,
allenai/OLMo-2-0325-32B-Instruct,b96024342a77a69aa0dda815c3454a671f477463,v2,7,Care,string_bare,0,3.2525067458424224,2.4343203884912685,0.0011459833477649427,5,False,False,,True,,,bare,0,,,1fe426dc82b973a8,
allenai/OLMo-2-0325-32B-Instruct,b96024342a77a69aa0dda815c3454a671f477463,v2,8,Care,string_bare,0,2.9988217396703516,2.3866792137759445,0.0007523543803188279,5,False,False,,True,,,bare,0,,,706f3972748399bc,
allenai/OLMo-2-0325-32B-Instruct,b96024342a77a69aa0dda815c3454a671f477463,v2,9,Care,string_bare,0,2.6073915070817275,2.072901290347593,0.0011285175532004007,5,False,False,,True,,,bare,0,,,3890a213cc933cad,
allenai/OLMo-2-0325-32B-Instruct,b96024342a77a69aa0dda815c3454a671f477463,v2,10,Care,string_bare,0,2.675500332861948,2.118976307077366,0.0009983350620410112,5,False,False,,True,,,bare,0,,,0fd683ed20bb6ac5,
allenai/OLMo-2-0325-32B-Instruct,b96024342a77a69aa0dda815c3454a671f477463,v2,11,Care,string_bare,0,3.2735410277852295,2.367605526776457,0.0011290942589555592,5,False,False,,True,,,bare,0,,,d4bb3aae295025d7,
allenai/OLMo-2-0325-32B-Instruct,b96024342a77a69aa0dda815c3454a671f477463,v2,12,Care,string_bare,0,2.7997495943664004,2.075120995130774,0.0008278875927824698,5,False,False,,True,,,bare,0,,,81561e7177a4e54a,
allenai/OLMo-2-0325-32B-Instruct,b96024342a77a69aa0dda815c3454a671f477463,v2,13,Care,string_bare,0,1.9939621508786436,1.5802741993270242,0.0017389070391241857,5,False,False,,True,,,bare,0,,,8eb3a30665be02a2,
allenai/OLMo-2-0325-32B-Instruct,b96024342a77a69aa0dda815c3454a671f477463,v2,14,Care,string_bare,0,3.0270289219162763,2.36092028863053,0.0012756091927130734,5,False,False,,True,,,bare,0,,,b4aec18bf6f5051e,
allenai/OLMo-2-0325-32B-Instruct,b96024342a77a69aa0dda815c3454a671f477463,v2,15,Care,string_bare,0,1.781022434120071,1.4770991021306257,0.0016878802642276325,5,False,False,,True,,,bare,0,,,5c1b5e3e595ef0ee,
allenai/OLMo-2-0325-32B-Instruct,b96024342a77a69aa0dda815c3454a671f477463,v2,16,Care,string_bare,0,2.9619162784556736,2.2649296304843043,0.0012446518118264952,5,False,False,,True,,,bare,0,,,95504516f123c9d8,
allenai/OLMo-2-0325-32B-Instruct,b96024342a77a69aa0dda815c3454a671f477463,v2,17,Fairness,string_bare,0,3.1374348905344585,2.396265168672289,0.0010366243201929096,5,False,False,,True,,,bare,0,,,b19fbec958482d1f,
allenai/OLMo-2-0325-32B-Instruct,b96024342a77a69aa0dda815c3454a671f477463,v2,18,Fairness,string_bare,0,3.053169332626371,2.2436916106169185,0.0014927995365908247,5,False,False,,True,,,bare,0,,,99666992e14d40fa,
allenai/OLMo-2-0325-32B-Instruct,b96024342a77a69aa0dda815c3454a671f477463,v2,19,Fairness,string_bare,0,2.86447773374146,2.306877965099399,0.0019568892815089644,5,False,False,,True,,,bare,0,,,9cc6a157d328ced8,
allenai/OLMo-2-0325-32B-Instruct,b96024342a77a69aa0dda815c3454a671f477463,v2,20,Fairness,string_bare,0,2.8946835241767,2.279489203545251,0.0010967857874083586,5,False,False,,True,,,bare,0,,,96cb505613052a5c,
allenai/OLMo-2-0325-32B-Instruct,b96024342a77a69aa0dda815c3454a671f477463,v2,21,Fairness,string_bare,0,2.982314919721289,2.2978222167071727,0.0016283020940026645,5,False,False,,True,,,bare,0,,,621e63aba89a1914,
allenai/OLMo-2-0325-32B-Instruct,b96024342a77a69aa0dda815c3454a671f477463,v2,22,Fairness,string_bare,0,3.5709232645823428,2.643417544276116,0.001727945583449739,5,False,False,,True,,,bare,0,,,0e1f8c298420863d,
allenai/OLMo-2-0325-32B-Instruct,b96024342a77a69aa0dda815c3454a671f477463,v2,23,Fairness,string_bare,0,3.2368726468984925,2.5679642926793407,0.001717474311935931,5,False,False,,True,,,bare,0,,,c1b1c6838ee9d401,
allenai/OLMo-2-0325-32B-Instruct,b96024342a77a69aa0dda815c3454a671f477463,v2,24,Fairness,string_bare,0,2.1707221429348165,1.8279569195438004,0.0014973518786002588,5,False,False,,True,,,bare,0,,,74ef17329d02a486,
allenai/OLMo-2-0325-32B-Instruct,b96024342a77a69aa0dda815c3454a671f477463,v2,25,Fairness,string_bare,0,3.3506430713097988,2.4885909662617434,0.001208856631416544,5,False,False,,True,,,bare,0,,,c13161b55a415ec2,
allenai/OLMo-2-0325-32B-Instruct,b96024342a77a69aa0dda815c3454a671f477463,v2,26,Fairness,string_bare,0,3.0234286915498476,2.22966211349579,0.0010155977904039543,5,False,False,,True,,,bare,0,,,8a15988e0b58ddc5,
allenai/OLMo-2-0325-32B-Instruct,b96024342a77a69aa0dda815c3454a671f477463,v2,27,Fairness,string_bare,0,3.0047863585161747,2.3658207194670053,0.0013253459709006976,5,False,False,,True,,,bare,0,,,a86239a9bdd56844,
allenai/OLMo-2-0325-32B-Instruct,b96024342a77a69aa0dda815c3454a671f477463,v2,28,Fairness,string_bare,0,3.0739138956261742,2.4262426336741276,0.0009042244500672909,5,False,False,,True,,,bare,0,,,be944925959f6221,
allenai/OLMo-2-0325-32B-Instruct,b96024342a77a69aa0dda815c3454a671f477463,v2,29,Fairness,string_bare,0,1.9523249110583005,1.5907360304498646,0.0020189129089635237,5,False,False,,True,,,bare,0,,,2fadc17b158a203f,
allenai/OLMo-2-0325-32B-Instruct,b96024342a77a69aa0dda815c3454a671f477463,v2,30,Fairness,string_bare,0,2.8089703498602883,2.2199519290457053,0.0011203095577714147,5,False,False,,True,,,bare,0,,,08fd3c392e299c69,
allenai/OLMo-2-0325-32B-Instruct,b96024342a77a69aa0dda815c3454a671f477463,v2,31,Fairness,string_bare,0,3.266095988877761,2.4481560214931184,0.0015429446283606795,5,False,False,,True,,,bare,0,,,47696ad153dde837,
allenai/OLMo-2-0325-32B-Instruct,b96024342a77a69aa0dda815c3454a671f477463,v2,32,Fairness,string_bare,0,2.3284411868908115,1.8547014421492691,0.0011698251417241706,5,False,False,,True,,,bare,0,,,fcd7c1e96dca4c53,
allenai/OLMo-2-0325-32B-Instruct,b96024342a77a69aa0dda815c3454a671f477463,v2,33,Fairness,string_bare,0,2.5690010802843735,2.1028789382683963,0.0015840741710846228,5,False,False,,True,,,bare,0,,,7e055d5775975ca3,
allenai/OLMo-2-0325-32B-Instruct,b96024342a77a69aa0dda815c3454a671f477463,v2,34,Loyalty,string_bare,0,2.205411444548291,1.7868064788199554,0.0014123934564744247,5,False,False,,True,,,bare,0,,,1cb54beea7c9d7eb,
allenai/OLMo-2-0325-32B-Instruct,b96024342a77a69aa0dda815c3454a671f477463,v2,35,Loyalty,string_bare,0,0.8824298466678379,1.0461284999954306,0.0036779159896452194,5,False,False,,True,,,bare,0,,,c37c206b1f9c3b17,
allenai/OLMo-2-0325-32B-Instruct,b96024342a77a69aa0dda815c3454a671f477463,v2,36,Loyalty,string_bare,0,1.7903803919705203,1.3696172420751462,0.0019654595416828233,5,False,False,,True,,,bare,0,,,2d1c36217704eea4,
allenai/OLMo-2-0325-32B-Instruct,b96024342a77a69aa0dda815c3454a671f477463,v2,37,Loyalty,string_bare,0,1.4866155276249398,1.2322114331346088,0.0020042385605301494,5,False,False,,True,,,bare,0,,,55491761a9a6f659,
allenai/OLMo-2-0325-32B-Instruct,b96024342a77a69aa0dda815c3454a671f477463,v2,38,Loyalty,string_bare,0,2.2087479142883186,1.6765763356855374,0.0012459932379707797,5,False,False,,True,,,bare,0,,,301fc5a4f13664de,
allenai/OLMo-2-0325-32B-Instruct,b96024342a77a69aa0dda815c3454a671f477463,v2,39,Loyalty,string_bare,0,2.020078301732363,1.608209495632643,0.0016365487172711412,5,False,False,,True,,,bare,0,,,aea91e855a6d2f94,
allenai/OLMo-2-0325-32B-Instruct,b96024342a77a69aa0dda815c3454a671f477463,v2,40,Loyalty,string_bare,0,1.9620698901420925,1.5672558939174277,0.0011940761135508472,5,False,False,,True,,,bare,0,,,c0bb4fb0a3d2bdff,
allenai/OLMo-2-0325-32B-Instruct,b96024342a77a69aa0dda815c3454a671f477463,v2,41,Loyalty,string_bare,0,1.873102095399918,1.4854182265972709,0.0026912033356393,5,False,False,,True,,,bare,0,,,e18f363c6dc19447,
allenai/OLMo-2-0325-32B-Instruct,b96024342a77a69aa0dda815c3454a671f477463,v2,42,Loyalty,string_bare,0,1.163944332864153,1.1253684681998846,0.0025005418722833027,5,False,False,,True,,,bare,0,,,535c940f6729bc0a,
allenai/OLMo-2-0325-32B-Instruct,b96024342a77a69aa0dda815c3454a671f477463,v2,43,Loyalty,string_bare,0,3.029065228530917,2.2865354211218483,0.0018951888145882785,5,False,False,,True,,,bare,0,,,8465e50533f5353e,
allenai/OLMo-2-0325-32B-Instruct,b96024342a77a69aa0dda815c3454a671f477463,v2,44,Loyalty,string_bare,0,0.8332255863662086,1.05451889223968,0.004193849609483865,5,False,False,,True,,,bare,0,,,0da20221b66b19ff,
allenai/OLMo-2-0325-32B-Instruct,b96024342a77a69aa0dda815c3454a671f477463,v2,45,Loyalty,string_bare,0,2.33106059956486,1.7302163210752186,0.0016690883014412684,5,False,False,,True,,,bare,0,,,0c515d1a102e20cb,
allenai/OLMo-2-0325-32B-Instruct,b96024342a77a69aa0dda815c3454a671f477463,v2,46,Loyalty,string_bare,0,1.6184104332292748,1.3296088204439036,0.003669148924804302,5,False,False,,True,,,bare,0,,,96bf5653ce516d7f,
allenai/OLMo-2-0325-32B-Instruct,b96024342a77a69aa0dda815c3454a671f477463,v2,47,Loyalty,string_bare,0,2.014549805058796,1.5557374972434015,0.0017172898823934006,5,False,False,,True,,,bare,0,,,1ee28b16639683de,
allenai/OLMo-2-0325-32B-Instruct,b96024342a77a69aa0dda815c3454a671f477463,v2,48,Loyalty,string_bare,0,2.191008145363415,1.5643534297066375,0.0037087456692278683,5,False,False,,True,,,bare,0,,,605837de353da898,
allenai/OLMo-2-0325-32B-Instruct,b96024342a77a69aa0dda815c3454a671f477463,v2,49,Loyalty,string_bare,0,1.613203719744903,1.2773632019793224,0.0016651126784411666,5,False,False,,True,,,bare,0,,,9466a84901f260ba,
allenai/OLMo-2-0325-32B-Instruct,b96024342a77a69aa0dda815c3454a671f477463,v2,50,Authority,string_bare,0,2.359198695722065,1.9848793843523944,0.0014926627695829343,5,False,False,,True,,,bare,0,,,8931d2dfd54d71b5,
allenai/OLMo-2-0325-32B-Instruct,b96024342a77a69aa0dda815c3454a671f477463,v2,51,Authority,string_bare,0,1.4444030410886914,1.2233601374569167,0.0029058965919153304,5,False,False,,True,,,bare,0,,,ddf10c352b196231,
allenai/OLMo-2-0325-32B-Instruct,b96024342a77a69aa0dda815c3454a671f477463,v2,52,Authority,string_bare,0,2.25849810344458,1.891068527294527,0.0013577650463308592,5,False,False,,True,,,bare,0,,,08ff18a2e3cf2f57,
allenai/OLMo-2-0325-32B-Instruct,b96024342a77a69aa0dda815c3454a671f477463,v2,53,Authority,string_bare,0,2.516627017860726,1.988780623453364,0.0019139963442816813,5,False,False,,True,,,bare,0,,,ca23b5ae5c0bf8e3,
allenai/OLMo-2-0325-32B-Instruct,b96024342a77a69aa0dda815c3454a671f477463,v2,54,Authority,string_bare,0,2.1634145119355446,1.8365055807380566,0.0019183807291630929,5,False,False,,True,,,bare,0,,,dfca96a580d5ab0b,
allenai/OLMo-2-0325-32B-Instruct,b96024342a77a69aa0dda815c3454a671f477463,v2,55,Authority,string_bare,0,1.8580627356312076,1.5864012668783725,0.002141163866105267,5,False,False,,True,,,bare,0,,,a9d96d4efd0277b2,
allenai/OLMo-2-0325-32B-Instruct,b96024342a77a69aa0dda815c3454a671f477463,v2,56,Authority,string_bare,0,2.9286120729915788,2.233327574088582,0.0012662712527301463,5,False,False,,True,,,bare,0,,,affb8f91b7544f31,
allenai/OLMo-2-0325-32B-Instruct,b96024342a77a69aa0dda815c3454a671f477463,v2,57,Authority,string_bare,0,2.6204742279950954,2.09281520266416,0.0013535517234837396,5,False,False,,True,,,bare,0,,,305e06e6816e6e11,
allenai/OLMo-2-0325-32B-Instruct,b96024342a77a69aa0dda815c3454a671f477463,v2,58,Authority,string_bare,0,2.985751858255439,2.302926349833502,0.0021478397991587968,5,False,False,,True,,,bare,0,,,410cf0deb35bb23e,
allenai/OLMo-2-0325-32B-Instruct,b96024342a77a69aa0dda815c3454a671f477463,v2,59,Authority,string_bare,0,2.799052236810458,2.18111063790279,0.0013427949316496275,5,False,False,,True,,,bare,0,,,2e3352ca2ae9408f,
allenai/OLMo-2-0325-32B-Instruct,b96024342a77a69aa0dda815c3454a671f477463,v2,60,Authority,string_bare,0,2.2608579919444765,1.877144601723778,0.0017571130630670217,5,False,False,,True,,,bare,0,,,7454dfbaeb240a26,
allenai/OLMo-2-0325-32B-Instruct,b96024342a77a69aa0dda815c3454a671f477463,v2,61,Authority,string_bare,0,2.5302990138636945,1.9564792163471747,0.0020381150690328646,5,False,False,,True,,,bare,0,,,9d7c0d2df4035e1f,
allenai/OLMo-2-0325-32B-Instruct,b96024342a77a69aa0dda815c3454a671f477463,v2,62,Authority,string_bare,0,2.203316260949573,1.8012148849512304,0.002363472004597499,5,False,False,,True,,,bare,0,,,08a80f0d30942bef,
allenai/OLMo-2-0325-32B-Instruct,b96024342a77a69aa0dda815c3454a671f477463,v2,63,Authority,string_bare,0,2.8011681805092046,2.1491790435216656,0.000738874420183603,5,False,False,,True,,,bare,0,,,109d8e18fd7113cf,
allenai/OLMo-2-0325-32B-Instruct,b96024342a77a69aa0dda815c3454a671f477463,v2,64,Authority,string_bare,0,2.352652525840949,1.9336643902485193,0.0019423854743827898,5,False,False,,True,,,bare,0,,,ff57f68bbd68e8b9,
allenai/OLMo-2-0325-32B-Instruct,b96024342a77a69aa0dda815c3454a671f477463,v2,65,Authority,string_bare,0,1.817084326327225,1.4503605834009672,0.0018028872986286823,5,False,False,,True,,,bare,0,,,e7d7944dfba502b6,
allenai/OLMo-2-0325-32B-Instruct,b96024342a77a69aa0dda815c3454a671f477463,v2,66,Authority,string_bare,0,2.3975239683521337,1.8724060361983037,0.0009495583048155064,5,False,False,,True,,,bare,0,,,5a24585d4009afe4,
allenai/OLMo-2-0325-32B-Instruct,b96024342a77a69aa0dda815c3454a671f477463,v2,67,Sanctity,string_bare,0,2.758810326445415,1.90289892669348,0.0020983980105220338,5,False,False,,True,,,bare,0,,,dfcca8f8f521f60f,
allenai/OLMo-2-0325-32B-Instruct,b96024342a77a69aa0dda815c3454a671f477463,v2,68,Sanctity,string_bare,0,2.6077687676440875,1.6477210215856528,0.001758875875354407,5,False,False,,True,,,bare,0,,,98b30c254db71570,
allenai/OLMo-2-0325-32B-Instruct,b96024342a77a69aa0dda815c3454a671f477463,v2,69,Sanctity,string_bare,0,2.487569641186406,1.798235784451038,0.0016504148879281709,5,False,False,,True,,,bare,0,,,6b74c673fa86da1b,
allenai/OLMo-2-0325-32B-Instruct,b96024342a77a69aa0dda815c3454a671f477463,v2,70,Sanctity,string_bare,0,3.275588222327063,2.323768461245648,0.002196669157908341,5,False,False,,True,,,bare,0,,,f058f4717dce20b1,
allenai/OLMo-2-0325-32B-Instruct,b96024342a77a69aa0dda815c3454a671f477463,v2,71,Sanctity,string_bare,0,3.1477418699609068,2.4414356623685127,0.0020339699268222245,5,False,False,,True,,,bare,0,,,411cfffc6f3acf3c,
allenai/OLMo-2-0325-32B-Instruct,b96024342a77a69aa0dda815c3454a671f477463,v2,72,Sanctity,string_bare,0,3.504052750147114,2.38412746029398,0.0019465507424952099,5,False,False,,True,,,bare,0,,,6092ad959e4541d7,
allenai/OLMo-2-0325-32B-Instruct,b96024342a77a69aa0dda815c3454a671f477463,v2,73,Sanctity,string_bare,0,3.1608952568235504,2.4199918335501165,0.0012597524423366296,5,False,False,,True,,,bare,0,,,5bd998c887f9ab76,
allenai/OLMo-2-0325-32B-Instruct,b96024342a77a69aa0dda815c3454a671f477463,v2,74,Sanctity,string_bare,0,3.2497602326808233,2.045358673579662,0.00321295197724414,5,False,False,,True,,,bare,0,,,16c079ef57b3bfe0,
allenai/OLMo-2-0325-32B-Instruct,b96024342a77a69aa0dda815c3454a671f477463,v2,75,Sanctity,string_bare,0,0.13074019705880188,0.7941214021712162,0.009845695768812281,5,False,False,,True,,,bare,0,,,cb7b27e58e31e9e6,
allenai/OLMo-2-0325-32B-Instruct,b96024342a77a69aa0dda815c3454a671f477463,v2,76,Sanctity,string_bare,0,3.4091253175194645,2.4224685368900225,0.0020195810564666346,5,False,False,,True,,,bare,0,,,1e6900340d71af11,
allenai/OLMo-2-0325-32B-Instruct,b96024342a77a69aa0dda815c3454a671f477463,v2,77,Sanctity,string_bare,0,1.88582749914313,1.5228032136028777,0.002940072622239197,5,False,False,,True,,,bare,0,,,efe14cdff76d897d,
allenai/OLMo-2-0325-32B-Instruct,b96024342a77a69aa0dda815c3454a671f477463,v2,78,Sanctity,string_bare,0,2.2448271636948323,1.603936859874671,0.0025938358250725347,5,False,False,,True,,,bare,0,,,346d5fbeb5fb1586,
allenai/OLMo-2-0325-32B-Instruct,b96024342a77a69aa0dda815c3454a671f477463,v2,79,Sanctity,string_bare,0,1.5553630309227142,1.336354620857943,0.0031768114808621126,5,False,False,,True,,,bare,0,,,b088783a312aea48,
allenai/OLMo-2-0325-32B-Instruct,b96024342a77a69aa0dda815c3454a671f477463,v2,80,Sanctity,string_bare,0,3.0383648762093856,2.267070993071232,0.00145409416921467,5,False,False,,True,,,bare,0,,,3f128f3c827d8324,
allenai/OLMo-2-0325-32B-Instruct,b96024342a77a69aa0dda815c3454a671f477463,v2,81,Sanctity,string_bare,0,1.7232856765757236,1.413093055973271,0.003174494874658834,5,False,False,,True,,,bare,0,,,9f839ba4ab8c7d69,
allenai/OLMo-2-0325-32B-Instruct,b96024342a77a69aa0dda815c3454a671f477463,v2,82,Sanctity,string_bare,0,2.8474924054250703,2.0180045361498116,0.0015552561421243933,5,False,False,,True,,,bare,0,,,e77e1f30d61b4d75,
allenai/OLMo-2-0325-32B-Instruct,b96024342a77a69aa0dda815c3454a671f477463,v2,83,Sanctity,string_bare,0,2.9895066520189455,2.396115067901054,0.0013739155319733363,5,False,False,,True,,,bare,0,,,22ea4aae60f364a4,
allenai/OLMo-2-0325-32B-Instruct,b96024342a77a69aa0dda815c3454a671f477463,v2,84,Liberty,string_bare,0,2.510306997810026,1.8253717995605467,0.0014061074357026694,5,False,False,,True,,,bare,0,,,d865dde1c9bf280b,
allenai/OLMo-2-0325-32B-Instruct,b96024342a77a69aa0dda815c3454a671f477463,v2,85,Liberty,string_bare,0,1.3237025829161089,1.193957166038553,0.002413175833500846,5,False,False,,True,,,bare,0,,,76362cdaa17dd8d1,
allenai/OLMo-2-0325-32B-Instruct,b96024342a77a69aa0dda815c3454a671f477463,v2,86,Liberty,string_bare,0,3.4308497914922294,2.4581405411758968,0.001780068806746896,5,False,False,,True,,,bare,0,,,2e16e93fb64a4aac,
allenai/OLMo-2-0325-32B-Instruct,b96024342a77a69aa0dda815c3454a671f477463,v2,87,Liberty,string_bare,0,3.0775339772445083,2.4465808312316657,0.0012605796812241651,5,False,False,,True,,,bare,0,,,56c69a432bf71c4f,
allenai/OLMo-2-0325-32B-Instruct,b96024342a77a69aa0dda815c3454a671f477463,v2,88,Liberty,string_bare,0,2.9750004146389943,2.2432492213476376,0.0019642282255375497,5,False,False,,True,,,bare,0,,,a78465769d12516d,
allenai/OLMo-2-0325-32B-Instruct,b96024342a77a69aa0dda815c3454a671f477463,v2,89,Liberty,string_bare,0,2.6375182417611027,1.9276822621873386,0.0010747624243313432,5,False,False,,True,,,bare,0,,,6074fe8daf2abf72,
allenai/OLMo-2-0325-32B-Instruct,b96024342a77a69aa0dda815c3454a671f477463,v2,90,Liberty,string_bare,0,3.4150342307939408,2.5144424609969693,0.0017294891835765015,5,False,False,,True,,,bare,0,,,87a23058f759caff,
allenai/OLMo-2-0325-32B-Instruct,b96024342a77a69aa0dda815c3454a671f477463,v2,91,Liberty,string_bare,0,3.398382420594918,2.472943056601578,0.0014703861260659448,5,False,False,,True,,,bare,0,,,6f1c3c5a3952852d,
allenai/OLMo-2-0325-32B-Instruct,b96024342a77a69aa0dda815c3454a671f477463,v2,92,Liberty,string_bare,0,3.0292838410143044,2.401720290287887,0.001352874322879424,5,False,False,,True,,,bare,0,,,0ee25cb9d8ac4307,
allenai/OLMo-2-0325-32B-Instruct,b96024342a77a69aa0dda815c3454a671f477463,v2,93,Liberty,string_bare,0,1.97618282300066,1.5380763455311683,0.0024173807065991514,5,False,False,,True,,,bare,0,,,851f6979159d374e,
allenai/OLMo-2-0325-32B-Instruct,b96024342a77a69aa0dda815c3454a671f477463,v2,94,Liberty,string_bare,0,1.3094185310532522,1.2946157161626823,0.005439248666716851,5,False,False,,True,,,bare,0,,,73c98ba465b680cd,
allenai/OLMo-2-0325-32B-Instruct,b96024342a77a69aa0dda815c3454a671f477463,v2,95,Liberty,string_bare,0,2.382395719608663,1.7751217962987598,0.0013575308998344192,5,False,False,,True,,,bare,0,,,974ed2df96207fb5,
allenai/OLMo-2-0325-32B-Instruct,b96024342a77a69aa0dda815c3454a671f477463,v2,96,Liberty,string_bare,0,1.636627748906874,1.3308321026150347,0.0027901597901689034,5,False,False,,True,,,bare,0,,,8ddc14fc272efd0e,
allenai/OLMo-2-0325-32B-Instruct,b96024342a77a69aa0dda815c3454a671f477463,v2,97,Liberty,string_bare,0,1.9523974994007252,1.6444973174465347,0.0018826729471913206,5,False,False,,True,,,bare,0,,,0cf209e76edd1937,
allenai/OLMo-2-0325-32B-Instruct,b96024342a77a69aa0dda815c3454a671f477463,v2,98,Liberty,string_bare,0,3.1568129817565134,2.4443419189353865,0.0007786116123742842,5,False,False,,True,,,bare,0,,,05e6726ffbdc619d,
allenai/OLMo-2-0325-32B-Instruct,b96024342a77a69aa0dda815c3454a671f477463,v2,99,Liberty,string_bare,0,2.773559370551011,2.004697307245829,0.002055205257238461,5,False,False,,True,,,bare,0,,,b048d298592a7caa,
allenai/OLMo-2-0325-32B-Instruct,b96024342a77a69aa0dda815c3454a671f477463,v2,100,Liberty,string_bare,0,2.2905303872611738,1.7446100052595865,0.0017508851651491986,5,False,False,,True,,,bare,0,,,d6ea4fef0f7eaab6,
allenai/OLMo-2-0325-32B-Instruct,b96024342a77a69aa0dda815c3454a671f477463,v2,101,Social Norms,string_bare,0,0.2922843262014541,0.8174831695880892,0.004502346115191639,5,False,False,,True,,,bare,0,,,c0f2556d47cad904,
allenai/OLMo-2-0325-32B-Instruct,b96024342a77a69aa0dda815c3454a671f477463,v2,102,Social Norms,string_bare,0,0.055244799001724576,0.5343416834394321,0.005957423072512052,5,False,False,,True,,,bare,0,,,6e129a06829b4f9d,
allenai/OLMo-2-0325-32B-Instruct,b96024342a77a69aa0dda815c3454a671f477463,v2,103,Social Norms,string_bare,0,0.40706540360155186,0.9358163306353974,0.005292274258536827,5,False,False,,True,,,bare,0,,,8eaad61bb135b001,
allenai/OLMo-2-0325-32B-Instruct,b96024342a77a69aa0dda815c3454a671f477463,v2,104,Social Norms,string_bare,0,0.05914683241866706,0.5693190475166455,0.007672026919547124,5,False,False,,True,,,bare,0,,,b89312c7146a9ed6,
allenai/OLMo-2-0325-32B-Instruct,b96024342a77a69aa0dda815c3454a671f477463,v2,105,Social Norms,string_bare,0,0.19391241882210963,0.7379595701342047,0.007335884887742656,5,False,False,,True,,,bare,0,,,2927c078f4f30936,
allenai/OLMo-2-0325-32B-Instruct,b96024342a77a69aa0dda815c3454a671f477463,v2,106,Social Norms,string_bare,0,1.4844395873158538,1.2371369911333212,0.0033396723470924387,5,False,False,,True,,,bare,0,,,d63d62b17720e85b,
allenai/OLMo-2-0325-32B-Instruct,b96024342a77a69aa0dda815c3454a671f477463,v2,107,Social Norms,string_bare,0,0.052147105723001595,0.5695856937698707,0.005792765264315346,5,False,False,,True,,,bare,0,,,6e4500973d74ee66,
allenai/OLMo-2-0325-32B-Instruct,b96024342a77a69aa0dda815c3454a671f477463,v2,108,Social Norms,string_bare,0,0.019366793689764326,0.4403350582282945,0.004326898530119283,5,False,False,,True,,,bare,0,,,e2ff54c3d856340a,
allenai/OLMo-2-0325-32B-Instruct,b96024342a77a69aa0dda815c3454a671f477463,v2,109,Social Norms,string_bare,0,0.1989963678906675,0.7802953130130755,0.004554196114411388,5,False,False,,True,,,bare,0,,,52f27b214be7e471,
allenai/OLMo-2-0325-32B-Instruct,b96024342a77a69aa0dda815c3454a671f477463,v2,110,Social Norms,string_bare,0,0.10994455166507365,0.6090619146277874,0.005903631395971454,5,False,False,,True,,,bare,0,,,ce679717135d3cee,
allenai/OLMo-2-0325-32B-Instruct,b96024342a77a69aa0dda815c3454a671f477463,v2,111,Social Norms,string_bare,0,0.6808547882689618,0.9827599151651689,0.005264819533801938,5,False,False,,True,,,bare,0,,,aeefc1c069a9d149,
allenai/OLMo-2-0325-32B-Instruct,b96024342a77a69aa0dda815c3454a671f477463,v2,112,Social Norms,string_bare,0,0.3406055374449228,0.8720470218742378,0.00819056565615033,5,False,False,,True,,,bare,0,,,4b8eda0c72bc342f,
allenai/OLMo-2-0325-32B-Instruct,b96024342a77a69aa0dda815c3454a671f477463,v2,113,Social Norms,string_bare,0,0.022321347678288833,0.4445598393420347,0.005144791545122712,5,False,False,,True,,,bare,0,,,fa13c45d51f2e335,
allenai/OLMo-2-0325-32B-Instruct,b96024342a77a69aa0dda815c3454a671f477463,v2,114,Social Norms,string_bare,0,1.3534133319311,1.2032568704709472,0.002510187659688254,5,False,False,,True,,,bare,0,,,0561eb22ac810c75,
allenai/OLMo-2-0325-32B-Instruct,b96024342a77a69aa0dda815c3454a671f477463,v2,115,Social Norms,string_bare,0,0.31375448927182825,0.808626218280754,0.0056245448047688275,5,False,False,,True,,,bare,0,,,4476852fd278dc07,
allenai/OLMo-2-0325-32B-Instruct,b96024342a77a69aa0dda815c3454a671f477463,v2,116,Social Norms,string_bare,0,0.09920871823816801,0.6538179044453787,0.003250474428187218,5,False,False,,True,,,bare,0,,,e2183951e9981956,
allenai/OLMo-2-0325-32B-Instruct,b96024342a77a69aa0dda815c3454a671f477463,v2,1,Care,cloze,0,2.003752631778827,1.091294339385161,0.0034216582428793704,5,False,False,,True,,,bare,0,,,23e80284172c16a1,
allenai/OLMo-2-0325-32B-Instruct,b96024342a77a69aa0dda815c3454a671f477463,v2,2,Care,cloze,0,0.752869912281372,0.6893992601417798,0.002635805620611979,5,False,False,,True,,,bare,0,,,78b9c2a1621cdce6,
allenai/OLMo-2-0325-32B-Instruct,b96024342a77a69aa0dda815c3454a671f477463,v2,3,Care,cloze,0,1.938036216766662,1.1581328964340407,0.007729283140834251,5,False,False,,True,,,bare,0,,,3d51f573a4a445c7,
allenai/OLMo-2-0325-32B-Instruct,b96024342a77a69aa0dda815c3454a671f477463,v2,4,Care,cloze,0,1.1027493872204013,0.7796798862674247,0.0024321659751526197,5,False,False,,True,,,bare,0,,,1041d4e2321bc6c1,
allenai/OLMo-2-0325-32B-Instruct,b96024342a77a69aa0dda815c3454a671f477463,v2,5,Care,cloze,0,0.2904601600914272,0.4930623811201219,0.001553089542618965,5,False,False,,True,,,bare,0,,,6288a5c7a8d2b1b3,
allenai/OLMo-2-0325-32B-Instruct,b96024342a77a69aa0dda815c3454a671f477463,v2,6,Care,cloze,0,0.18264847712497492,0.4568388598158295,0.002513084844470851,5,False,False,,True,,,bare,0,,,2d95e972ca0bf8cd,
allenai/OLMo-2-0325-32B-Instruct,b96024342a77a69aa0dda815c3454a671f477463,v2,7,Care,cloze,0,2.9086432020662434,1.872437608710086,0.01597372413021506,5,False,False,,True,,,bare,0,,,5e00c02ca7ef9ebe,
allenai/OLMo-2-0325-32B-Instruct,b96024342a77a69aa0dda815c3454a671f477463,v2,8,Care,cloze,0,2.525029788820021,1.4676387310439438,0.013211246657399405,5,False,False,,True,,,bare,0,,,fb2a24fbfe22b226,
allenai/OLMo-2-0325-32B-Instruct,b96024342a77a69aa0dda815c3454a671f477463,v2,9,Care,cloze,0,1.4942231475980108,0.823353168278342,0.0014334082680651959,5,False,False,,True,,,bare,0,,,0fc91e5c55938ac1,
allenai/OLMo-2-0325-32B-Instruct,b96024342a77a69aa0dda815c3454a671f477463,v2,10,Care,cloze,0,1.4866537438071787,0.9403987019527708,0.004039760784452628,5,False,False,,True,,,bare,0,,,4303898d982e5e23,
allenai/OLMo-2-0325-32B-Instruct,b96024342a77a69aa0dda815c3454a671f477463,v2,11,Care,cloze,0,2.9660138854503484,2.1379478587334386,0.042816337658642005,5,False,False,,True,,,bare,0,,,187300a6028c50ad,
allenai/OLMo-2-0325-32B-Instruct,b96024342a77a69aa0dda815c3454a671f477463,v2,12,Care,cloze,0,1.3244091132798574,0.8651618868895221,0.003306897877703477,5,False,False,,True,,,bare,0,,,2bdbe09637e5eea9,
allenai/OLMo-2-0325-32B-Instruct,b96024342a77a69aa0dda815c3454a671f477463,v2,13,Care,cloze,0,0.2654905984081448,0.5134371415225808,0.004859571804568066,5,False,False,,True,,,bare,0,,,2dd11f43af574631,
allenai/OLMo-2-0325-32B-Instruct,b96024342a77a69aa0dda815c3454a671f477463,v2,14,Care,cloze,0,2.6589087150799102,1.4854942942889149,0.008913194448088338,5,False,False,,True,,,bare,0,,,1087a4988e482019,
allenai/OLMo-2-0325-32B-Instruct,b96024342a77a69aa0dda815c3454a671f477463,v2,15,Care,cloze,0,0.11855542503565801,0.42010108225236165,0.005606561964862064,5,False,False,,True,,,bare,0,,,58b7e6e026e0da30,
allenai/OLMo-2-0325-32B-Instruct,b96024342a77a69aa0dda815c3454a671f477463,v2,16,Care,cloze,0,1.9369314341243762,1.0368602952478427,0.004482044239046718,5,False,False,,True,,,bare,0,,,76e8f4ca65fd4a35,
allenai/OLMo-2-0325-32B-Instruct,b96024342a77a69aa0dda815c3454a671f477463,v2,17,Fairness,cloze,0,2.8926100480427612,1.8363048372900532,0.017437438408613417,5,False,False,,True,,,bare,0,,,e57c58724d6227e5,
allenai/OLMo-2-0325-32B-Instruct,b96024342a77a69aa0dda815c3454a671f477463,v2,18,Fairness,cloze,0,2.93077363390807,1.8743772979890927,0.012076470604838388,5,False,False,,True,,,bare,0,,,6483a93a5f706ffd,
allenai/OLMo-2-0325-32B-Instruct,b96024342a77a69aa0dda815c3454a671f477463,v2,19,Fairness,cloze,0,2.4966586598479403,1.2529647432987958,0.004018576938963314,5,False,False,,True,,,bare,0,,,a0805a06692fe193,
allenai/OLMo-2-0325-32B-Instruct,b96024342a77a69aa0dda815c3454a671f477463,v2,20,Fairness,cloze,0,1.6316520169768507,0.8939193912592477,0.0012896922456593594,5,False,False,,True,,,bare,0,,,caf7d432fa4cda05,
allenai/OLMo-2-0325-32B-Instruct,b96024342a77a69aa0dda815c3454a671f477463,v2,21,Fairness,cloze,0,2.6309112277256013,1.3646736637220758,0.005038570664882057,5,False,False,,True,,,bare,0,,,616cedeae9d1cd7c,
allenai/OLMo-2-0325-32B-Instruct,b96024342a77a69aa0dda815c3454a671f477463,v2,22,Fairness,cloze,0,3.006989385628563,2.3020908320153635,0.05175704579370075,5,False,False,,True,,,bare,0,,,f28cffbc95171af4,
allenai/OLMo-2-0325-32B-Instruct,b96024342a77a69aa0dda815c3454a671f477463,v2,23,Fairness,cloze,0,2.950154202328075,2.0022869414230615,0.02053496061556566,5,False,False,,True,,,bare,0,,,dd9e9419cbf72493,
allenai/OLMo-2-0325-32B-Instruct,b96024342a77a69aa0dda815c3454a671f477463,v2,24,Fairness,cloze,0,0.5674066765810558,0.6316773629549522,0.0020940690326295094,5,False,False,,True,,,bare,0,,,d088b6926926500a,
allenai/OLMo-2-0325-32B-Instruct,b96024342a77a69aa0dda815c3454a671f477463,v2,25,Fairness,cloze,0,2.878233767333808,1.8165265746418247,0.017713753974645464,5,False,False,,True,,,bare,0,,,09635e4ba36357f9,
allenai/OLMo-2-0325-32B-Instruct,b96024342a77a69aa0dda815c3454a671f477463,v2,26,Fairness,cloze,0,1.6953086858113984,0.9063083718602399,0.002054825783609626,5,False,False,,True,,,bare,0,,,f65056e3ee77617c,
allenai/OLMo-2-0325-32B-Instruct,b96024342a77a69aa0dda815c3454a671f477463,v2,27,Fairness,cloze,0,2.89152225852306,1.8555726232609917,0.021296315938695798,5,False,False,,True,,,bare,0,,,13ee9212c4c958d0,
allenai/OLMo-2-0325-32B-Instruct,b96024342a77a69aa0dda815c3454a671f477463,v2,28,Fairness,cloze,0,2.1818818230354107,1.0345227328991666,0.0029973191423949726,5,False,False,,True,,,bare,0,,,d37b2f58697e959e,
allenai/OLMo-2-0325-32B-Instruct,b96024342a77a69aa0dda815c3454a671f477463,v2,29,Fairness,cloze,0,0.24954162830329438,0.4925106315429486,0.0010902306852716497,5,False,False,,True,,,bare,0,,,178c481a78013d36,
allenai/OLMo-2-0325-32B-Instruct,b96024342a77a69aa0dda815c3454a671f477463,v2,30,Fairness,cloze,0,2.5434423537535498,1.2684943958200094,0.005113953203352373,5,False,False,,True,,,bare,0,,,9364e56c97682312,
allenai/OLMo-2-0325-32B-Instruct,b96024342a77a69aa0dda815c3454a671f477463,v2,31,Fairness,cloze,0,2.971233283904336,2.149400519102036,0.0401006305361181,5,False,False,,True,,,bare,0,,,b1caf542c7082689,
allenai/OLMo-2-0325-32B-Instruct,b96024342a77a69aa0dda815c3454a671f477463,v2,32,Fairness,cloze,0,1.2020161256493358,0.727373820410047,0.0013512855919468776,5,False,False,,True,,,bare,0,,,cd890a00a7f50450,
allenai/OLMo-2-0325-32B-Instruct,b96024342a77a69aa0dda815c3454a671f477463,v2,33,Fairness,cloze,0,1.2862074102187586,0.8768873231708983,0.004330781486806109,5,False,False,,True,,,bare,0,,,010b69db30879da0,
allenai/OLMo-2-0325-32B-Instruct,b96024342a77a69aa0dda815c3454a671f477463,v2,34,Loyalty,cloze,0,0.25902316613866905,0.5290370974824217,0.00343061198545941,5,False,False,,True,,,bare,0,,,16f374838d620183,
allenai/OLMo-2-0325-32B-Instruct,b96024342a77a69aa0dda815c3454a671f477463,v2,35,Loyalty,cloze,0,0.01770953548630081,0.2607913339144372,0.007577571603069295,5,False,False,,True,,,bare,0,,,5427a80889b6da37,
allenai/OLMo-2-0325-32B-Instruct,b96024342a77a69aa0dda815c3454a671f477463,v2,36,Loyalty,cloze,0,0.05655408361133898,0.34688243376538885,0.003822425068180826,5,False,False,,True,,,bare,0,,,376c18d43b5cdf9c,
allenai/OLMo-2-0325-32B-Instruct,b96024342a77a69aa0dda815c3454a671f477463,v2,37,Loyalty,cloze,0,0.03378320268959352,0.2939382592996118,0.003930588550555866,5,False,False,,True,,,bare,0,,,107068e41427fc19,
allenai/OLMo-2-0325-32B-Instruct,b96024342a77a69aa0dda815c3454a671f477463,v2,38,Loyalty,cloze,0,0.10974815239701552,0.3925957763035489,0.003315149632909799,5,False,False,,True,,,bare,0,,,988092452cb601ed,
allenai/OLMo-2-0325-32B-Instruct,b96024342a77a69aa0dda815c3454a671f477463,v2,39,Loyalty,cloze,0,0.7258298006251853,0.571156207007696,0.0008758654091785501,5,False,False,,True,,,bare,0,,,e20203049842eae8,
allenai/OLMo-2-0325-32B-Instruct,b96024342a77a69aa0dda815c3454a671f477463,v2,40,Loyalty,cloze,0,0.20968349436434572,0.4750076116101404,0.0052119804625327375,5,False,False,,True,,,bare,0,,,25c433080eef533c,
allenai/OLMo-2-0325-32B-Instruct,b96024342a77a69aa0dda815c3454a671f477463,v2,41,Loyalty,cloze,0,0.2713857329126288,0.5532410104169283,0.009940820087533423,5,False,False,,True,,,bare,0,,,c19af21cdc0ae6f2,
allenai/OLMo-2-0325-32B-Instruct,b96024342a77a69aa0dda815c3454a671f477463,v2,42,Loyalty,cloze,0,0.06240800013391772,0.34552383782050533,0.004759652052529178,5,False,False,,True,,,bare,0,,,758253543b56a4b3,
allenai/OLMo-2-0325-32B-Instruct,b96024342a77a69aa0dda815c3454a671f477463,v2,43,Loyalty,cloze,0,1.455852322263401,0.8838864468742824,0.003070335640309497,5,False,False,,True,,,bare,0,,,461b755eeba9f747,
allenai/OLMo-2-0325-32B-Instruct,b96024342a77a69aa0dda815c3454a671f477463,v2,44,Loyalty,cloze,0,0.05903622289549623,0.33795359724783736,0.007425299831962374,5,False,False,,True,,,bare,0,,,1e3a0f5248001f3c,
allenai/OLMo-2-0325-32B-Instruct,b96024342a77a69aa0dda815c3454a671f477463,v2,45,Loyalty,cloze,0,0.6276730143125374,0.5699069000258666,0.0011380284173477984,5,False,False,,True,,,bare,0,,,97eb16538a199691,
allenai/OLMo-2-0325-32B-Instruct,b96024342a77a69aa0dda815c3454a671f477463,v2,46,Loyalty,cloze,0,0.11069016421005967,0.40532867562989644,0.0064058284587756795,5,False,False,,True,,,bare,0,,,499ef0e02e7c5b31,
allenai/OLMo-2-0325-32B-Instruct,b96024342a77a69aa0dda815c3454a671f477463,v2,47,Loyalty,cloze,0,0.20224091937210437,0.44403688154458965,0.002109111437904695,5,False,False,,True,,,bare,0,,,bac56fe577a530e5,
allenai/OLMo-2-0325-32B-Instruct,b96024342a77a69aa0dda815c3454a671f477463,v2,48,Loyalty,cloze,0,0.43772716662273203,0.5236342187266588,0.0008834621880898996,5,False,False,,True,,,bare,0,,,52812a152292f6b2,
allenai/OLMo-2-0325-32B-Instruct,b96024342a77a69aa0dda815c3454a671f477463,v2,49,Loyalty,cloze,0,0.04484488581947885,0.3475594588439701,0.007555011586068056,5,False,False,,True,,,bare,0,,,0aec17e7a3d2ddb4,
allenai/OLMo-2-0325-32B-Instruct,b96024342a77a69aa0dda815c3454a671f477463,v2,50,Authority,cloze,0,1.8488014631024554,0.8999227579148049,0.001652317806306723,5,False,False,,True,,,bare,0,,,dc33e70f5f79df94,
allenai/OLMo-2-0325-32B-Instruct,b96024342a77a69aa0dda815c3454a671f477463,v2,51,Authority,cloze,0,0.29522874464134036,0.5056133811053751,0.0019278787386701563,5,False,False,,True,,,bare,0,,,010915a9d6da9740,
allenai/OLMo-2-0325-32B-Instruct,b96024342a77a69aa0dda815c3454a671f477463,v2,52,Authority,cloze,0,1.819897553633914,1.0629065674668634,0.005217788354305103,5,False,False,,True,,,bare,0,,,ba2dcb1a78698f46,
allenai/OLMo-2-0325-32B-Instruct,b96024342a77a69aa0dda815c3454a671f477463,v2,53,Authority,cloze,0,1.1242007425785783,0.6896617670687322,0.0009846035275057712,5,False,False,,True,,,bare,0,,,7fe3d887164e15b7,
allenai/OLMo-2-0325-32B-Instruct,b96024342a77a69aa0dda815c3454a671f477463,v2,54,Authority,cloze,0,0.49076973076494507,0.6448441885901123,0.003457536513461046,5,False,False,,True,,,bare,0,,,8f553eef2803bde8,
allenai/OLMo-2-0325-32B-Instruct,b96024342a77a69aa0dda815c3454a671f477463,v2,55,Authority,cloze,0,0.3303761597819206,0.5210994217932158,0.0019123190084378385,5,False,False,,True,,,bare,0,,,ca81c6d0a1ad16b2,
allenai/OLMo-2-0325-32B-Instruct,b96024342a77a69aa0dda815c3454a671f477463,v2,56,Authority,cloze,0,2.7979539683768415,1.6360133623397282,0.012037060321647705,5,False,False,,True,,,bare,0,,,43825ef7e051be2f,
allenai/OLMo-2-0325-32B-Instruct,b96024342a77a69aa0dda815c3454a671f477463,v2,57,Authority,cloze,0,1.7148558673929115,0.919219376369234,0.002809671533307094,5,False,False,,True,,,bare,0,,,ddb53d786dfa9c54,
allenai/OLMo-2-0325-32B-Instruct,b96024342a77a69aa0dda815c3454a671f477463,v2,58,Authority,cloze,0,1.6583295307925163,0.8998475722591402,0.001856275484988351,5,False,False,,True,,,bare,0,,,5f8790496c8aac8d,
allenai/OLMo-2-0325-32B-Instruct,b96024342a77a69aa0dda815c3454a671f477463,v2,59,Authority,cloze,0,2.387217616887294,1.2534483459112133,0.004701525258868661,5,False,False,,True,,,bare,0,,,0eb24dafb1706e6c,
allenai/OLMo-2-0325-32B-Instruct,b96024342a77a69aa0dda815c3454a671f477463,v2,60,Authority,cloze,0,1.4257238930668037,0.942126146023465,0.004717256021691863,5,False,False,,True,,,bare,0,,,8ec0e920df5072d9,
allenai/OLMo-2-0325-32B-Instruct,b96024342a77a69aa0dda815c3454a671f477463,v2,61,Authority,cloze,0,1.337462182713521,0.7970362782638426,0.0019980904337019863,5,False,False,,True,,,bare,0,,,3eedd8a4fbc21c21,
allenai/OLMo-2-0325-32B-Instruct,b96024342a77a69aa0dda815c3454a671f477463,v2,62,Authority,cloze,0,1.2025449000624415,0.7819350397248342,0.002649979009349219,5,False,False,,True,,,bare,0,,,42279a272b78f589,
allenai/OLMo-2-0325-32B-Instruct,b96024342a77a69aa0dda815c3454a671f477463,v2,63,Authority,cloze,0,2.1855169373861667,1.2016383445740677,0.006049417729990417,5,False,False,,True,,,bare,0,,,c5ac52389640cfff,
allenai/OLMo-2-0325-32B-Instruct,b96024342a77a69aa0dda815c3454a671f477463,v2,64,Authority,cloze,0,2.1800999908583596,1.1653581567076243,0.004683863690754803,5,False,False,,True,,,bare,0,,,4e3e9d30ee455de4,
allenai/OLMo-2-0325-32B-Instruct,b96024342a77a69aa0dda815c3454a671f477463,v2,65,Authority,cloze,0,0.8064339076209363,0.7232986928312802,0.0034967537652339344,5,False,False,,True,,,bare,0,,,e20be16e271e6bf1,
allenai/OLMo-2-0325-32B-Instruct,b96024342a77a69aa0dda815c3454a671f477463,v2,66,Authority,cloze,0,1.2153201168299244,0.8287698222239139,0.003189517605126531,5,False,False,,True,,,bare,0,,,d3b102192eb0f8fc,
allenai/OLMo-2-0325-32B-Instruct,b96024342a77a69aa0dda815c3454a671f477463,v2,67,Sanctity,cloze,0,0.8449931005121804,0.713013234661034,0.002509211574903359,5,False,False,,True,,,bare,0,,,1fafa79b98092884,
allenai/OLMo-2-0325-32B-Instruct,b96024342a77a69aa0dda815c3454a671f477463,v2,68,Sanctity,cloze,0,1.0098285269370828,0.6522766796440003,0.00136988540221426,5,False,False,,True,,,bare,0,,,f2f2b27c36966a80,
allenai/OLMo-2-0325-32B-Instruct,b96024342a77a69aa0dda815c3454a671f477463,v2,69,Sanctity,cloze,0,0.6575340350652085,0.6277863340128751,0.0008092196002349888,5,False,False,,True,,,bare,0,,,0aaa90497c574873,
allenai/OLMo-2-0325-32B-Instruct,b96024342a77a69aa0dda815c3454a671f477463,v2,70,Sanctity,cloze,0,2.3837714188772807,1.3768946520915604,0.007933217805534125,5,False,False,,True,,,bare,0,,,5a495faefe450a05,
allenai/OLMo-2-0325-32B-Instruct,b96024342a77a69aa0dda815c3454a671f477463,v2,71,Sanctity,cloze,0,2.763629380206018,1.7086018541339298,0.012517002784103615,5,False,False,,True,,,bare,0,,,dbccc9de3a40f736,
allenai/OLMo-2-0325-32B-Instruct,b96024342a77a69aa0dda815c3454a671f477463,v2,72,Sanctity,cloze,0,3.0245484047805995,2.243362894127878,0.044079969611204,5,False,False,,True,,,bare,0,,,ebd3c896a16874ad,
allenai/OLMo-2-0325-32B-Instruct,b96024342a77a69aa0dda815c3454a671f477463,v2,73,Sanctity,cloze,0,2.613151040843405,1.4796496471800846,0.009107574774165805,5,False,False,,True,,,bare,0,,,2238ef83e0d9d64e,
allenai/OLMo-2-0325-32B-Instruct,b96024342a77a69aa0dda815c3454a671f477463,v2,74,Sanctity,cloze,0,1.2968266755992288,0.9069225564896342,0.003316358968893414,5,False,False,,True,,,bare,0,,,b903c0f58886329b,
allenai/OLMo-2-0325-32B-Instruct,b96024342a77a69aa0dda815c3454a671f477463,v2,75,Sanctity,cloze,0,0.02881350720894669,0.32042368405511645,0.004203248955281849,5,False,False,,True,,,bare,0,,,7bc926994618f185,
allenai/OLMo-2-0325-32B-Instruct,b96024342a77a69aa0dda815c3454a671f477463,v2,76,Sanctity,cloze,0,2.7616943793640174,1.8163701645430708,0.013248062042381716,5,False,False,,True,,,bare,0,,,bf9c609edc593702,
allenai/OLMo-2-0325-32B-Instruct,b96024342a77a69aa0dda815c3454a671f477463,v2,77,Sanctity,cloze,0,0.27591020473398997,0.4581481170422587,0.001067432654067292,5,False,False,,True,,,bare,0,,,2f847443fd7b4d8e,
allenai/OLMo-2-0325-32B-Instruct,b96024342a77a69aa0dda815c3454a671f477463,v2,78,Sanctity,cloze,0,0.5798143853651686,0.5649372302346889,0.0005652092561395503,5,False,False,,True,,,bare,0,,,fa059113910c7ed1,
allenai/OLMo-2-0325-32B-Instruct,b96024342a77a69aa0dda815c3454a671f477463,v2,79,Sanctity,cloze,0,0.11774306890281253,0.44495796626797635,0.007652560442593876,5,False,False,,True,,,bare,0,,,5eadac7848bf0956,
allenai/OLMo-2-0325-32B-Instruct,b96024342a77a69aa0dda815c3454a671f477463,v2,80,Sanctity,cloze,0,2.3075325581284534,1.2655059744642818,0.005003974605947277,5,False,False,,True,,,bare,0,,,3839e0125d7566bf,
allenai/OLMo-2-0325-32B-Instruct,b96024342a77a69aa0dda815c3454a671f477463,v2,81,Sanctity,cloze,0,0.34000578811372484,0.4704816296608416,0.002041429396078776,5,False,False,,True,,,bare,0,,,ebca7c0b22b04c9c,
allenai/OLMo-2-0325-32B-Instruct,b96024342a77a69aa0dda815c3454a671f477463,v2,82,Sanctity,cloze,0,0.864461113321257,0.6053355172631156,0.0007075605350748314,5,False,False,,True,,,bare,0,,,eb986f2565d361c2,
allenai/OLMo-2-0325-32B-Instruct,b96024342a77a69aa0dda815c3454a671f477463,v2,83,Sanctity,cloze,0,0.5125348074230159,0.5761303900058705,0.002593767342113274,5,False,False,,True,,,bare,0,,,c2a2969dc74de68e,
allenai/OLMo-2-0325-32B-Instruct,b96024342a77a69aa0dda815c3454a671f477463,v2,84,Liberty,cloze,0,0.40834521393562634,0.6320728848293824,0.007016037642465964,5,False,False,,True,,,bare,0,,,889a64a5d2209fec,
allenai/OLMo-2-0325-32B-Instruct,b96024342a77a69aa0dda815c3454a671f477463,v2,85,Liberty,cloze,0,0.06268232767026732,0.37510710638556477,0.0028227464558571993,5,False,False,,True,,,bare,0,,,5d768a8ffb105311,
allenai/OLMo-2-0325-32B-Instruct,b96024342a77a69aa0dda815c3454a671f477463,v2,86,Liberty,cloze,0,2.975065156022876,2.1096451863890726,0.0244452290679366,5,False,False,,True,,,bare,0,,,760bae0406163f18,
allenai/OLMo-2-0325-32B-Instruct,b96024342a77a69aa0dda815c3454a671f477463,v2,87,Liberty,cloze,0,2.7016244397021754,1.5427550450031147,0.010811414042025543,5,False,False,,True,,,bare,0,,,64773736aa9a2cea,
allenai/OLMo-2-0325-32B-Instruct,b96024342a77a69aa0dda815c3454a671f477463,v2,88,Liberty,cloze,0,1.6302460111815096,1.0764441385337866,0.009978116631899077,5,False,False,,True,,,bare,0,,,ef82ef8091d665ee,
allenai/OLMo-2-0325-32B-Instruct,b96024342a77a69aa0dda815c3454a671f477463,v2,89,Liberty,cloze,0,1.0047270086829874,0.7831152317016326,0.0016057384319731359,5,False,False,,True,,,bare,0,,,0a382baad55c7916,
allenai/OLMo-2-0325-32B-Instruct,b96024342a77a69aa0dda815c3454a671f477463,v2,90,Liberty,cloze,0,2.8976616165241267,1.9178698797220324,0.02075024788805641,5,False,False,,True,,,bare,0,,,6eee0d88b3a75c61,
allenai/OLMo-2-0325-32B-Instruct,b96024342a77a69aa0dda815c3454a671f477463,v2,91,Liberty,cloze,0,2.795379749990788,1.7275215043679844,0.010320319949146228,5,False,False,,True,,,bare,0,,,62a0ae9b11779cdf,
allenai/OLMo-2-0325-32B-Instruct,b96024342a77a69aa0dda815c3454a671f477463,v2,92,Liberty,cloze,0,2.3584639357678383,1.254220511951737,0.005445631479280292,5,False,False,,True,,,bare,0,,,3cea52240b19af4a,
allenai/OLMo-2-0325-32B-Instruct,b96024342a77a69aa0dda815c3454a671f477463,v2,93,Liberty,cloze,0,0.08303754545549331,0.432094133892127,0.004817942516505143,5,False,False,,True,,,bare,0,,,7dce8a2f46a2c46d,
allenai/OLMo-2-0325-32B-Instruct,b96024342a77a69aa0dda815c3454a671f477463,v2,94,Liberty,cloze,0,0.30790936588872186,0.5626517835578201,0.008640209874891449,5,False,False,,True,,,bare,0,,,e88bd85784ec0014,
allenai/OLMo-2-0325-32B-Instruct,b96024342a77a69aa0dda815c3454a671f477463,v2,95,Liberty,cloze,0,0.34362771937059194,0.5922953588292114,0.004848909432834338,5,False,False,,True,,,bare,0,,,e2fceb483e1af7ff,
allenai/OLMo-2-0325-32B-Instruct,b96024342a77a69aa0dda815c3454a671f477463,v2,96,Liberty,cloze,0,0.09577291569546849,0.3843968322709583,0.001718515911902997,5,False,False,,True,,,bare,0,,,0eab3ef3c3cd3c74,
allenai/OLMo-2-0325-32B-Instruct,b96024342a77a69aa0dda815c3454a671f477463,v2,97,Liberty,cloze,0,0.8624897866438124,0.7750325350892127,0.005075089098191074,5,False,False,,True,,,bare,0,,,5fdc55951452f187,
allenai/OLMo-2-0325-32B-Instruct,b96024342a77a69aa0dda815c3454a671f477463,v2,98,Liberty,cloze,0,3.0108318257961617,2.333049325408247,0.05996107113035119,5,False,False,,True,,,bare,0,,,6ea9fa2e77d096bc,
allenai/OLMo-2-0325-32B-Instruct,b96024342a77a69aa0dda815c3454a671f477463,v2,99,Liberty,cloze,0,1.8618712005785532,1.0224880619821128,0.004497193781647371,5,False,False,,True,,,bare,0,,,00271eaea3124e9a,
allenai/OLMo-2-0325-32B-Instruct,b96024342a77a69aa0dda815c3454a671f477463,v2,100,Liberty,cloze,0,0.43514276467277424,0.6492438936756674,0.010411793033692137,5,False,False,,True,,,bare,0,,,28edd6275fe348f6,
allenai/OLMo-2-0325-32B-Instruct,b96024342a77a69aa0dda815c3454a671f477463,v2,101,Social Norms,cloze,0,0.0166366265856668,0.2589841170400718,0.006954313161310146,5,False,False,,True,,,bare,0,,,2c4c1cc165a9024d,
allenai/OLMo-2-0325-32B-Instruct,b96024342a77a69aa0dda815c3454a671f477463,v2,102,Social Norms,cloze,0,0.03250346381998095,0.2889690692516677,0.001949394020803284,5,False,False,,True,,,bare,0,,,c875bd8dffd85232,
allenai/OLMo-2-0325-32B-Instruct,b96024342a77a69aa0dda815c3454a671f477463,v2,103,Social Norms,cloze,0,0.06555434597086988,0.37648871659506433,0.003724940105108504,5,False,False,,True,,,bare,0,,,b0a5473d87ee5c5b,
allenai/OLMo-2-0325-32B-Instruct,b96024342a77a69aa0dda815c3454a671f477463,v2,104,Social Norms,cloze,0,0.024773386955584207,0.26588317230162306,0.0020305514337658126,5,False,False,,True,,,bare,0,,,5126d0cb117438f9,
allenai/OLMo-2-0325-32B-Instruct,b96024342a77a69aa0dda815c3454a671f477463,v2,105,Social Norms,cloze,0,0.08959524632352693,0.3807088171540327,0.001216395722637992,5,False,False,,True,,,bare,0,,,3e64c8810d3a21c5,
allenai/OLMo-2-0325-32B-Instruct,b96024342a77a69aa0dda815c3454a671f477463,v2,106,Social Norms,cloze,0,0.11828576626195589,0.40404312359972167,0.0011799970253837345,5,False,False,,True,,,bare,0,,,f4321785672782f4,
allenai/OLMo-2-0325-32B-Instruct,b96024342a77a69aa0dda815c3454a671f477463,v2,107,Social Norms,cloze,0,0.023028303398264376,0.27627393144936324,0.003664751953330547,5,False,False,,True,,,bare,0,,,681bdc8b08872fa6,
allenai/OLMo-2-0325-32B-Instruct,b96024342a77a69aa0dda815c3454a671f477463,v2,108,Social Norms,cloze,0,0.03734228403614121,0.3064396993952423,0.0018745163034041422,5,False,False,,True,,,bare,0,,,b64d06f781610006,
allenai/OLMo-2-0325-32B-Instruct,b96024342a77a69aa0dda815c3454a671f477463,v2,109,Social Norms,cloze,0,0.15360651862662078,0.40302823026307544,0.0012046877106285001,5,False,False,,True,,,bare,0,,,f535215428c5a22c,
allenai/OLMo-2-0325-32B-Instruct,b96024342a77a69aa0dda815c3454a671f477463,v2,110,Social Norms,cloze,0,0.010837187166161041,0.22662955734840304,0.004514364424338357,5,False,False,,True,,,bare,0,,,ac6bcf8d49551ce5,
allenai/OLMo-2-0325-32B-Instruct,b96024342a77a69aa0dda815c3454a671f477463,v2,111,Social Norms,cloze,0,0.04056597140055893,0.30643100588384253,0.0030841217352835858,5,False,False,,True,,,bare,0,,,e3e6fb8ee64ec939,
allenai/OLMo-2-0325-32B-Instruct,b96024342a77a69aa0dda815c3454a671f477463,v2,112,Social Norms,cloze,0,0.011098486818385352,0.22382458366220376,0.0075989094539056865,5,False,False,,True,,,bare,0,,,36800e00eff4591a,
allenai/OLMo-2-0325-32B-Instruct,b96024342a77a69aa0dda815c3454a671f477463,v2,113,Social Norms,cloze,0,0.022868430693590597,0.2677741721711352,0.004132662869129118,5,False,False,,True,,,bare,0,,,f615da6672dffee1,
allenai/OLMo-2-0325-32B-Instruct,b96024342a77a69aa0dda815c3454a671f477463,v2,114,Social Norms,cloze,0,0.24871899082634202,0.46712814521719603,0.002024389994522101,5,False,False,,True,,,bare,0,,,45c5ea7c70a07109,
allenai/OLMo-2-0325-32B-Instruct,b96024342a77a69aa0dda815c3454a671f477463,v2,115,Social Norms,cloze,0,0.009920748522151192,0.23209578468002706,0.0043872930125068614,5,False,False,,True,,,bare,0,,,310a8924f76c6fa8,
allenai/OLMo-2-0325-32B-Instruct,b96024342a77a69aa0dda815c3454a671f477463,v2,116,Social Norms,cloze,0,0.026967555130870426,0.2780641500448708,0.004818761942431564,5,False,False,,True,,,bare,0,,,e0faaefe3128c98f,
allenai/OLMo-2-0325-32B-Instruct,b96024342a77a69aa0dda815c3454a671f477463,v2,1,Care,greedy,0,3.0,,nan,1,False,False,anchored,,,,,,,,44642b1e52ff3e79,3: Very wrong
allenai/OLMo-2-0325-32B-Instruct,b96024342a77a69aa0dda815c3454a671f477463,v2,2,Care,greedy,0,3.0,,nan,1,False,False,anchored,,,,,,,,1913a7d03af1ff88,3: Very wrong
allenai/OLMo-2-0325-32B-Instruct,b96024342a77a69aa0dda815c3454a671f477463,v2,3,Care,greedy,0,3.0,,nan,1,False,False,anchored,,,,,,,,a2d3b6daf453e8b6,3: Very wrong
allenai/OLMo-2-0325-32B-Instruct,b96024342a77a69aa0dda815c3454a671f477463,v2,4,Care,greedy,0,3.0,,nan,1,False,False,anchored,,,,,,,,5e96c369f81eb79f,3: Very wrong
allenai/OLMo-2-0325-32B-Instruct,b96024342a77a69aa0dda815c3454a671f477463,v2,5,Care,greedy,0,2.0,,nan,1,False,False,anchored,,,,,,,,40bade8087ef10f8,2: Somewhat wrong
allenai/OLMo-2-0325-32B-Instruct,b96024342a77a69aa0dda815c3454a671f477463,v2,6,Care,greedy,0,2.0,,nan,1,False,False,anchored,,,,,,,,8c67f566fd720c90,2: Somewhat wrong
allenai/OLMo-2-0325-32B-Instruct,b96024342a77a69aa0dda815c3454a671f477463,v2,7,Care,greedy,0,3.0,,nan,1,False,False,anchored,,,,,,,,1fe426dc82b973a8,3: Very wrong
allenai/OLMo-2-0325-32B-Instruct,b96024342a77a69aa0dda815c3454a671f477463,v2,8,Care,greedy,0,3.0,,nan,1,False,False,anchored,,,,,,,,706f3972748399bc,3: Very wrong
allenai/OLMo-2-0325-32B-Instruct,b96024342a77a69aa0dda815c3454a671f477463,v2,9,Care,greedy,0,3.0,,nan,1,False,False,anchored,,,,,,,,3890a213cc933cad,3: Very wrong
allenai/OLMo-2-0325-32B-Instruct,b96024342a77a69aa0dda815c3454a671f477463,v2,10,Care,greedy,0,3.0,,nan,1,False,False,anchored,,,,,,,,0fd683ed20bb6ac5,3: Very wrong
allenai/OLMo-2-0325-32B-Instruct,b96024342a77a69aa0dda815c3454a671f477463,v2,11,Care,greedy,0,3.0,,nan,1,False,False,anchored,,,,,,,,d4bb3aae295025d7,3: Very wrong
allenai/OLMo-2-0325-32B-Instruct,b96024342a77a69aa0dda815c3454a671f477463,v2,12,Care,greedy,0,3.0,,nan,1,False,False,anchored,,,,,,,,81561e7177a4e54a,3: Very wrong
allenai/OLMo-2-0325-32B-Instruct,b96024342a77a69aa0dda815c3454a671f477463,v2,13,Care,greedy,0,3.0,,nan,1,False,False,anchored,,,,,,,,8eb3a30665be02a2,3: Very wrong
allenai/OLMo-2-0325-32B-Instruct,b96024342a77a69aa0dda815c3454a671f477463,v2,14,Care,greedy,0,3.0,,nan,1,False,False,anchored,,,,,,,,b4aec18bf6f5051e,3: Very wrong
allenai/OLMo-2-0325-32B-Instruct,b96024342a77a69aa0dda815c3454a671f477463,v2,15,Care,greedy,0,2.0,,nan,1,False,False,anchored,,,,,,,,5c1b5e3e595ef0ee,2: Somewhat wrong
allenai/OLMo-2-0325-32B-Instruct,b96024342a77a69aa0dda815c3454a671f477463,v2,16,Care,greedy,0,3.0,,nan,1,False,False,anchored,,,,,,,,95504516f123c9d8,3: Very wrong
allenai/OLMo-2-0325-32B-Instruct,b96024342a77a69aa0dda815c3454a671f477463,v2,17,Fairness,greedy,0,3.0,,nan,1,False,False,anchored,,,,,,,,b19fbec958482d1f,3: Very wrong
allenai/OLMo-2-0325-32B-Instruct,b96024342a77a69aa0dda815c3454a671f477463,v2,18,Fairness,greedy,0,3.0,,nan,1,False,False,anchored,,,,,,,,99666992e14d40fa,3: Very wrong
allenai/OLMo-2-0325-32B-Instruct,b96024342a77a69aa0dda815c3454a671f477463,v2,19,Fairness,greedy,0,3.0,,nan,1,False,False,anchored,,,,,,,,9cc6a157d328ced8,3: Very wrong
allenai/OLMo-2-0325-32B-Instruct,b96024342a77a69aa0dda815c3454a671f477463,v2,20,Fairness,greedy,0,3.0,,nan,1,False,False,anchored,,,,,,,,96cb505613052a5c,3: Very wrong
allenai/OLMo-2-0325-32B-Instruct,b96024342a77a69aa0dda815c3454a671f477463,v2,21,Fairness,greedy,0,3.0,,nan,1,False,False,anchored,,,,,,,,621e63aba89a1914,3: Very wrong
allenai/OLMo-2-0325-32B-Instruct,b96024342a77a69aa0dda815c3454a671f477463,v2,22,Fairness,greedy,0,4.0,,nan,1,False,False,anchored,,,,,,,,0e1f8c298420863d,4: Extremely wrong
allenai/OLMo-2-0325-32B-Instruct,b96024342a77a69aa0dda815c3454a671f477463,v2,23,Fairness,greedy,0,3.0,,nan,1,False,False,anchored,,,,,,,,c1b1c6838ee9d401,3: Very wrong
allenai/OLMo-2-0325-32B-Instruct,b96024342a77a69aa0dda815c3454a671f477463,v2,24,Fairness,greedy,0,3.0,,nan,1,False,False,anchored,,,,,,,,74ef17329d02a486,3: Very wrong
allenai/OLMo-2-0325-32B-Instruct,b96024342a77a69aa0dda815c3454a671f477463,v2,25,Fairness,greedy,0,3.0,,nan,1,False,False,anchored,,,,,,,,c13161b55a415ec2,3: Very wrong
allenai/OLMo-2-0325-32B-Instruct,b96024342a77a69aa0dda815c3454a671f477463,v2,26,Fairness,greedy,0,3.0,,nan,1,False,False,anchored,,,,,,,,8a15988e0b58ddc5,3: Very wrong
allenai/OLMo-2-0325-32B-Instruct,b96024342a77a69aa0dda815c3454a671f477463,v2,27,Fairness,greedy,0,3.0,,nan,1,False,False,anchored,,,,,,,,a86239a9bdd56844,3: Very wrong
allenai/OLMo-2-0325-32B-Instruct,b96024342a77a69aa0dda815c3454a671f477463,v2,28,Fairness,greedy,0,3.0,,nan,1,False,False,anchored,,,,,,,,be944925959f6221,3: Very wrong
allenai/OLMo-2-0325-32B-Instruct,b96024342a77a69aa0dda815c3454a671f477463,v2,29,Fairness,greedy,0,2.0,,nan,1,False,False,anchored,,,,,,,,2fadc17b158a203f,2: Somewhat wrong
allenai/OLMo-2-0325-32B-Instruct,b96024342a77a69aa0dda815c3454a671f477463,v2,30,Fairness,greedy,0,3.0,,nan,1,False,False,anchored,,,,,,,,08fd3c392e299c69,3: Very wrong
allenai/OLMo-2-0325-32B-Instruct,b96024342a77a69aa0dda815c3454a671f477463,v2,31,Fairness,greedy,0,3.0,,nan,1,False,False,anchored,,,,,,,,47696ad153dde837,3: Very wrong
allenai/OLMo-2-0325-32B-Instruct,b96024342a77a69aa0dda815c3454a671f477463,v2,32,Fairness,greedy,0,3.0,,nan,1,False,False,anchored,,,,,,,,fcd7c1e96dca4c53,3: Very wrong
allenai/OLMo-2-0325-32B-Instruct,b96024342a77a69aa0dda815c3454a671f477463,v2,33,Fairness,greedy,0,3.0,,nan,1,False,False,anchored,,,,,,,,7e055d5775975ca3,3: Very wrong
allenai/OLMo-2-0325-32B-Instruct,b96024342a77a69aa0dda815c3454a671f477463,v2,34,Loyalty,greedy,0,3.0,,nan,1,False,False,anchored,,,,,,,,1cb54beea7c9d7eb,3: Very wrong
allenai/OLMo-2-0325-32B-Instruct,b96024342a77a69aa0dda815c3454a671f477463,v2,35,Loyalty,greedy,0,2.0,,nan,1,False,False,anchored,,,,,,,,c37c206b1f9c3b17,2: Somewhat wrong
allenai/OLMo-2-0325-32B-Instruct,b96024342a77a69aa0dda815c3454a671f477463,v2,36,Loyalty,greedy,0,2.0,,nan,1,False,False,anchored,,,,,,,,2d1c36217704eea4,2: Somewhat wrong
allenai/OLMo-2-0325-32B-Instruct,b96024342a77a69aa0dda815c3454a671f477463,v2,37,Loyalty,greedy,0,2.0,,nan,1,False,False,anchored,,,,,,,,55491761a9a6f659,2: Somewhat wrong
allenai/OLMo-2-0325-32B-Instruct,b96024342a77a69aa0dda815c3454a671f477463,v2,38,Loyalty,greedy,0,3.0,,nan,1,False,False,anchored,,,,,,,,301fc5a4f13664de,3: Very wrong
allenai/OLMo-2-0325-32B-Instruct,b96024342a77a69aa0dda815c3454a671f477463,v2,39,Loyalty,greedy,0,3.0,,nan,1,False,False,anchored,,,,,,,,aea91e855a6d2f94,3: Very wrong
allenai/OLMo-2-0325-32B-Instruct,b96024342a77a69aa0dda815c3454a671f477463,v2,40,Loyalty,greedy,0,2.0,,nan,1,False,False,anchored,,,,,,,,c0bb4fb0a3d2bdff,2: Somewhat wrong
allenai/OLMo-2-0325-32B-Instruct,b96024342a77a69aa0dda815c3454a671f477463,v2,41,Loyalty,greedy,0,2.0,,nan,1,False,False,anchored,,,,,,,,e18f363c6dc19447,2: Somewhat wrong
allenai/OLMo-2-0325-32B-Instruct,b96024342a77a69aa0dda815c3454a671f477463,v2,42,Loyalty,greedy,0,2.0,,nan,1,False,False,anchored,,,,,,,,535c940f6729bc0a,2: Somewhat wrong
allenai/OLMo-2-0325-32B-Instruct,b96024342a77a69aa0dda815c3454a671f477463,v2,43,Loyalty,greedy,0,3.0,,nan,1,False,False,anchored,,,,,,,,8465e50533f5353e,3: Very wrong
allenai/OLMo-2-0325-32B-Instruct,b96024342a77a69aa0dda815c3454a671f477463,v2,44,Loyalty,greedy,0,2.0,,nan,1,False,False,anchored,,,,,,,,0da20221b66b19ff,2: Somewhat wrong
allenai/OLMo-2-0325-32B-Instruct,b96024342a77a69aa0dda815c3454a671f477463,v2,45,Loyalty,greedy,0,3.0,,nan,1,False,False,anchored,,,,,,,,0c515d1a102e20cb,3: Very wrong
allenai/OLMo-2-0325-32B-Instruct,b96024342a77a69aa0dda815c3454a671f477463,v2,46,Loyalty,greedy,0,2.0,,nan,1,False,False,anchored,,,,,,,,96bf5653ce516d7f,2: Somewhat wrong
allenai/OLMo-2-0325-32B-Instruct,b96024342a77a69aa0dda815c3454a671f477463,v2,47,Loyalty,greedy,0,2.0,,nan,1,False,False,anchored,,,,,,,,1ee28b16639683de,2: Somewhat wrong
allenai/OLMo-2-0325-32B-Instruct,b96024342a77a69aa0dda815c3454a671f477463,v2,48,Loyalty,greedy,0,3.0,,nan,1,False,False,anchored,,,,,,,,605837de353da898,3: Very wrong
allenai/OLMo-2-0325-32B-Instruct,b96024342a77a69aa0dda815c3454a671f477463,v2,49,Loyalty,greedy,0,2.0,,nan,1,False,False,anchored,,,,,,,,9466a84901f260ba,2: Somewhat wrong
allenai/OLMo-2-0325-32B-Instruct,b96024342a77a69aa0dda815c3454a671f477463,v2,50,Authority,greedy,0,3.0,,nan,1,False,False,anchored,,,,,,,,8931d2dfd54d71b5,3: Very wrong
allenai/OLMo-2-0325-32B-Instruct,b96024342a77a69aa0dda815c3454a671f477463,v2,51,Authority,greedy,0,2.0,,nan,1,False,False,anchored,,,,,,,,ddf10c352b196231,2: Somewhat wrong
allenai/OLMo-2-0325-32B-Instruct,b96024342a77a69aa0dda815c3454a671f477463,v2,52,Authority,greedy,0,3.0,,nan,1,False,False,anchored,,,,,,,,08ff18a2e3cf2f57,3: Very wrong
allenai/OLMo-2-0325-32B-Instruct,b96024342a77a69aa0dda815c3454a671f477463,v2,53,Authority,greedy,0,3.0,,nan,1,False,False,anchored,,,,,,,,ca23b5ae5c0bf8e3,3: Very wrong
allenai/OLMo-2-0325-32B-Instruct,b96024342a77a69aa0dda815c3454a671f477463,v2,54,Authority,greedy,0,3.0,,nan,1,False,False,anchored,,,,,,,,dfca96a580d5ab0b,3: Very wrong
allenai/OLMo-2-0325-32B-Instruct,b96024342a77a69aa0dda815c3454a671f477463,v2,55,Authority,greedy,0,2.0,,nan,1,False,False,anchored,,,,,,,,a9d96d4efd0277b2,2: Somewhat wrong
allenai/OLMo-2-0325-32B-Instruct,b96024342a77a69aa0dda815c3454a671f477463,v2,56,Authority,greedy,0,3.0,,nan,1,False,False,anchored,,,,,,,,affb8f91b7544f31,3: Very wrong
allenai/OLMo-2-0325-32B-Instruct,b96024342a77a69aa0dda815c3454a671f477463,v2,57,Authority,greedy,0,3.0,,nan,1,False,False,anchored,,,,,,,,305e06e6816e6e11,3: Very wrong
allenai/OLMo-2-0325-32B-Instruct,b96024342a77a69aa0dda815c3454a671f477463,v2,58,Authority,greedy,0,3.0,,nan,1,False,False,anchored,,,,,,,,410cf0deb35bb23e,3: Very wrong
allenai/OLMo-2-0325-32B-Instruct,b96024342a77a69aa0dda815c3454a671f477463,v2,59,Authority,greedy,0,3.0,,nan,1,False,False,anchored,,,,,,,,2e3352ca2ae9408f,3: Very wrong
allenai/OLMo-2-0325-32B-Instruct,b96024342a77a69aa0dda815c3454a671f477463,v2,60,Authority,greedy,0,3.0,,nan,1,False,False,anchored,,,,,,,,7454dfbaeb240a26,3: Very wrong
allenai/OLMo-2-0325-32B-Instruct,b96024342a77a69aa0dda815c3454a671f477463,v2,61,Authority,greedy,0,3.0,,nan,1,False,False,anchored,,,,,,,,9d7c0d2df4035e1f,3: Very wrong
allenai/OLMo-2-0325-32B-Instruct,b96024342a77a69aa0dda815c3454a671f477463,v2,62,Authority,greedy,0,3.0,,nan,1,False,False,anchored,,,,,,,,08a80f0d30942bef,3: Very wrong
allenai/OLMo-2-0325-32B-Instruct,b96024342a77a69aa0dda815c3454a671f477463,v2,63,Authority,greedy,0,3.0,,nan,1,False,False,anchored,,,,,,,,109d8e18fd7113cf,3: Very wrong
allenai/OLMo-2-0325-32B-Instruct,b96024342a77a69aa0dda815c3454a671f477463,v2,64,Authority,greedy,0,3.0,,nan,1,False,False,anchored,,,,,,,,ff57f68bbd68e8b9,3: Very wrong
allenai/OLMo-2-0325-32B-Instruct,b96024342a77a69aa0dda815c3454a671f477463,v2,65,Authority,greedy,0,3.0,,nan,1,False,False,anchored,,,,,,,,e7d7944dfba502b6,3: Very wrong
allenai/OLMo-2-0325-32B-Instruct,b96024342a77a69aa0dda815c3454a671f477463,v2,66,Authority,greedy,0,3.0,,nan,1,False,False,anchored,,,,,,,,5a24585d4009afe4,3: Very wrong
allenai/OLMo-2-0325-32B-Instruct,b96024342a77a69aa0dda815c3454a671f477463,v2,67,Sanctity,greedy,0,3.0,,nan,1,False,False,anchored,,,,,,,,dfcca8f8f521f60f,3: Very wrong
allenai/OLMo-2-0325-32B-Instruct,b96024342a77a69aa0dda815c3454a671f477463,v2,68,Sanctity,greedy,0,3.0,,nan,1,False,False,anchored,,,,,,,,98b30c254db71570,3: Very wrong
allenai/OLMo-2-0325-32B-Instruct,b96024342a77a69aa0dda815c3454a671f477463,v2,69,Sanctity,greedy,0,3.0,,nan,1,False,False,anchored,,,,,,,,6b74c673fa86da1b,3: Very wrong
allenai/OLMo-2-0325-32B-Instruct,b96024342a77a69aa0dda815c3454a671f477463,v2,70,Sanctity,greedy,0,3.0,,nan,1,False,False,anchored,,,,,,,,f058f4717dce20b1,3: Very wrong
allenai/OLMo-2-0325-32B-Instruct,b96024342a77a69aa0dda815c3454a671f477463,v2,71,Sanctity,greedy,0,3.0,,nan,1,False,False,anchored,,,,,,,,411cfffc6f3acf3c,3: Very wrong
allenai/OLMo-2-0325-32B-Instruct,b96024342a77a69aa0dda815c3454a671f477463,v2,72,Sanctity,greedy,0,3.0,,nan,1,False,False,anchored,,,,,,,,6092ad959e4541d7,3: Very wrong
allenai/OLMo-2-0325-32B-Instruct,b96024342a77a69aa0dda815c3454a671f477463,v2,73,Sanctity,greedy,0,3.0,,nan,1,False,False,anchored,,,,,,,,5bd998c887f9ab76,3: Very wrong
allenai/OLMo-2-0325-32B-Instruct,b96024342a77a69aa0dda815c3454a671f477463,v2,74,Sanctity,greedy,0,3.0,,nan,1,False,False,anchored,,,,,,,,16c079ef57b3bfe0,3: Very wrong
allenai/OLMo-2-0325-32B-Instruct,b96024342a77a69aa0dda815c3454a671f477463,v2,75,Sanctity,greedy,0,2.0,,nan,1,False,False,anchored,,,,,,,,cb7b27e58e31e9e6,2: Somewhat wrong
allenai/OLMo-2-0325-32B-Instruct,b96024342a77a69aa0dda815c3454a671f477463,v2,76,Sanctity,greedy,0,3.0,,nan,1,False,False,anchored,,,,,,,,1e6900340d71af11,3: Very wrong
allenai/OLMo-2-0325-32B-Instruct,b96024342a77a69aa0dda815c3454a671f477463,v2,77,Sanctity,greedy,0,3.0,,nan,1,False,False,anchored,,,,,,,,efe14cdff76d897d,3: Very wrong
allenai/OLMo-2-0325-32B-Instruct,b96024342a77a69aa0dda815c3454a671f477463,v2,78,Sanctity,greedy,0,3.0,,nan,1,False,False,anchored,,,,,,,,346d5fbeb5fb1586,3: Very wrong
allenai/OLMo-2-0325-32B-Instruct,b96024342a77a69aa0dda815c3454a671f477463,v2,79,Sanctity,greedy,0,2.0,,nan,1,False,False,anchored,,,,,,,,b088783a312aea48,2: Somewhat wrong
allenai/OLMo-2-0325-32B-Instruct,b96024342a77a69aa0dda815c3454a671f477463,v2,80,Sanctity,greedy,0,3.0,,nan,1,False,False,anchored,,,,,,,,3f128f3c827d8324,3: Very wrong
allenai/OLMo-2-0325-32B-Instruct,b96024342a77a69aa0dda815c3454a671f477463,v2,81,Sanctity,greedy,0,2.0,,nan,1,False,False,anchored,,,,,,,,9f839ba4ab8c7d69,2: Somewhat wrong
allenai/OLMo-2-0325-32B-Instruct,b96024342a77a69aa0dda815c3454a671f477463,v2,82,Sanctity,greedy,0,3.0,,nan,1,False,False,anchored,,,,,,,,e77e1f30d61b4d75,3: Very wrong
allenai/OLMo-2-0325-32B-Instruct,b96024342a77a69aa0dda815c3454a671f477463,v2,83,Sanctity,greedy,0,3.0,,nan,1,False,False,anchored,,,,,,,,22ea4aae60f364a4,3: Very wrong
allenai/OLMo-2-0325-32B-Instruct,b96024342a77a69aa0dda815c3454a671f477463,v2,84,Liberty,greedy,0,3.0,,nan,1,False,False,anchored,,,,,,,,d865dde1c9bf280b,3: Very wrong
allenai/OLMo-2-0325-32B-Instruct,b96024342a77a69aa0dda815c3454a671f477463,v2,85,Liberty,greedy,0,2.0,,nan,1,False,False,anchored,,,,,,,,76362cdaa17dd8d1,2: Somewhat wrong
allenai/OLMo-2-0325-32B-Instruct,b96024342a77a69aa0dda815c3454a671f477463,v2,86,Liberty,greedy,0,3.0,,nan,1,False,False,anchored,,,,,,,,2e16e93fb64a4aac,3: Very wrong
allenai/OLMo-2-0325-32B-Instruct,b96024342a77a69aa0dda815c3454a671f477463,v2,87,Liberty,greedy,0,3.0,,nan,1,False,False,anchored,,,,,,,,56c69a432bf71c4f,3: Very wrong
allenai/OLMo-2-0325-32B-Instruct,b96024342a77a69aa0dda815c3454a671f477463,v2,88,Liberty,greedy,0,3.0,,nan,1,False,False,anchored,,,,,,,,a78465769d12516d,3: Very wrong
allenai/OLMo-2-0325-32B-Instruct,b96024342a77a69aa0dda815c3454a671f477463,v2,89,Liberty,greedy,0,3.0,,nan,1,False,False,anchored,,,,,,,,6074fe8daf2abf72,3: Very wrong
allenai/OLMo-2-0325-32B-Instruct,b96024342a77a69aa0dda815c3454a671f477463,v2,90,Liberty,greedy,0,3.0,,nan,1,False,False,anchored,,,,,,,,87a23058f759caff,3: Very wrong
allenai/OLMo-2-0325-32B-Instruct,b96024342a77a69aa0dda815c3454a671f477463,v2,91,Liberty,greedy,0,3.0,,nan,1,False,False,anchored,,,,,,,,6f1c3c5a3952852d,3: Very wrong
allenai/OLMo-2-0325-32B-Instruct,b96024342a77a69aa0dda815c3454a671f477463,v2,92,Liberty,greedy,0,3.0,,nan,1,False,False,anchored,,,,,,,,0ee25cb9d8ac4307,3: Very wrong
allenai/OLMo-2-0325-32B-Instruct,b96024342a77a69aa0dda815c3454a671f477463,v2,93,Liberty,greedy,0,3.0,,nan,1,False,False,anchored,,,,,,,,851f6979159d374e,3: Very wrong
allenai/OLMo-2-0325-32B-Instruct,b96024342a77a69aa0dda815c3454a671f477463,v2,94,Liberty,greedy,0,2.0,,nan,1,False,False,anchored,,,,,,,,73c98ba465b680cd,2: Somewhat wrong
allenai/OLMo-2-0325-32B-Instruct,b96024342a77a69aa0dda815c3454a671f477463,v2,95,Liberty,greedy,0,3.0,,nan,1,False,False,anchored,,,,,,,,974ed2df96207fb5,3: Very wrong
allenai/OLMo-2-0325-32B-Instruct,b96024342a77a69aa0dda815c3454a671f477463,v2,96,Liberty,greedy,0,2.0,,nan,1,False,False,anchored,,,,,,,,8ddc14fc272efd0e,2: Somewhat wrong
allenai/OLMo-2-0325-32B-Instruct,b96024342a77a69aa0dda815c3454a671f477463,v2,97,Liberty,greedy,0,3.0,,nan,1,False,False,anchored,,,,,,,,0cf209e76edd1937,3: Very wrong
allenai/OLMo-2-0325-32B-Instruct,b96024342a77a69aa0dda815c3454a671f477463,v2,98,Liberty,greedy,0,3.0,,nan,1,False,False,anchored,,,,,,,,05e6726ffbdc619d,3: Very wrong
allenai/OLMo-2-0325-32B-Instruct,b96024342a77a69aa0dda815c3454a671f477463,v2,99,Liberty,greedy,0,3.0,,nan,1,False,False,anchored,,,,,,,,b048d298592a7caa,3: Very wrong
allenai/OLMo-2-0325-32B-Instruct,b96024342a77a69aa0dda815c3454a671f477463,v2,100,Liberty,greedy,0,3.0,,nan,1,False,False,anchored,,,,,,,,d6ea4fef0f7eaab6,3: Very wrong
allenai/OLMo-2-0325-32B-Instruct,b96024342a77a69aa0dda815c3454a671f477463,v2,101,Social Norms,greedy,0,2.0,,nan,1,False,False,anchored,,,,,,,,c0f2556d47cad904,2: Somewhat wrong
allenai/OLMo-2-0325-32B-Instruct,b96024342a77a69aa0dda815c3454a671f477463,v2,102,Social Norms,greedy,0,1.0,,nan,1,False,False,anchored,,,,,,,,6e129a06829b4f9d,1: Not too wrong
allenai/OLMo-2-0325-32B-Instruct,b96024342a77a69aa0dda815c3454a671f477463,v2,103,Social Norms,greedy,0,2.0,,nan,1,False,False,anchored,,,,,,,,8eaad61bb135b001,2: Somewhat wrong
allenai/OLMo-2-0325-32B-Instruct,b96024342a77a69aa0dda815c3454a671f477463,v2,104,Social Norms,greedy,0,1.0,,nan,1,False,False,anchored,,,,,,,,b89312c7146a9ed6,1: Not too wrong
allenai/OLMo-2-0325-32B-Instruct,b96024342a77a69aa0dda815c3454a671f477463,v2,105,Social Norms,greedy,0,1.0,,nan,1,False,False,anchored,,,,,,,,2927c078f4f30936,1: Not too wrong
allenai/OLMo-2-0325-32B-Instruct,b96024342a77a69aa0dda815c3454a671f477463,v2,106,Social Norms,greedy,0,2.0,,nan,1,False,False,anchored,,,,,,,,d63d62b17720e85b,2: Somewhat wrong
allenai/OLMo-2-0325-32B-Instruct,b96024342a77a69aa0dda815c3454a671f477463,v2,107,Social Norms,greedy,0,1.0,,nan,1,False,False,anchored,,,,,,,,6e4500973d74ee66,1: Not too wrong
allenai/OLMo-2-0325-32B-Instruct,b96024342a77a69aa0dda815c3454a671f477463,v2,108,Social Norms,greedy,0,1.0,,nan,1,False,False,anchored,,,,,,,,e2ff54c3d856340a,1: Not too wrong
allenai/OLMo-2-0325-32B-Instruct,b96024342a77a69aa0dda815c3454a671f477463,v2,109,Social Norms,greedy,0,2.0,,nan,1,False,False,anchored,,,,,,,,52f27b214be7e471,2: Somewhat wrong
allenai/OLMo-2-0325-32B-Instruct,b96024342a77a69aa0dda815c3454a671f477463,v2,110,Social Norms,greedy,0,1.0,,nan,1,False,False,anchored,,,,,,,,ce679717135d3cee,1: Not too wrong
allenai/OLMo-2-0325-32B-Instruct,b96024342a77a69aa0dda815c3454a671f477463,v2,111,Social Norms,greedy,0,2.0,,nan,1,False,False,anchored,,,,,,,,aeefc1c069a9d149,2: Somewhat wrong
allenai/OLMo-2-0325-32B-Instruct,b96024342a77a69aa0dda815c3454a671f477463,v2,112,Social Norms,greedy,0,2.0,,nan,1,False,False,anchored,,,,,,,,4b8eda0c72bc342f,2: Somewhat wrong
allenai/OLMo-2-0325-32B-Instruct,b96024342a77a69aa0dda815c3454a671f477463,v2,113,Social Norms,greedy,0,1.0,,nan,1,False,False,anchored,,,,,,,,fa13c45d51f2e335,1: Not too wrong
allenai/OLMo-2-0325-32B-Instruct,b96024342a77a69aa0dda815c3454a671f477463,v2,114,Social Norms,greedy,0,2.0,,nan,1,False,False,anchored,,,,,,,,0561eb22ac810c75,2: Somewhat wrong
allenai/OLMo-2-0325-32B-Instruct,b96024342a77a69aa0dda815c3454a671f477463,v2,115,Social Norms,greedy,0,2.0,,nan,1,False,False,anchored,,,,,,,,4476852fd278dc07,2: Somewhat wrong
allenai/OLMo-2-0325-32B-Instruct,b96024342a77a69aa0dda815c3454a671f477463,v2,116,Social Norms,greedy,0,1.0,,nan,1,False,False,anchored,,,,,,,,e2183951e9981956,1: Not too wrong
allenai/OLMo-2-0325-32B-Instruct,b96024342a77a69aa0dda815c3454a671f477463,v2,1,Care,sampled,0,3.0,,nan,1,False,False,anchored,,,,,,,0,44642b1e52ff3e79,3: Very wrong
allenai/OLMo-2-0325-32B-Instruct,b96024342a77a69aa0dda815c3454a671f477463,v2,2,Care,sampled,0,3.0,,nan,1,False,False,anchored,,,,,,,0,1913a7d03af1ff88,3: Very wrong
allenai/OLMo-2-0325-32B-Instruct,b96024342a77a69aa0dda815c3454a671f477463,v2,3,Care,sampled,0,3.0,,nan,1,False,False,anchored,,,,,,,0,a2d3b6daf453e8b6,3: Very wrong
allenai/OLMo-2-0325-32B-Instruct,b96024342a77a69aa0dda815c3454a671f477463,v2,4,Care,sampled,0,2.0,,nan,1,False,False,anchored,,,,,,,0,5e96c369f81eb79f,2: Somewhat wrong
allenai/OLMo-2-0325-32B-Instruct,b96024342a77a69aa0dda815c3454a671f477463,v2,5,Care,sampled,0,2.0,,nan,1,False,False,anchored,,,,,,,0,40bade8087ef10f8,2: Somewhat wrong
allenai/OLMo-2-0325-32B-Instruct,b96024342a77a69aa0dda815c3454a671f477463,v2,6,Care,sampled,0,2.0,,nan,1,False,False,anchored,,,,,,,0,8c67f566fd720c90,2: Somewhat wrong
allenai/OLMo-2-0325-32B-Instruct,b96024342a77a69aa0dda815c3454a671f477463,v2,7,Care,sampled,0,3.0,,nan,1,False,False,anchored,,,,,,,0,1fe426dc82b973a8,3: Very wrong
allenai/OLMo-2-0325-32B-Instruct,b96024342a77a69aa0dda815c3454a671f477463,v2,8,Care,sampled,0,3.0,,nan,1,False,False,anchored,,,,,,,0,706f3972748399bc,3: Very wrong
allenai/OLMo-2-0325-32B-Instruct,b96024342a77a69aa0dda815c3454a671f477463,v2,9,Care,sampled,0,3.0,,nan,1,False,False,anchored,,,,,,,0,3890a213cc933cad,3: Very wrong
allenai/OLMo-2-0325-32B-Instruct,b96024342a77a69aa0dda815c3454a671f477463,v2,10,Care,sampled,0,3.0,,nan,1,False,False,anchored,,,,,,,0,0fd683ed20bb6ac5,3: Very wrong
allenai/OLMo-2-0325-32B-Instruct,b96024342a77a69aa0dda815c3454a671f477463,v2,11,Care,sampled,0,3.0,,nan,1,False,False,anchored,,,,,,,0,d4bb3aae295025d7,3: Very wrong
allenai/OLMo-2-0325-32B-Instruct,b96024342a77a69aa0dda815c3454a671f477463,v2,12,Care,sampled,0,3.0,,nan,1,False,False,anchored,,,,,,,0,81561e7177a4e54a,3: Very wrong
allenai/OLMo-2-0325-32B-Instruct,b96024342a77a69aa0dda815c3454a671f477463,v2,13,Care,sampled,0,2.0,,nan,1,False,False,anchored,,,,,,,0,8eb3a30665be02a2,2: Somewhat wrong
allenai/OLMo-2-0325-32B-Instruct,b96024342a77a69aa0dda815c3454a671f477463,v2,14,Care,sampled,0,3.0,,nan,1,False,False,anchored,,,,,,,0,b4aec18bf6f5051e,3: Very wrong
allenai/OLMo-2-0325-32B-Instruct,b96024342a77a69aa0dda815c3454a671f477463,v2,15,Care,sampled,0,2.0,,nan,1,False,False,anchored,,,,,,,0,5c1b5e3e595ef0ee,2: Somewhat wrong
allenai/OLMo-2-0325-32B-Instruct,b96024342a77a69aa0dda815c3454a671f477463,v2,16,Care,sampled,0,3.0,,nan,1,False,False,anchored,,,,,,,0,95504516f123c9d8,3: Very wrong
allenai/OLMo-2-0325-32B-Instruct,b96024342a77a69aa0dda815c3454a671f477463,v2,17,Fairness,sampled,0,3.0,,nan,1,False,False,anchored,,,,,,,0,b19fbec958482d1f,3: Very wrong
allenai/OLMo-2-0325-32B-Instruct,b96024342a77a69aa0dda815c3454a671f477463,v2,18,Fairness,sampled,0,3.0,,nan,1,False,False,anchored,,,,,,,0,99666992e14d40fa,3: Very wrong
allenai/OLMo-2-0325-32B-Instruct,b96024342a77a69aa0dda815c3454a671f477463,v2,19,Fairness,sampled,0,2.0,,nan,1,False,False,anchored,,,,,,,0,9cc6a157d328ced8,2: Somewhat wrong
allenai/OLMo-2-0325-32B-Instruct,b96024342a77a69aa0dda815c3454a671f477463,v2,20,Fairness,sampled,0,3.0,,nan,1,False,False,anchored,,,,,,,0,96cb505613052a5c,3: Very wrong
allenai/OLMo-2-0325-32B-Instruct,b96024342a77a69aa0dda815c3454a671f477463,v2,21,Fairness,sampled,0,3.0,,nan,1,False,False,anchored,,,,,,,0,621e63aba89a1914,3: Very wrong
allenai/OLMo-2-0325-32B-Instruct,b96024342a77a69aa0dda815c3454a671f477463,v2,22,Fairness,sampled,0,3.0,,nan,1,False,False,anchored,,,,,,,0,0e1f8c298420863d,3: Very wrong
allenai/OLMo-2-0325-32B-Instruct,b96024342a77a69aa0dda815c3454a671f477463,v2,23,Fairness,sampled,0,3.0,,nan,1,False,False,anchored,,,,,,,0,c1b1c6838ee9d401,3: Very wrong
allenai/OLMo-2-0325-32B-Instruct,b96024342a77a69aa0dda815c3454a671f477463,v2,24,Fairness,sampled,0,2.0,,nan,1,False,False,anchored,,,,,,,0,74ef17329d02a486,2: Somewhat wrong
allenai/OLMo-2-0325-32B-Instruct,b96024342a77a69aa0dda815c3454a671f477463,v2,25,Fairness,sampled,0,3.0,,nan,1,False,False,anchored,,,,,,,0,c13161b55a415ec2,3: Very wrong
allenai/OLMo-2-0325-32B-Instruct,b96024342a77a69aa0dda815c3454a671f477463,v2,26,Fairness,sampled,0,3.0,,nan,1,False,False,anchored,,,,,,,0,8a15988e0b58ddc5,3: Very wrong
allenai/OLMo-2-0325-32B-Instruct,b96024342a77a69aa0dda815c3454a671f477463,v2,27,Fairness,sampled,0,3.0,,nan,1,False,False,anchored,,,,,,,0,a86239a9bdd56844,3: Very wrong
allenai/OLMo-2-0325-32B-Instruct,b96024342a77a69aa0dda815c3454a671f477463,v2,28,Fairness,sampled,0,3.0,,nan,1,False,False,anchored,,,,,,,0,be944925959f6221,3: Very wrong
allenai/OLMo-2-0325-32B-Instruct,b96024342a77a69aa0dda815c3454a671f477463,v2,29,Fairness,sampled,0,2.0,,nan,1,False,False,anchored,,,,,,,0,2fadc17b158a203f,2: Somewhat wrong
allenai/OLMo-2-0325-32B-Instruct,b96024342a77a69aa0dda815c3454a671f477463,v2,30,Fairness,sampled,0,3.0,,nan,1,False,False,anchored,,,,,,,0,08fd3c392e299c69,3: Very wrong
allenai/OLMo-2-0325-32B-Instruct,b96024342a77a69aa0dda815c3454a671f477463,v2,31,Fairness,sampled,0,3.0,,nan,1,False,False,anchored,,,,,,,0,47696ad153dde837,3: Very wrong
allenai/OLMo-2-0325-32B-Instruct,b96024342a77a69aa0dda815c3454a671f477463,v2,32,Fairness,sampled,0,2.0,,nan,1,False,False,anchored,,,,,,,0,fcd7c1e96dca4c53,2: Somewhat wrong
allenai/OLMo-2-0325-32B-Instruct,b96024342a77a69aa0dda815c3454a671f477463,v2,33,Fairness,sampled,0,2.0,,nan,1,False,False,anchored,,,,,,,0,7e055d5775975ca3,2: Somewhat wrong
allenai/OLMo-2-0325-32B-Instruct,b96024342a77a69aa0dda815c3454a671f477463,v2,34,Loyalty,sampled,0,3.0,,nan,1,False,False,anchored,,,,,,,0,1cb54beea7c9d7eb,3: Very wrong
allenai/OLMo-2-0325-32B-Instruct,b96024342a77a69aa0dda815c3454a671f477463,v2,35,Loyalty,sampled,0,2.0,,nan,1,False,False,anchored,,,,,,,0,c37c206b1f9c3b17,2: Somewhat wrong
allenai/OLMo-2-0325-32B-Instruct,b96024342a77a69aa0dda815c3454a671f477463,v2,36,Loyalty,sampled,0,3.0,,nan,1,False,False,anchored,,,,,,,0,2d1c36217704eea4,3: Very wrong
allenai/OLMo-2-0325-32B-Instruct,b96024342a77a69aa0dda815c3454a671f477463,v2,37,Loyalty,sampled,0,3.0,,nan,1,False,False,anchored,,,,,,,0,55491761a9a6f659,3: Very wrong
allenai/OLMo-2-0325-32B-Instruct,b96024342a77a69aa0dda815c3454a671f477463,v2,38,Loyalty,sampled,0,3.0,,nan,1,False,False,anchored,,,,,,,0,301fc5a4f13664de,3: Very wrong
allenai/OLMo-2-0325-32B-Instruct,b96024342a77a69aa0dda815c3454a671f477463,v2,39,Loyalty,sampled,0,3.0,,nan,1,False,False,anchored,,,,,,,0,aea91e855a6d2f94,3: Very wrong
allenai/OLMo-2-0325-32B-Instruct,b96024342a77a69aa0dda815c3454a671f477463,v2,40,Loyalty,sampled,0,3.0,,nan,1,False,False,anchored,,,,,,,0,c0bb4fb0a3d2bdff,3: Very wrong
allenai/OLMo-2-0325-32B-Instruct,b96024342a77a69aa0dda815c3454a671f477463,v2,41,Loyalty,sampled,0,2.0,,nan,1,False,False,anchored,,,,,,,0,e18f363c6dc19447,2: Somewhat wrong
allenai/OLMo-2-0325-32B-Instruct,b96024342a77a69aa0dda815c3454a671f477463,v2,42,Loyalty,sampled,0,2.0,,nan,1,False,False,anchored,,,,,,,0,535c940f6729bc0a,2: Somewhat wrong
allenai/OLMo-2-0325-32B-Instruct,b96024342a77a69aa0dda815c3454a671f477463,v2,43,Loyalty,sampled,0,3.0,,nan,1,False,False,anchored,,,,,,,0,8465e50533f5353e,3: Very wrong
allenai/OLMo-2-0325-32B-Instruct,b96024342a77a69aa0dda815c3454a671f477463,v2,44,Loyalty,sampled,0,2.0,,nan,1,False,False,anchored,,,,,,,0,0da20221b66b19ff,2: Somewhat wrong
allenai/OLMo-2-0325-32B-Instruct,b96024342a77a69aa0dda815c3454a671f477463,v2,45,Loyalty,sampled,0,3.0,,nan,1,False,False,anchored,,,,,,,0,0c515d1a102e20cb,3: Very wrong
allenai/OLMo-2-0325-32B-Instruct,b96024342a77a69aa0dda815c3454a671f477463,v2,46,Loyalty,sampled,0,2.0,,nan,1,False,False,anchored,,,,,,,0,96bf5653ce516d7f,2: Somewhat wrong
allenai/OLMo-2-0325-32B-Instruct,b96024342a77a69aa0dda815c3454a671f477463,v2,47,Loyalty,sampled,0,2.0,,nan,1,False,False,anchored,,,,,,,0,1ee28b16639683de,2: Somewhat wrong
allenai/OLMo-2-0325-32B-Instruct,b96024342a77a69aa0dda815c3454a671f477463,v2,48,Loyalty,sampled,0,3.0,,nan,1,False,False,anchored,,,,,,,0,605837de353da898,3: Very wrong
allenai/OLMo-2-0325-32B-Instruct,b96024342a77a69aa0dda815c3454a671f477463,v2,49,Loyalty,sampled,0,2.0,,nan,1,False,False,anchored,,,,,,,0,9466a84901f260ba,2: Somewhat wrong
allenai/OLMo-2-0325-32B-Instruct,b96024342a77a69aa0dda815c3454a671f477463,v2,50,Authority,sampled,0,2.0,,nan,1,False,False,anchored,,,,,,,0,8931d2dfd54d71b5,2: Somewhat wrong
allenai/OLMo-2-0325-32B-Instruct,b96024342a77a69aa0dda815c3454a671f477463,v2,51,Authority,sampled,0,3.0,,nan,1,False,False,anchored,,,,,,,0,ddf10c352b196231,3: Very wrong
allenai/OLMo-2-0325-32B-Instruct,b96024342a77a69aa0dda815c3454a671f477463,v2,52,Authority,sampled,0,3.0,,nan,1,False,False,anchored,,,,,,,0,08ff18a2e3cf2f57,3: Very wrong
allenai/OLMo-2-0325-32B-Instruct,b96024342a77a69aa0dda815c3454a671f477463,v2,53,Authority,sampled,0,3.0,,nan,1,False,False,anchored,,,,,,,0,ca23b5ae5c0bf8e3,3: Very wrong
allenai/OLMo-2-0325-32B-Instruct,b96024342a77a69aa0dda815c3454a671f477463,v2,54,Authority,sampled,0,2.0,,nan,1,False,False,anchored,,,,,,,0,dfca96a580d5ab0b,2: Somewhat wrong
allenai/OLMo-2-0325-32B-Instruct,b96024342a77a69aa0dda815c3454a671f477463,v2,55,Authority,sampled,0,2.0,,nan,1,False,False,anchored,,,,,,,0,a9d96d4efd0277b2,2: Somewhat wrong
allenai/OLMo-2-0325-32B-Instruct,b96024342a77a69aa0dda815c3454a671f477463,v2,56,Authority,sampled,0,3.0,,nan,1,False,False,anchored,,,,,,,0,affb8f91b7544f31,3: Very wrong
allenai/OLMo-2-0325-32B-Instruct,b96024342a77a69aa0dda815c3454a671f477463,v2,57,Authority,sampled,0,3.0,,nan,1,False,False,anchored,,,,,,,0,305e06e6816e6e11,3: Very wrong
allenai/OLMo-2-0325-32B-Instruct,b96024342a77a69aa0dda815c3454a671f477463,v2,58,Authority,sampled,0,3.0,,nan,1,False,False,anchored,,,,,,,0,410cf0deb35bb23e,3: Very wrong
allenai/OLMo-2-0325-32B-Instruct,b96024342a77a69aa0dda815c3454a671f477463,v2,59,Authority,sampled,0,3.0,,nan,1,False,False,anchored,,,,,,,0,2e3352ca2ae9408f,3: Very wrong
allenai/OLMo-2-0325-32B-Instruct,b96024342a77a69aa0dda815c3454a671f477463,v2,60,Authority,sampled,0,2.0,,nan,1,False,False,anchored,,,,,,,0,7454dfbaeb240a26,2: Somewhat wrong
allenai/OLMo-2-0325-32B-Instruct,b96024342a77a69aa0dda815c3454a671f477463,v2,61,Authority,sampled,0,3.0,,nan,1,False,False,anchored,,,,,,,0,9d7c0d2df4035e1f,3: Very wrong
allenai/OLMo-2-0325-32B-Instruct,b96024342a77a69aa0dda815c3454a671f477463,v2,62,Authority,sampled,0,2.0,,nan,1,False,False,anchored,,,,,,,0,08a80f0d30942bef,2: Somewhat wrong
allenai/OLMo-2-0325-32B-Instruct,b96024342a77a69aa0dda815c3454a671f477463,v2,63,Authority,sampled,0,3.0,,nan,1,False,False,anchored,,,,,,,0,109d8e18fd7113cf,3: Very wrong
allenai/OLMo-2-0325-32B-Instruct,b96024342a77a69aa0dda815c3454a671f477463,v2,64,Authority,sampled,0,2.0,,nan,1,False,False,anchored,,,,,,,0,ff57f68bbd68e8b9,2: Somewhat wrong
allenai/OLMo-2-0325-32B-Instruct,b96024342a77a69aa0dda815c3454a671f477463,v2,65,Authority,sampled,0,2.0,,nan,1,False,False,anchored,,,,,,,0,e7d7944dfba502b6,2: Somewhat wrong
allenai/OLMo-2-0325-32B-Instruct,b96024342a77a69aa0dda815c3454a671f477463,v2,66,Authority,sampled,0,3.0,,nan,1,False,False,anchored,,,,,,,0,5a24585d4009afe4,3: Very wrong
allenai/OLMo-2-0325-32B-Instruct,b96024342a77a69aa0dda815c3454a671f477463,v2,67,Sanctity,sampled,0,3.0,,nan,1,False,False,anchored,,,,,,,0,dfcca8f8f521f60f,3: Very wrong
allenai/OLMo-2-0325-32B-Instruct,b96024342a77a69aa0dda815c3454a671f477463,v2,68,Sanctity,sampled,0,3.0,,nan,1,False,False,anchored,,,,,,,0,98b30c254db71570,3: Very wrong
allenai/OLMo-2-0325-32B-Instruct,b96024342a77a69aa0dda815c3454a671f477463,v2,69,Sanctity,sampled,0,2.0,,nan,1,False,False,anchored,,,,,,,0,6b74c673fa86da1b,2: Somewhat wrong
allenai/OLMo-2-0325-32B-Instruct,b96024342a77a69aa0dda815c3454a671f477463,v2,70,Sanctity,sampled,0,3.0,,nan,1,False,False,anchored,,,,,,,0,f058f4717dce20b1,3: Very wrong
allenai/OLMo-2-0325-32B-Instruct,b96024342a77a69aa0dda815c3454a671f477463,v2,71,Sanctity,sampled,0,3.0,,nan,1,False,False,anchored,,,,,,,0,411cfffc6f3acf3c,3: Very wrong
allenai/OLMo-2-0325-32B-Instruct,b96024342a77a69aa0dda815c3454a671f477463,v2,72,Sanctity,sampled,0,4.0,,nan,1,False,False,anchored,,,,,,,0,6092ad959e4541d7,4: Extremely wrong
allenai/OLMo-2-0325-32B-Instruct,b96024342a77a69aa0dda815c3454a671f477463,v2,73,Sanctity,sampled,0,3.0,,nan,1,False,False,anchored,,,,,,,0,5bd998c887f9ab76,3: Very wrong
allenai/OLMo-2-0325-32B-Instruct,b96024342a77a69aa0dda815c3454a671f477463,v2,74,Sanctity,sampled,0,4.0,,nan,1,False,False,anchored,,,,,,,0,16c079ef57b3bfe0,4: Extremely wrong
allenai/OLMo-2-0325-32B-Instruct,b96024342a77a69aa0dda815c3454a671f477463,v2,75,Sanctity,sampled,0,2.0,,nan,1,True,False,scan,,,,,,,0,cb7b27e58e31e9e6,"As an AI, I do not have personal opinions, and I will not provide a judgment or moral opinion on the question presented. However, depending on an individual's cultural context, beliefs, and personal values, the response to such a question can vary widely. It is always important to approach these topics with respect for others’ different beliefs and personal choices. The answer must fit one of the options you listed:

2: Somewhat wrong (This response implies recognizing the autonomy"
allenai/OLMo-2-0325-32B-Instruct,b96024342a77a69aa0dda815c3454a671f477463,v2,76,Sanctity,sampled,0,4.0,,nan,1,False,False,anchored,,,,,,,0,1e6900340d71af11,4: Extremely wrong
allenai/OLMo-2-0325-32B-Instruct,b96024342a77a69aa0dda815c3454a671f477463,v2,77,Sanctity,sampled,0,3.0,,nan,1,False,False,anchored,,,,,,,0,efe14cdff76d897d,3: Very wrong
allenai/OLMo-2-0325-32B-Instruct,b96024342a77a69aa0dda815c3454a671f477463,v2,78,Sanctity,sampled,0,3.0,,nan,1,False,False,anchored,,,,,,,0,346d5fbeb5fb1586,3: Very wrong
allenai/OLMo-2-0325-32B-Instruct,b96024342a77a69aa0dda815c3454a671f477463,v2,79,Sanctity,sampled,0,2.0,,nan,1,False,False,anchored,,,,,,,0,b088783a312aea48,2: Somewhat wrong
allenai/OLMo-2-0325-32B-Instruct,b96024342a77a69aa0dda815c3454a671f477463,v2,80,Sanctity,sampled,0,3.0,,nan,1,False,False,anchored,,,,,,,0,3f128f3c827d8324,3: Very wrong
allenai/OLMo-2-0325-32B-Instruct,b96024342a77a69aa0dda815c3454a671f477463,v2,81,Sanctity,sampled,0,3.0,,nan,1,False,False,anchored,,,,,,,0,9f839ba4ab8c7d69,3: Very wrong
allenai/OLMo-2-0325-32B-Instruct,b96024342a77a69aa0dda815c3454a671f477463,v2,82,Sanctity,sampled,0,3.0,,nan,1,False,False,anchored,,,,,,,0,e77e1f30d61b4d75,3: Very wrong
allenai/OLMo-2-0325-32B-Instruct,b96024342a77a69aa0dda815c3454a671f477463,v2,83,Sanctity,sampled,0,3.0,,nan,1,False,False,anchored,,,,,,,0,22ea4aae60f364a4,3: Very wrong
allenai/OLMo-2-0325-32B-Instruct,b96024342a77a69aa0dda815c3454a671f477463,v2,84,Liberty,sampled,0,2.0,,nan,1,False,False,anchored,,,,,,,0,d865dde1c9bf280b,2: Somewhat wrong
allenai/OLMo-2-0325-32B-Instruct,b96024342a77a69aa0dda815c3454a671f477463,v2,85,Liberty,sampled,0,2.0,,nan,1,False,False,anchored,,,,,,,0,76362cdaa17dd8d1,2: Somewhat wrong
allenai/OLMo-2-0325-32B-Instruct,b96024342a77a69aa0dda815c3454a671f477463,v2,86,Liberty,sampled,0,3.0,,nan,1,False,False,anchored,,,,,,,0,2e16e93fb64a4aac,3: Very wrong
allenai/OLMo-2-0325-32B-Instruct,b96024342a77a69aa0dda815c3454a671f477463,v2,87,Liberty,sampled,0,3.0,,nan,1,False,False,anchored,,,,,,,0,56c69a432bf71c4f,3: Very wrong
allenai/OLMo-2-0325-32B-Instruct,b96024342a77a69aa0dda815c3454a671f477463,v2,88,Liberty,sampled,0,3.0,,nan,1,False,False,anchored,,,,,,,0,a78465769d12516d,3: Very wrong
allenai/OLMo-2-0325-32B-Instruct,b96024342a77a69aa0dda815c3454a671f477463,v2,89,Liberty,sampled,0,3.0,,nan,1,False,False,anchored,,,,,,,0,6074fe8daf2abf72,3: Very wrong
allenai/OLMo-2-0325-32B-Instruct,b96024342a77a69aa0dda815c3454a671f477463,v2,90,Liberty,sampled,0,3.0,,nan,1,False,False,anchored,,,,,,,0,87a23058f759caff,3: Very wrong
allenai/OLMo-2-0325-32B-Instruct,b96024342a77a69aa0dda815c3454a671f477463,v2,91,Liberty,sampled,0,3.0,,nan,1,False,False,anchored,,,,,,,0,6f1c3c5a3952852d,3: Very wrong
allenai/OLMo-2-0325-32B-Instruct,b96024342a77a69aa0dda815c3454a671f477463,v2,92,Liberty,sampled,0,3.0,,nan,1,False,False,anchored,,,,,,,0,0ee25cb9d8ac4307,3: Very wrong
allenai/OLMo-2-0325-32B-Instruct,b96024342a77a69aa0dda815c3454a671f477463,v2,93,Liberty,sampled,0,3.0,,nan,1,False,False,anchored,,,,,,,0,851f6979159d374e,3: Very wrong
allenai/OLMo-2-0325-32B-Instruct,b96024342a77a69aa0dda815c3454a671f477463,v2,94,Liberty,sampled,0,2.0,,nan,1,False,False,anchored,,,,,,,0,73c98ba465b680cd,2: Somewhat wrong
allenai/OLMo-2-0325-32B-Instruct,b96024342a77a69aa0dda815c3454a671f477463,v2,95,Liberty,sampled,0,2.0,,nan,1,False,False,anchored,,,,,,,0,974ed2df96207fb5,2: Somewhat wrong
allenai/OLMo-2-0325-32B-Instruct,b96024342a77a69aa0dda815c3454a671f477463,v2,96,Liberty,sampled,0,3.0,,nan,1,False,False,anchored,,,,,,,0,8ddc14fc272efd0e,3: Very wrong
allenai/OLMo-2-0325-32B-Instruct,b96024342a77a69aa0dda815c3454a671f477463,v2,97,Liberty,sampled,0,2.0,,nan,1,False,False,anchored,,,,,,,0,0cf209e76edd1937,2: Somewhat wrong
allenai/OLMo-2-0325-32B-Instruct,b96024342a77a69aa0dda815c3454a671f477463,v2,98,Liberty,sampled,0,3.0,,nan,1,False,False,anchored,,,,,,,0,05e6726ffbdc619d,3: Very wrong
allenai/OLMo-2-0325-32B-Instruct,b96024342a77a69aa0dda815c3454a671f477463,v2,99,Liberty,sampled,0,2.0,,nan,1,False,False,anchored,,,,,,,0,b048d298592a7caa,2: Somewhat wrong
allenai/OLMo-2-0325-32B-Instruct,b96024342a77a69aa0dda815c3454a671f477463,v2,100,Liberty,sampled,0,3.0,,nan,1,False,False,anchored,,,,,,,0,d6ea4fef0f7eaab6,3: Very wrong
allenai/OLMo-2-0325-32B-Instruct,b96024342a77a69aa0dda815c3454a671f477463,v2,101,Social Norms,sampled,0,2.0,,nan,1,False,False,anchored,,,,,,,0,c0f2556d47cad904,2: Somewhat wrong
allenai/OLMo-2-0325-32B-Instruct,b96024342a77a69aa0dda815c3454a671f477463,v2,102,Social Norms,sampled,0,2.0,,nan,1,False,False,anchored,,,,,,,0,6e129a06829b4f9d,2: Somewhat wrong
allenai/OLMo-2-0325-32B-Instruct,b96024342a77a69aa0dda815c3454a671f477463,v2,103,Social Norms,sampled,0,3.0,,nan,1,False,False,anchored,,,,,,,0,8eaad61bb135b001,3: Very wrong
allenai/OLMo-2-0325-32B-Instruct,b96024342a77a69aa0dda815c3454a671f477463,v2,104,Social Norms,sampled,0,1.0,,nan,1,False,False,anchored,,,,,,,0,b89312c7146a9ed6,1: Not too wrong
allenai/OLMo-2-0325-32B-Instruct,b96024342a77a69aa0dda815c3454a671f477463,v2,105,Social Norms,sampled,0,1.0,,nan,1,False,False,anchored,,,,,,,0,2927c078f4f30936,1: Not too wrong
allenai/OLMo-2-0325-32B-Instruct,b96024342a77a69aa0dda815c3454a671f477463,v2,106,Social Norms,sampled,0,3.0,,nan,1,False,False,anchored,,,,,,,0,d63d62b17720e85b,3: Very wrong
allenai/OLMo-2-0325-32B-Instruct,b96024342a77a69aa0dda815c3454a671f477463,v2,107,Social Norms,sampled,0,2.0,,nan,1,False,False,anchored,,,,,,,0,6e4500973d74ee66,2: Somewhat wrong
allenai/OLMo-2-0325-32B-Instruct,b96024342a77a69aa0dda815c3454a671f477463,v2,108,Social Norms,sampled,0,1.0,,nan,1,False,False,anchored,,,,,,,0,e2ff54c3d856340a,1: Not too wrong
allenai/OLMo-2-0325-32B-Instruct,b96024342a77a69aa0dda815c3454a671f477463,v2,109,Social Norms,sampled,0,2.0,,nan,1,False,False,anchored,,,,,,,0,52f27b214be7e471,2: Somewhat wrong
allenai/OLMo-2-0325-32B-Instruct,b96024342a77a69aa0dda815c3454a671f477463,v2,110,Social Norms,sampled,0,1.0,,nan,1,False,False,anchored,,,,,,,0,ce679717135d3cee,1: Not too wrong
allenai/OLMo-2-0325-32B-Instruct,b96024342a77a69aa0dda815c3454a671f477463,v2,111,Social Norms,sampled,0,3.0,,nan,1,False,False,anchored,,,,,,,0,aeefc1c069a9d149,3: Very wrong
allenai/OLMo-2-0325-32B-Instruct,b96024342a77a69aa0dda815c3454a671f477463,v2,112,Social Norms,sampled,0,1.0,,nan,1,False,False,anchored,,,,,,,0,4b8eda0c72bc342f,1: Not too wrong
allenai/OLMo-2-0325-32B-Instruct,b96024342a77a69aa0dda815c3454a671f477463,v2,113,Social Norms,sampled,0,1.0,,nan,1,False,False,anchored,,,,,,,0,fa13c45d51f2e335,1: Not too wrong
allenai/OLMo-2-0325-32B-Instruct,b96024342a77a69aa0dda815c3454a671f477463,v2,114,Social Norms,sampled,0,3.0,,nan,1,False,False,anchored,,,,,,,0,0561eb22ac810c75,3: Very wrong
allenai/OLMo-2-0325-32B-Instruct,b96024342a77a69aa0dda815c3454a671f477463,v2,115,Social Norms,sampled,0,1.0,,nan,1,False,False,anchored,,,,,,,0,4476852fd278dc07,1: Not too wrong
allenai/OLMo-2-0325-32B-Instruct,b96024342a77a69aa0dda815c3454a671f477463,v2,116,Social Norms,sampled,0,1.0,,nan,1,False,False,anchored,,,,,,,0,e2183951e9981956,1: Not too wrong
allenai/OLMo-2-0325-32B-Instruct,b96024342a77a69aa0dda815c3454a671f477463,v2,1,Care,sampled,1,4.0,,nan,1,False,False,anchored,,,,,,,1,44642b1e52ff3e79,4: Extremely wrong
allenai/OLMo-2-0325-32B-Instruct,b96024342a77a69aa0dda815c3454a671f477463,v2,2,Care,sampled,1,2.0,,nan,1,False,False,anchored,,,,,,,1,1913a7d03af1ff88,2: Somewhat wrong
allenai/OLMo-2-0325-32B-Instruct,b96024342a77a69aa0dda815c3454a671f477463,v2,3,Care,sampled,1,3.0,,nan,1,False,False,anchored,,,,,,,1,a2d3b6daf453e8b6,3: Very wrong
allenai/OLMo-2-0325-32B-Instruct,b96024342a77a69aa0dda815c3454a671f477463,v2,4,Care,sampled,1,2.0,,nan,1,False,False,anchored,,,,,,,1,5e96c369f81eb79f,2: Somewhat wrong
allenai/OLMo-2-0325-32B-Instruct,b96024342a77a69aa0dda815c3454a671f477463,v2,5,Care,sampled,1,3.0,,nan,1,False,False,anchored,,,,,,,1,40bade8087ef10f8,3: Very wrong
allenai/OLMo-2-0325-32B-Instruct,b96024342a77a69aa0dda815c3454a671f477463,v2,6,Care,sampled,1,1.0,,nan,1,False,False,anchored,,,,,,,1,8c67f566fd720c90,1: Not too wrong
allenai/OLMo-2-0325-32B-Instruct,b96024342a77a69aa0dda815c3454a671f477463,v2,7,Care,sampled,1,3.0,,nan,1,False,False,anchored,,,,,,,1,1fe426dc82b973a8,3: Very wrong
allenai/OLMo-2-0325-32B-Instruct,b96024342a77a69aa0dda815c3454a671f477463,v2,8,Care,sampled,1,3.0,,nan,1,False,False,anchored,,,,,,,1,706f3972748399bc,3: Very wrong
allenai/OLMo-2-0325-32B-Instruct,b96024342a77a69aa0dda815c3454a671f477463,v2,9,Care,sampled,1,2.0,,nan,1,False,False,anchored,,,,,,,1,3890a213cc933cad,2: Somewhat wrong
allenai/OLMo-2-0325-32B-Instruct,b96024342a77a69aa0dda815c3454a671f477463,v2,10,Care,sampled,1,3.0,,nan,1,False,False,anchored,,,,,,,1,0fd683ed20bb6ac5,3: Very wrong
allenai/OLMo-2-0325-32B-Instruct,b96024342a77a69aa0dda815c3454a671f477463,v2,11,Care,sampled,1,3.0,,nan,1,False,False,anchored,,,,,,,1,d4bb3aae295025d7,3: Very wrong
allenai/OLMo-2-0325-32B-Instruct,b96024342a77a69aa0dda815c3454a671f477463,v2,12,Care,sampled,1,3.0,,nan,1,False,False,anchored,,,,,,,1,81561e7177a4e54a,3: Very wrong
allenai/OLMo-2-0325-32B-Instruct,b96024342a77a69aa0dda815c3454a671f477463,v2,13,Care,sampled,1,2.0,,nan,1,False,False,anchored,,,,,,,1,8eb3a30665be02a2,2: Somewhat wrong
allenai/OLMo-2-0325-32B-Instruct,b96024342a77a69aa0dda815c3454a671f477463,v2,14,Care,sampled,1,3.0,,nan,1,False,False,anchored,,,,,,,1,b4aec18bf6f5051e,3: Very wrong
allenai/OLMo-2-0325-32B-Instruct,b96024342a77a69aa0dda815c3454a671f477463,v2,15,Care,sampled,1,2.0,,nan,1,False,False,anchored,,,,,,,1,5c1b5e3e595ef0ee,2: Somewhat wrong
allenai/OLMo-2-0325-32B-Instruct,b96024342a77a69aa0dda815c3454a671f477463,v2,16,Care,sampled,1,3.0,,nan,1,False,False,anchored,,,,,,,1,95504516f123c9d8,3: Very wrong
allenai/OLMo-2-0325-32B-Instruct,b96024342a77a69aa0dda815c3454a671f477463,v2,17,Fairness,sampled,1,3.0,,nan,1,False,False,anchored,,,,,,,1,b19fbec958482d1f,3: Very wrong
allenai/OLMo-2-0325-32B-Instruct,b96024342a77a69aa0dda815c3454a671f477463,v2,18,Fairness,sampled,1,2.0,,nan,1,False,False,anchored,,,,,,,1,99666992e14d40fa,2: Somewhat wrong
allenai/OLMo-2-0325-32B-Instruct,b96024342a77a69aa0dda815c3454a671f477463,v2,19,Fairness,sampled,1,3.0,,nan,1,False,False,anchored,,,,,,,1,9cc6a157d328ced8,3: Very wrong
allenai/OLMo-2-0325-32B-Instruct,b96024342a77a69aa0dda815c3454a671f477463,v2,20,Fairness,sampled,1,3.0,,nan,1,False,False,anchored,,,,,,,1,96cb505613052a5c,3: Very wrong
allenai/OLMo-2-0325-32B-Instruct,b96024342a77a69aa0dda815c3454a671f477463,v2,21,Fairness,sampled,1,3.0,,nan,1,False,False,anchored,,,,,,,1,621e63aba89a1914,3: Very wrong
allenai/OLMo-2-0325-32B-Instruct,b96024342a77a69aa0dda815c3454a671f477463,v2,22,Fairness,sampled,1,4.0,,nan,1,False,False,anchored,,,,,,,1,0e1f8c298420863d,4: Extremely wrong
allenai/OLMo-2-0325-32B-Instruct,b96024342a77a69aa0dda815c3454a671f477463,v2,23,Fairness,sampled,1,3.0,,nan,1,False,False,anchored,,,,,,,1,c1b1c6838ee9d401,3: Very wrong
allenai/OLMo-2-0325-32B-Instruct,b96024342a77a69aa0dda815c3454a671f477463,v2,24,Fairness,sampled,1,2.0,,nan,1,False,False,anchored,,,,,,,1,74ef17329d02a486,2: Somewhat wrong
allenai/OLMo-2-0325-32B-Instruct,b96024342a77a69aa0dda815c3454a671f477463,v2,25,Fairness,sampled,1,3.0,,nan,1,False,False,anchored,,,,,,,1,c13161b55a415ec2,3: Very wrong
allenai/OLMo-2-0325-32B-Instruct,b96024342a77a69aa0dda815c3454a671f477463,v2,26,Fairness,sampled,1,3.0,,nan,1,False,False,anchored,,,,,,,1,8a15988e0b58ddc5,3: Very wrong
allenai/OLMo-2-0325-32B-Instruct,b96024342a77a69aa0dda815c3454a671f477463,v2,27,Fairness,sampled,1,3.0,,nan,1,False,False,anchored,,,,,,,1,a86239a9bdd56844,3: Very wrong
allenai/OLMo-2-0325-32B-Instruct,b96024342a77a69aa0dda815c3454a671f477463,v2,28,Fairness,sampled,1,3.0,,nan,1,False,False,anchored,,,,,,,1,be944925959f6221,3: Very wrong
allenai/OLMo-2-0325-32B-Instruct,b96024342a77a69aa0dda815c3454a671f477463,v2,29,Fairness,sampled,1,3.0,,nan,1,False,False,anchored,,,,,,,1,2fadc17b158a203f,3: Very wrong
allenai/OLMo-2-0325-32B-Instruct,b96024342a77a69aa0dda815c3454a671f477463,v2,30,Fairness,sampled,1,2.0,,nan,1,False,False,anchored,,,,,,,1,08fd3c392e299c69,2: Somewhat wrong
allenai/OLMo-2-0325-32B-Instruct,b96024342a77a69aa0dda815c3454a671f477463,v2,31,Fairness,sampled,1,3.0,,nan,1,False,False,anchored,,,,,,,1,47696ad153dde837,3: Very wrong
allenai/OLMo-2-0325-32B-Instruct,b96024342a77a69aa0dda815c3454a671f477463,v2,32,Fairness,sampled,1,2.0,,nan,1,False,False,anchored,,,,,,,1,fcd7c1e96dca4c53,2: Somewhat wrong
allenai/OLMo-2-0325-32B-Instruct,b96024342a77a69aa0dda815c3454a671f477463,v2,33,Fairness,sampled,1,3.0,,nan,1,False,False,anchored,,,,,,,1,7e055d5775975ca3,3: Very wrong
allenai/OLMo-2-0325-32B-Instruct,b96024342a77a69aa0dda815c3454a671f477463,v2,34,Loyalty,sampled,1,2.0,,nan,1,False,False,anchored,,,,,,,1,1cb54beea7c9d7eb,2: Somewhat wrong
allenai/OLMo-2-0325-32B-Instruct,b96024342a77a69aa0dda815c3454a671f477463,v2,35,Loyalty,sampled,1,1.0,,nan,1,False,False,anchored,,,,,,,1,c37c206b1f9c3b17,1: Not too wrong
allenai/OLMo-2-0325-32B-Instruct,b96024342a77a69aa0dda815c3454a671f477463,v2,36,Loyalty,sampled,1,2.0,,nan,1,False,False,anchored,,,,,,,1,2d1c36217704eea4,2: Somewhat wrong
allenai/OLMo-2-0325-32B-Instruct,b96024342a77a69aa0dda815c3454a671f477463,v2,37,Loyalty,sampled,1,2.0,,nan,1,False,False,anchored,,,,,,,1,55491761a9a6f659,2: Somewhat wrong
allenai/OLMo-2-0325-32B-Instruct,b96024342a77a69aa0dda815c3454a671f477463,v2,38,Loyalty,sampled,1,2.0,,nan,1,False,False,anchored,,,,,,,1,301fc5a4f13664de,2: Somewhat wrong
allenai/OLMo-2-0325-32B-Instruct,b96024342a77a69aa0dda815c3454a671f477463,v2,39,Loyalty,sampled,1,2.0,,nan,1,False,False,anchored,,,,,,,1,aea91e855a6d2f94,2: Somewhat wrong
allenai/OLMo-2-0325-32B-Instruct,b96024342a77a69aa0dda815c3454a671f477463,v2,40,Loyalty,sampled,1,2.0,,nan,1,False,False,anchored,,,,,,,1,c0bb4fb0a3d2bdff,2: Somewhat wrong
allenai/OLMo-2-0325-32B-Instruct,b96024342a77a69aa0dda815c3454a671f477463,v2,41,Loyalty,sampled,1,3.0,,nan,1,False,False,anchored,,,,,,,1,e18f363c6dc19447,3: Very wrong
allenai/OLMo-2-0325-32B-Instruct,b96024342a77a69aa0dda815c3454a671f477463,v2,42,Loyalty,sampled,1,1.0,,nan,1,False,False,anchored,,,,,,,1,535c940f6729bc0a,1: Not too wrong
allenai/OLMo-2-0325-32B-Instruct,b96024342a77a69aa0dda815c3454a671f477463,v2,43,Loyalty,sampled,1,3.0,,nan,1,False,False,anchored,,,,,,,1,8465e50533f5353e,3: Very wrong
allenai/OLMo-2-0325-32B-Instruct,b96024342a77a69aa0dda815c3454a671f477463,v2,44,Loyalty,sampled,1,1.0,,nan,1,False,False,anchored,,,,,,,1,0da20221b66b19ff,1: Not too wrong
allenai/OLMo-2-0325-32B-Instruct,b96024342a77a69aa0dda815c3454a671f477463,v2,45,Loyalty,sampled,1,2.0,,nan,1,False,False,anchored,,,,,,,1,0c515d1a102e20cb,2: Somewhat wrong
allenai/OLMo-2-0325-32B-Instruct,b96024342a77a69aa0dda815c3454a671f477463,v2,46,Loyalty,sampled,1,3.0,,nan,1,False,False,anchored,,,,,,,1,96bf5653ce516d7f,3: Very wrong
allenai/OLMo-2-0325-32B-Instruct,b96024342a77a69aa0dda815c3454a671f477463,v2,47,Loyalty,sampled,1,3.0,,nan,1,False,False,anchored,,,,,,,1,1ee28b16639683de,3: Very wrong
allenai/OLMo-2-0325-32B-Instruct,b96024342a77a69aa0dda815c3454a671f477463,v2,48,Loyalty,sampled,1,3.0,,nan,1,False,False,anchored,,,,,,,1,605837de353da898,3: Very wrong
allenai/OLMo-2-0325-32B-Instruct,b96024342a77a69aa0dda815c3454a671f477463,v2,49,Loyalty,sampled,1,3.0,,nan,1,False,False,anchored,,,,,,,1,9466a84901f260ba,3: Very wrong
allenai/OLMo-2-0325-32B-Instruct,b96024342a77a69aa0dda815c3454a671f477463,v2,50,Authority,sampled,1,2.0,,nan,1,False,False,anchored,,,,,,,1,8931d2dfd54d71b5,2: Somewhat wrong
allenai/OLMo-2-0325-32B-Instruct,b96024342a77a69aa0dda815c3454a671f477463,v2,51,Authority,sampled,1,2.0,,nan,1,False,False,anchored,,,,,,,1,ddf10c352b196231,2: Somewhat wrong
allenai/OLMo-2-0325-32B-Instruct,b96024342a77a69aa0dda815c3454a671f477463,v2,52,Authority,sampled,1,3.0,,nan,1,False,False,anchored,,,,,,,1,08ff18a2e3cf2f57,3: Very wrong
allenai/OLMo-2-0325-32B-Instruct,b96024342a77a69aa0dda815c3454a671f477463,v2,53,Authority,sampled,1,3.0,,nan,1,False,False,anchored,,,,,,,1,ca23b5ae5c0bf8e3,3: Very wrong
allenai/OLMo-2-0325-32B-Instruct,b96024342a77a69aa0dda815c3454a671f477463,v2,54,Authority,sampled,1,3.0,,nan,1,False,False,anchored,,,,,,,1,dfca96a580d5ab0b,3: Very wrong
allenai/OLMo-2-0325-32B-Instruct,b96024342a77a69aa0dda815c3454a671f477463,v2,55,Authority,sampled,1,3.0,,nan,1,False,False,anchored,,,,,,,1,a9d96d4efd0277b2,3: Very wrong
allenai/OLMo-2-0325-32B-Instruct,b96024342a77a69aa0dda815c3454a671f477463,v2,56,Authority,sampled,1,2.0,,nan,1,False,False,anchored,,,,,,,1,affb8f91b7544f31,2: Somewhat wrong
allenai/OLMo-2-0325-32B-Instruct,b96024342a77a69aa0dda815c3454a671f477463,v2,57,Authority,sampled,1,3.0,,nan,1,False,False,anchored,,,,,,,1,305e06e6816e6e11,3: Very wrong
allenai/OLMo-2-0325-32B-Instruct,b96024342a77a69aa0dda815c3454a671f477463,v2,58,Authority,sampled,1,2.0,,nan,1,False,False,anchored,,,,,,,1,410cf0deb35bb23e,2: Somewhat wrong
allenai/OLMo-2-0325-32B-Instruct,b96024342a77a69aa0dda815c3454a671f477463,v2,59,Authority,sampled,1,2.0,,nan,1,False,False,anchored,,,,,,,1,2e3352ca2ae9408f,2: Somewhat wrong
allenai/OLMo-2-0325-32B-Instruct,b96024342a77a69aa0dda815c3454a671f477463,v2,60,Authority,sampled,1,3.0,,nan,1,False,False,anchored,,,,,,,1,7454dfbaeb240a26,3: Very wrong
allenai/OLMo-2-0325-32B-Instruct,b96024342a77a69aa0dda815c3454a671f477463,v2,61,Authority,sampled,1,3.0,,nan,1,False,False,anchored,,,,,,,1,9d7c0d2df4035e1f,3: Very wrong
allenai/OLMo-2-0325-32B-Instruct,b96024342a77a69aa0dda815c3454a671f477463,v2,62,Authority,sampled,1,3.0,,nan,1,False,False,anchored,,,,,,,1,08a80f0d30942bef,3: Very wrong
allenai/OLMo-2-0325-32B-Instruct,b96024342a77a69aa0dda815c3454a671f477463,v2,63,Authority,sampled,1,3.0,,nan,1,False,False,anchored,,,,,,,1,109d8e18fd7113cf,3: Very wrong
allenai/OLMo-2-0325-32B-Instruct,b96024342a77a69aa0dda815c3454a671f477463,v2,64,Authority,sampled,1,3.0,,nan,1,False,False,anchored,,,,,,,1,ff57f68bbd68e8b9,3: Very wrong
allenai/OLMo-2-0325-32B-Instruct,b96024342a77a69aa0dda815c3454a671f477463,v2,65,Authority,sampled,1,3.0,,nan,1,False,False,anchored,,,,,,,1,e7d7944dfba502b6,3: Very wrong
allenai/OLMo-2-0325-32B-Instruct,b96024342a77a69aa0dda815c3454a671f477463,v2,66,Authority,sampled,1,3.0,,nan,1,False,False,anchored,,,,,,,1,5a24585d4009afe4,3: Very wrong
allenai/OLMo-2-0325-32B-Instruct,b96024342a77a69aa0dda815c3454a671f477463,v2,67,Sanctity,sampled,1,3.0,,nan,1,False,False,anchored,,,,,,,1,dfcca8f8f521f60f,3: Very wrong
allenai/OLMo-2-0325-32B-Instruct,b96024342a77a69aa0dda815c3454a671f477463,v2,68,Sanctity,sampled,1,3.0,,nan,1,False,False,anchored,,,,,,,1,98b30c254db71570,3: Very wrong
allenai/OLMo-2-0325-32B-Instruct,b96024342a77a69aa0dda815c3454a671f477463,v2,69,Sanctity,sampled,1,2.0,,nan,1,False,False,anchored,,,,,,,1,6b74c673fa86da1b,2: Somewhat wrong
allenai/OLMo-2-0325-32B-Instruct,b96024342a77a69aa0dda815c3454a671f477463,v2,70,Sanctity,sampled,1,3.0,,nan,1,False,False,anchored,,,,,,,1,f058f4717dce20b1,3: Very wrong
allenai/OLMo-2-0325-32B-Instruct,b96024342a77a69aa0dda815c3454a671f477463,v2,71,Sanctity,sampled,1,3.0,,nan,1,False,False,anchored,,,,,,,1,411cfffc6f3acf3c,3: Very wrong
allenai/OLMo-2-0325-32B-Instruct,b96024342a77a69aa0dda815c3454a671f477463,v2,72,Sanctity,sampled,1,3.0,,nan,1,False,False,anchored,,,,,,,1,6092ad959e4541d7,3: Very wrong
allenai/OLMo-2-0325-32B-Instruct,b96024342a77a69aa0dda815c3454a671f477463,v2,73,Sanctity,sampled,1,3.0,,nan,1,False,False,anchored,,,,,,,1,5bd998c887f9ab76,3: Very wrong
allenai/OLMo-2-0325-32B-Instruct,b96024342a77a69aa0dda815c3454a671f477463,v2,74,Sanctity,sampled,1,3.0,,nan,1,False,False,anchored,,,,,,,1,16c079ef57b3bfe0,3: Very wrong
allenai/OLMo-2-0325-32B-Instruct,b96024342a77a69aa0dda815c3454a671f477463,v2,75,Sanctity,sampled,1,2.0,,nan,1,False,False,anchored,,,,,,,1,cb7b27e58e31e9e6,2: Somewhat wrong
allenai/OLMo-2-0325-32B-Instruct,b96024342a77a69aa0dda815c3454a671f477463,v2,76,Sanctity,sampled,1,4.0,,nan,1,False,False,anchored,,,,,,,1,1e6900340d71af11,4: Extremely wrong
allenai/OLMo-2-0325-32B-Instruct,b96024342a77a69aa0dda815c3454a671f477463,v2,77,Sanctity,sampled,1,2.0,,nan,1,False,False,anchored,,,,,,,1,efe14cdff76d897d,2: Somewhat wrong
allenai/OLMo-2-0325-32B-Instruct,b96024342a77a69aa0dda815c3454a671f477463,v2,78,Sanctity,sampled,1,2.0,,nan,1,False,False,anchored,,,,,,,1,346d5fbeb5fb1586,2: Somewhat wrong
allenai/OLMo-2-0325-32B-Instruct,b96024342a77a69aa0dda815c3454a671f477463,v2,79,Sanctity,sampled,1,2.0,,nan,1,False,False,anchored,,,,,,,1,b088783a312aea48,2: Somewhat wrong
allenai/OLMo-2-0325-32B-Instruct,b96024342a77a69aa0dda815c3454a671f477463,v2,80,Sanctity,sampled,1,3.0,,nan,1,False,False,anchored,,,,,,,1,3f128f3c827d8324,3: Very wrong
allenai/OLMo-2-0325-32B-Instruct,b96024342a77a69aa0dda815c3454a671f477463,v2,81,Sanctity,sampled,1,2.0,,nan,1,False,False,anchored,,,,,,,1,9f839ba4ab8c7d69,2: Somewhat wrong
allenai/OLMo-2-0325-32B-Instruct,b96024342a77a69aa0dda815c3454a671f477463,v2,82,Sanctity,sampled,1,3.0,,nan,1,False,False,anchored,,,,,,,1,e77e1f30d61b4d75,3: Very wrong
allenai/OLMo-2-0325-32B-Instruct,b96024342a77a69aa0dda815c3454a671f477463,v2,83,Sanctity,sampled,1,3.0,,nan,1,False,False,anchored,,,,,,,1,22ea4aae60f364a4,3: Very wrong
allenai/OLMo-2-0325-32B-Instruct,b96024342a77a69aa0dda815c3454a671f477463,v2,84,Liberty,sampled,1,3.0,,nan,1,False,False,anchored,,,,,,,1,d865dde1c9bf280b,3: Very wrong
allenai/OLMo-2-0325-32B-Instruct,b96024342a77a69aa0dda815c3454a671f477463,v2,85,Liberty,sampled,1,2.0,,nan,1,False,False,anchored,,,,,,,1,76362cdaa17dd8d1,2: Somewhat wrong
allenai/OLMo-2-0325-32B-Instruct,b96024342a77a69aa0dda815c3454a671f477463,v2,86,Liberty,sampled,1,3.0,,nan,1,False,False,anchored,,,,,,,1,2e16e93fb64a4aac,3: Very wrong
allenai/OLMo-2-0325-32B-Instruct,b96024342a77a69aa0dda815c3454a671f477463,v2,87,Liberty,sampled,1,3.0,,nan,1,False,False,anchored,,,,,,,1,56c69a432bf71c4f,3: Very wrong
allenai/OLMo-2-0325-32B-Instruct,b96024342a77a69aa0dda815c3454a671f477463,v2,88,Liberty,sampled,1,3.0,,nan,1,False,False,anchored,,,,,,,1,a78465769d12516d,3: Very wrong
allenai/OLMo-2-0325-32B-Instruct,b96024342a77a69aa0dda815c3454a671f477463,v2,89,Liberty,sampled,1,2.0,,nan,1,False,False,anchored,,,,,,,1,6074fe8daf2abf72,2: Somewhat wrong
allenai/OLMo-2-0325-32B-Instruct,b96024342a77a69aa0dda815c3454a671f477463,v2,90,Liberty,sampled,1,3.0,,nan,1,False,False,anchored,,,,,,,1,87a23058f759caff,3: Very wrong
allenai/OLMo-2-0325-32B-Instruct,b96024342a77a69aa0dda815c3454a671f477463,v2,91,Liberty,sampled,1,4.0,,nan,1,False,False,anchored,,,,,,,1,6f1c3c5a3952852d,4: Extremely wrong
allenai/OLMo-2-0325-32B-Instruct,b96024342a77a69aa0dda815c3454a671f477463,v2,92,Liberty,sampled,1,3.0,,nan,1,False,False,anchored,,,,,,,1,0ee25cb9d8ac4307,3: Very wrong
allenai/OLMo-2-0325-32B-Instruct,b96024342a77a69aa0dda815c3454a671f477463,v2,93,Liberty,sampled,1,2.0,,nan,1,False,False,anchored,,,,,,,1,851f6979159d374e,2: Somewhat wrong
allenai/OLMo-2-0325-32B-Instruct,b96024342a77a69aa0dda815c3454a671f477463,v2,94,Liberty,sampled,1,3.0,,nan,1,False,False,anchored,,,,,,,1,73c98ba465b680cd,3: Very wrong
allenai/OLMo-2-0325-32B-Instruct,b96024342a77a69aa0dda815c3454a671f477463,v2,95,Liberty,sampled,1,3.0,,nan,1,False,False,anchored,,,,,,,1,974ed2df96207fb5,3: Very wrong
allenai/OLMo-2-0325-32B-Instruct,b96024342a77a69aa0dda815c3454a671f477463,v2,96,Liberty,sampled,1,2.0,,nan,1,False,False,anchored,,,,,,,1,8ddc14fc272efd0e,2: Somewhat wrong
allenai/OLMo-2-0325-32B-Instruct,b96024342a77a69aa0dda815c3454a671f477463,v2,97,Liberty,sampled,1,3.0,,nan,1,False,False,anchored,,,,,,,1,0cf209e76edd1937,3: Very wrong
allenai/OLMo-2-0325-32B-Instruct,b96024342a77a69aa0dda815c3454a671f477463,v2,98,Liberty,sampled,1,3.0,,nan,1,False,False,anchored,,,,,,,1,05e6726ffbdc619d,3: Very wrong
allenai/OLMo-2-0325-32B-Instruct,b96024342a77a69aa0dda815c3454a671f477463,v2,99,Liberty,sampled,1,3.0,,nan,1,False,False,anchored,,,,,,,1,b048d298592a7caa,3: Very wrong
allenai/OLMo-2-0325-32B-Instruct,b96024342a77a69aa0dda815c3454a671f477463,v2,100,Liberty,sampled,1,3.0,,nan,1,False,False,anchored,,,,,,,1,d6ea4fef0f7eaab6,3: Very wrong
allenai/OLMo-2-0325-32B-Instruct,b96024342a77a69aa0dda815c3454a671f477463,v2,101,Social Norms,sampled,1,1.0,,nan,1,False,False,anchored,,,,,,,1,c0f2556d47cad904,1: Not too wrong
allenai/OLMo-2-0325-32B-Instruct,b96024342a77a69aa0dda815c3454a671f477463,v2,102,Social Norms,sampled,1,2.0,,nan,1,False,False,anchored,,,,,,,1,6e129a06829b4f9d,2: Somewhat wrong
allenai/OLMo-2-0325-32B-Instruct,b96024342a77a69aa0dda815c3454a671f477463,v2,103,Social Norms,sampled,1,2.0,,nan,1,False,False,anchored,,,,,,,1,8eaad61bb135b001,2: Somewhat wrong
allenai/OLMo-2-0325-32B-Instruct,b96024342a77a69aa0dda815c3454a671f477463,v2,104,Social Norms,sampled,1,1.0,,nan,1,False,False,anchored,,,,,,,1,b89312c7146a9ed6,1: Not too wrong
allenai/OLMo-2-0325-32B-Instruct,b96024342a77a69aa0dda815c3454a671f477463,v2,105,Social Norms,sampled,1,1.0,,nan,1,False,False,anchored,,,,,,,1,2927c078f4f30936,1: Not too wrong
allenai/OLMo-2-0325-32B-Instruct,b96024342a77a69aa0dda815c3454a671f477463,v2,106,Social Norms,sampled,1,2.0,,nan,1,False,False,anchored,,,,,,,1,d63d62b17720e85b,2: Somewhat wrong
allenai/OLMo-2-0325-32B-Instruct,b96024342a77a69aa0dda815c3454a671f477463,v2,107,Social Norms,sampled,1,2.0,,nan,1,False,False,anchored,,,,,,,1,6e4500973d74ee66,2: Somewhat wrong
allenai/OLMo-2-0325-32B-Instruct,b96024342a77a69aa0dda815c3454a671f477463,v2,108,Social Norms,sampled,1,1.0,,nan,1,False,False,anchored,,,,,,,1,e2ff54c3d856340a,1: Not too wrong
allenai/OLMo-2-0325-32B-Instruct,b96024342a77a69aa0dda815c3454a671f477463,v2,109,Social Norms,sampled,1,1.0,,nan,1,False,False,anchored,,,,,,,1,52f27b214be7e471,1: Not too wrong
allenai/OLMo-2-0325-32B-Instruct,b96024342a77a69aa0dda815c3454a671f477463,v2,110,Social Norms,sampled,1,1.0,,nan,1,False,False,anchored,,,,,,,1,ce679717135d3cee,1: Not too wrong
allenai/OLMo-2-0325-32B-Instruct,b96024342a77a69aa0dda815c3454a671f477463,v2,111,Social Norms,sampled,1,2.0,,nan,1,False,False,anchored,,,,,,,1,aeefc1c069a9d149,2: Somewhat wrong
allenai/OLMo-2-0325-32B-Instruct,b96024342a77a69aa0dda815c3454a671f477463,v2,112,Social Norms,sampled,1,2.0,,nan,1,False,False,anchored,,,,,,,1,4b8eda0c72bc342f,2: Somewhat wrong
allenai/OLMo-2-0325-32B-Instruct,b96024342a77a69aa0dda815c3454a671f477463,v2,113,Social Norms,sampled,1,1.0,,nan,1,False,False,anchored,,,,,,,1,fa13c45d51f2e335,1: Not too wrong
allenai/OLMo-2-0325-32B-Instruct,b96024342a77a69aa0dda815c3454a671f477463,v2,114,Social Norms,sampled,1,2.0,,nan,1,False,False,anchored,,,,,,,1,0561eb22ac810c75,2: Somewhat wrong
allenai/OLMo-2-0325-32B-Instruct,b96024342a77a69aa0dda815c3454a671f477463,v2,115,Social Norms,sampled,1,2.0,,nan,1,False,False,anchored,,,,,,,1,4476852fd278dc07,2: Somewhat wrong
allenai/OLMo-2-0325-32B-Instruct,b96024342a77a69aa0dda815c3454a671f477463,v2,116,Social Norms,sampled,1,2.0,,nan,1,False,False,anchored,,,,,,,1,e2183951e9981956,2: Somewhat wrong
allenai/OLMo-2-0325-32B-Instruct,b96024342a77a69aa0dda815c3454a671f477463,v2,1,Care,sampled,2,3.0,,nan,1,False,False,anchored,,,,,,,2,44642b1e52ff3e79,3: Very wrong
allenai/OLMo-2-0325-32B-Instruct,b96024342a77a69aa0dda815c3454a671f477463,v2,2,Care,sampled,2,2.0,,nan,1,False,False,anchored,,,,,,,2,1913a7d03af1ff88,2: Somewhat wrong
allenai/OLMo-2-0325-32B-Instruct,b96024342a77a69aa0dda815c3454a671f477463,v2,3,Care,sampled,2,3.0,,nan,1,False,False,anchored,,,,,,,2,a2d3b6daf453e8b6,3: Very wrong
allenai/OLMo-2-0325-32B-Instruct,b96024342a77a69aa0dda815c3454a671f477463,v2,4,Care,sampled,2,3.0,,nan,1,False,False,anchored,,,,,,,2,5e96c369f81eb79f,3: Very wrong
allenai/OLMo-2-0325-32B-Instruct,b96024342a77a69aa0dda815c3454a671f477463,v2,5,Care,sampled,2,3.0,,nan,1,False,False,anchored,,,,,,,2,40bade8087ef10f8,3: Very wrong
allenai/OLMo-2-0325-32B-Instruct,b96024342a77a69aa0dda815c3454a671f477463,v2,6,Care,sampled,2,2.0,,nan,1,False,False,anchored,,,,,,,2,8c67f566fd720c90,2: Somewhat wrong
allenai/OLMo-2-0325-32B-Instruct,b96024342a77a69aa0dda815c3454a671f477463,v2,7,Care,sampled,2,3.0,,nan,1,False,False,anchored,,,,,,,2,1fe426dc82b973a8,3: Very wrong
allenai/OLMo-2-0325-32B-Instruct,b96024342a77a69aa0dda815c3454a671f477463,v2,8,Care,sampled,2,3.0,,nan,1,False,False,anchored,,,,,,,2,706f3972748399bc,3: Very wrong
allenai/OLMo-2-0325-32B-Instruct,b96024342a77a69aa0dda815c3454a671f477463,v2,9,Care,sampled,2,3.0,,nan,1,False,False,anchored,,,,,,,2,3890a213cc933cad,3: Very wrong
allenai/OLMo-2-0325-32B-Instruct,b96024342a77a69aa0dda815c3454a671f477463,v2,10,Care,sampled,2,3.0,,nan,1,False,False,anchored,,,,,,,2,0fd683ed20bb6ac5,3: Very wrong
allenai/OLMo-2-0325-32B-Instruct,b96024342a77a69aa0dda815c3454a671f477463,v2,11,Care,sampled,2,3.0,,nan,1,False,False,anchored,,,,,,,2,d4bb3aae295025d7,3: Very wrong
allenai/OLMo-2-0325-32B-Instruct,b96024342a77a69aa0dda815c3454a671f477463,v2,12,Care,sampled,2,3.0,,nan,1,False,False,anchored,,,,,,,2,81561e7177a4e54a,3: Very wrong
allenai/OLMo-2-0325-32B-Instruct,b96024342a77a69aa0dda815c3454a671f477463,v2,13,Care,sampled,2,3.0,,nan,1,False,False,anchored,,,,,,,2,8eb3a30665be02a2,3: Very wrong
allenai/OLMo-2-0325-32B-Instruct,b96024342a77a69aa0dda815c3454a671f477463,v2,14,Care,sampled,2,3.0,,nan,1,False,False,anchored,,,,,,,2,b4aec18bf6f5051e,3: Very wrong
allenai/OLMo-2-0325-32B-Instruct,b96024342a77a69aa0dda815c3454a671f477463,v2,15,Care,sampled,2,3.0,,nan,1,False,False,anchored,,,,,,,2,5c1b5e3e595ef0ee,3: Very wrong
allenai/OLMo-2-0325-32B-Instruct,b96024342a77a69aa0dda815c3454a671f477463,v2,16,Care,sampled,2,3.0,,nan,1,False,False,anchored,,,,,,,2,95504516f123c9d8,3: Very wrong
allenai/OLMo-2-0325-32B-Instruct,b96024342a77a69aa0dda815c3454a671f477463,v2,17,Fairness,sampled,2,3.0,,nan,1,False,False,anchored,,,,,,,2,b19fbec958482d1f,3: Very wrong
allenai/OLMo-2-0325-32B-Instruct,b96024342a77a69aa0dda815c3454a671f477463,v2,18,Fairness,sampled,2,3.0,,nan,1,False,False,anchored,,,,,,,2,99666992e14d40fa,3: Very wrong
allenai/OLMo-2-0325-32B-Instruct,b96024342a77a69aa0dda815c3454a671f477463,v2,19,Fairness,sampled,2,3.0,,nan,1,False,False,anchored,,,,,,,2,9cc6a157d328ced8,3: Very wrong
allenai/OLMo-2-0325-32B-Instruct,b96024342a77a69aa0dda815c3454a671f477463,v2,20,Fairness,sampled,2,3.0,,nan,1,False,False,anchored,,,,,,,2,96cb505613052a5c,3: Very wrong
allenai/OLMo-2-0325-32B-Instruct,b96024342a77a69aa0dda815c3454a671f477463,v2,21,Fairness,sampled,2,3.0,,nan,1,False,False,anchored,,,,,,,2,621e63aba89a1914,3: Very wrong
allenai/OLMo-2-0325-32B-Instruct,b96024342a77a69aa0dda815c3454a671f477463,v2,22,Fairness,sampled,2,4.0,,nan,1,False,False,anchored,,,,,,,2,0e1f8c298420863d,4: Extremely wrong
allenai/OLMo-2-0325-32B-Instruct,b96024342a77a69aa0dda815c3454a671f477463,v2,23,Fairness,sampled,2,3.0,,nan,1,False,False,anchored,,,,,,,2,c1b1c6838ee9d401,3: Very wrong
allenai/OLMo-2-0325-32B-Instruct,b96024342a77a69aa0dda815c3454a671f477463,v2,24,Fairness,sampled,2,3.0,,nan,1,False,False,anchored,,,,,,,2,74ef17329d02a486,3: Very wrong
allenai/OLMo-2-0325-32B-Instruct,b96024342a77a69aa0dda815c3454a671f477463,v2,25,Fairness,sampled,2,3.0,,nan,1,False,False,anchored,,,,,,,2,c13161b55a415ec2,3: Very wrong
allenai/OLMo-2-0325-32B-Instruct,b96024342a77a69aa0dda815c3454a671f477463,v2,26,Fairness,sampled,2,3.0,,nan,1,False,False,anchored,,,,,,,2,8a15988e0b58ddc5,3: Very wrong
allenai/OLMo-2-0325-32B-Instruct,b96024342a77a69aa0dda815c3454a671f477463,v2,27,Fairness,sampled,2,3.0,,nan,1,False,False,anchored,,,,,,,2,a86239a9bdd56844,3: Very wrong
allenai/OLMo-2-0325-32B-Instruct,b96024342a77a69aa0dda815c3454a671f477463,v2,28,Fairness,sampled,2,3.0,,nan,1,False,False,anchored,,,,,,,2,be944925959f6221,3: Very wrong
allenai/OLMo-2-0325-32B-Instruct,b96024342a77a69aa0dda815c3454a671f477463,v2,29,Fairness,sampled,2,3.0,,nan,1,False,False,anchored,,,,,,,2,2fadc17b158a203f,3: Very wrong
allenai/OLMo-2-0325-32B-Instruct,b96024342a77a69aa0dda815c3454a671f477463,v2,30,Fairness,sampled,2,3.0,,nan,1,False,False,anchored,,,,,,,2,08fd3c392e299c69,3: Very wrong
allenai/OLMo-2-0325-32B-Instruct,b96024342a77a69aa0dda815c3454a671f477463,v2,31,Fairness,sampled,2,3.0,,nan,1,False,False,anchored,,,,,,,2,47696ad153dde837,3: Very wrong
allenai/OLMo-2-0325-32B-Instruct,b96024342a77a69aa0dda815c3454a671f477463,v2,32,Fairness,sampled,2,3.0,,nan,1,False,False,anchored,,,,,,,2,fcd7c1e96dca4c53,3: Very wrong
allenai/OLMo-2-0325-32B-Instruct,b96024342a77a69aa0dda815c3454a671f477463,v2,33,Fairness,sampled,2,3.0,,nan,1,False,False,anchored,,,,,,,2,7e055d5775975ca3,3: Very wrong
allenai/OLMo-2-0325-32B-Instruct,b96024342a77a69aa0dda815c3454a671f477463,v2,34,Loyalty,sampled,2,2.0,,nan,1,False,False,anchored,,,,,,,2,1cb54beea7c9d7eb,2: Somewhat wrong
allenai/OLMo-2-0325-32B-Instruct,b96024342a77a69aa0dda815c3454a671f477463,v2,35,Loyalty,sampled,2,2.0,,nan,1,False,False,anchored,,,,,,,2,c37c206b1f9c3b17,2: Somewhat wrong
allenai/OLMo-2-0325-32B-Instruct,b96024342a77a69aa0dda815c3454a671f477463,v2,36,Loyalty,sampled,2,2.0,,nan,1,False,False,anchored,,,,,,,2,2d1c36217704eea4,2: Somewhat wrong
allenai/OLMo-2-0325-32B-Instruct,b96024342a77a69aa0dda815c3454a671f477463,v2,37,Loyalty,sampled,2,3.0,,nan,1,False,False,anchored,,,,,,,2,55491761a9a6f659,3: Very wrong
allenai/OLMo-2-0325-32B-Instruct,b96024342a77a69aa0dda815c3454a671f477463,v2,38,Loyalty,sampled,2,3.0,,nan,1,False,False,anchored,,,,,,,2,301fc5a4f13664de,3: Very wrong
allenai/OLMo-2-0325-32B-Instruct,b96024342a77a69aa0dda815c3454a671f477463,v2,39,Loyalty,sampled,2,2.0,,nan,1,False,False,anchored,,,,,,,2,aea91e855a6d2f94,2: Somewhat wrong
allenai/OLMo-2-0325-32B-Instruct,b96024342a77a69aa0dda815c3454a671f477463,v2,40,Loyalty,sampled,2,3.0,,nan,1,False,False,anchored,,,,,,,2,c0bb4fb0a3d2bdff,3: Very wrong
allenai/OLMo-2-0325-32B-Instruct,b96024342a77a69aa0dda815c3454a671f477463,v2,41,Loyalty,sampled,2,3.0,,nan,1,False,False,anchored,,,,,,,2,e18f363c6dc19447,3: Very wrong
allenai/OLMo-2-0325-32B-Instruct,b96024342a77a69aa0dda815c3454a671f477463,v2,42,Loyalty,sampled,2,3.0,,nan,1,False,False,anchored,,,,,,,2,535c940f6729bc0a,3: Very wrong
allenai/OLMo-2-0325-32B-Instruct,b96024342a77a69aa0dda815c3454a671f477463,v2,43,Loyalty,sampled,2,3.0,,nan,1,False,False,anchored,,,,,,,2,8465e50533f5353e,3: Very wrong
allenai/OLMo-2-0325-32B-Instruct,b96024342a77a69aa0dda815c3454a671f477463,v2,44,Loyalty,sampled,2,2.0,,nan,1,False,False,anchored,,,,,,,2,0da20221b66b19ff,2: Somewhat wrong
allenai/OLMo-2-0325-32B-Instruct,b96024342a77a69aa0dda815c3454a671f477463,v2,45,Loyalty,sampled,2,3.0,,nan,1,False,False,anchored,,,,,,,2,0c515d1a102e20cb,3: Very wrong
allenai/OLMo-2-0325-32B-Instruct,b96024342a77a69aa0dda815c3454a671f477463,v2,46,Loyalty,sampled,2,3.0,,nan,1,False,False,anchored,,,,,,,2,96bf5653ce516d7f,3: Very wrong
allenai/OLMo-2-0325-32B-Instruct,b96024342a77a69aa0dda815c3454a671f477463,v2,47,Loyalty,sampled,2,3.0,,nan,1,False,False,anchored,,,,,,,2,1ee28b16639683de,3: Very wrong
allenai/OLMo-2-0325-32B-Instruct,b96024342a77a69aa0dda815c3454a671f477463,v2,48,Loyalty,sampled,2,3.0,,nan,1,False,False,anchored,,,,,,,2,605837de353da898,3: Very wrong
allenai/OLMo-2-0325-32B-Instruct,b96024342a77a69aa0dda815c3454a671f477463,v2,49,Loyalty,sampled,2,3.0,,nan,1,False,False,anchored,,,,,,,2,9466a84901f260ba,3: Very wrong
allenai/OLMo-2-0325-32B-Instruct,b96024342a77a69aa0dda815c3454a671f477463,v2,50,Authority,sampled,2,3.0,,nan,1,False,False,anchored,,,,,,,2,8931d2dfd54d71b5,3: Very wrong
allenai/OLMo-2-0325-32B-Instruct,b96024342a77a69aa0dda815c3454a671f477463,v2,51,Authority,sampled,2,3.0,,nan,1,False,False,anchored,,,,,,,2,ddf10c352b196231,3: Very wrong
allenai/OLMo-2-0325-32B-Instruct,b96024342a77a69aa0dda815c3454a671f477463,v2,52,Authority,sampled,2,3.0,,nan,1,False,False,anchored,,,,,,,2,08ff18a2e3cf2f57,3: Very wrong
allenai/OLMo-2-0325-32B-Instruct,b96024342a77a69aa0dda815c3454a671f477463,v2,53,Authority,sampled,2,3.0,,nan,1,False,False,anchored,,,,,,,2,ca23b5ae5c0bf8e3,3: Very wrong
allenai/OLMo-2-0325-32B-Instruct,b96024342a77a69aa0dda815c3454a671f477463,v2,54,Authority,sampled,2,3.0,,nan,1,False,False,anchored,,,,,,,2,dfca96a580d5ab0b,3: Very wrong
allenai/OLMo-2-0325-32B-Instruct,b96024342a77a69aa0dda815c3454a671f477463,v2,55,Authority,sampled,2,3.0,,nan,1,False,False,anchored,,,,,,,2,a9d96d4efd0277b2,3: Very wrong
allenai/OLMo-2-0325-32B-Instruct,b96024342a77a69aa0dda815c3454a671f477463,v2,56,Authority,sampled,2,3.0,,nan,1,False,False,anchored,,,,,,,2,affb8f91b7544f31,3: Very wrong
allenai/OLMo-2-0325-32B-Instruct,b96024342a77a69aa0dda815c3454a671f477463,v2,57,Authority,sampled,2,3.0,,nan,1,False,False,anchored,,,,,,,2,305e06e6816e6e11,3: Very wrong
allenai/OLMo-2-0325-32B-Instruct,b96024342a77a69aa0dda815c3454a671f477463,v2,58,Authority,sampled,2,3.0,,nan,1,False,False,anchored,,,,,,,2,410cf0deb35bb23e,3: Very wrong
allenai/OLMo-2-0325-32B-Instruct,b96024342a77a69aa0dda815c3454a671f477463,v2,59,Authority,sampled,2,3.0,,nan,1,False,False,anchored,,,,,,,2,2e3352ca2ae9408f,3: Very wrong
allenai/OLMo-2-0325-32B-Instruct,b96024342a77a69aa0dda815c3454a671f477463,v2,60,Authority,sampled,2,3.0,,nan,1,False,False,anchored,,,,,,,2,7454dfbaeb240a26,3: Very wrong
allenai/OLMo-2-0325-32B-Instruct,b96024342a77a69aa0dda815c3454a671f477463,v2,61,Authority,sampled,2,3.0,,nan,1,False,False,anchored,,,,,,,2,9d7c0d2df4035e1f,3: Very wrong
allenai/OLMo-2-0325-32B-Instruct,b96024342a77a69aa0dda815c3454a671f477463,v2,62,Authority,sampled,2,3.0,,nan,1,False,False,anchored,,,,,,,2,08a80f0d30942bef,3: Very wrong
allenai/OLMo-2-0325-32B-Instruct,b96024342a77a69aa0dda815c3454a671f477463,v2,63,Authority,sampled,2,3.0,,nan,1,False,False,anchored,,,,,,,2,109d8e18fd7113cf,3: Very wrong
allenai/OLMo-2-0325-32B-Instruct,b96024342a77a69aa0dda815c3454a671f477463,v2,64,Authority,sampled,2,3.0,,nan,1,False,False,anchored,,,,,,,2,ff57f68bbd68e8b9,3: Very wrong
allenai/OLMo-2-0325-32B-Instruct,b96024342a77a69aa0dda815c3454a671f477463,v2,65,Authority,sampled,2,3.0,,nan,1,False,False,anchored,,,,,,,2,e7d7944dfba502b6,3: Very wrong
allenai/OLMo-2-0325-32B-Instruct,b96024342a77a69aa0dda815c3454a671f477463,v2,66,Authority,sampled,2,3.0,,nan,1,False,False,anchored,,,,,,,2,5a24585d4009afe4,3: Very wrong
allenai/OLMo-2-0325-32B-Instruct,b96024342a77a69aa0dda815c3454a671f477463,v2,67,Sanctity,sampled,2,3.0,,nan,1,False,False,anchored,,,,,,,2,dfcca8f8f521f60f,3: Very wrong
allenai/OLMo-2-0325-32B-Instruct,b96024342a77a69aa0dda815c3454a671f477463,v2,68,Sanctity,sampled,2,3.0,,nan,1,False,False,anchored,,,,,,,2,98b30c254db71570,3: Very wrong
allenai/OLMo-2-0325-32B-Instruct,b96024342a77a69aa0dda815c3454a671f477463,v2,69,Sanctity,sampled,2,3.0,,nan,1,False,False,anchored,,,,,,,2,6b74c673fa86da1b,3: Very wrong
allenai/OLMo-2-0325-32B-Instruct,b96024342a77a69aa0dda815c3454a671f477463,v2,70,Sanctity,sampled,2,3.0,,nan,1,False,False,anchored,,,,,,,2,f058f4717dce20b1,3: Very wrong
allenai/OLMo-2-0325-32B-Instruct,b96024342a77a69aa0dda815c3454a671f477463,v2,71,Sanctity,sampled,2,3.0,,nan,1,False,False,anchored,,,,,,,2,411cfffc6f3acf3c,3: Very wrong
allenai/OLMo-2-0325-32B-Instruct,b96024342a77a69aa0dda815c3454a671f477463,v2,72,Sanctity,sampled,2,3.0,,nan,1,False,False,anchored,,,,,,,2,6092ad959e4541d7,3: Very wrong
allenai/OLMo-2-0325-32B-Instruct,b96024342a77a69aa0dda815c3454a671f477463,v2,73,Sanctity,sampled,2,3.0,,nan,1,False,False,anchored,,,,,,,2,5bd998c887f9ab76,3: Very wrong
allenai/OLMo-2-0325-32B-Instruct,b96024342a77a69aa0dda815c3454a671f477463,v2,74,Sanctity,sampled,2,4.0,,nan,1,False,False,anchored,,,,,,,2,16c079ef57b3bfe0,4: Extremely wrong
allenai/OLMo-2-0325-32B-Instruct,b96024342a77a69aa0dda815c3454a671f477463,v2,75,Sanctity,sampled,2,3.0,,nan,1,False,False,anchored,,,,,,,2,cb7b27e58e31e9e6,3: Very wrong
allenai/OLMo-2-0325-32B-Instruct,b96024342a77a69aa0dda815c3454a671f477463,v2,76,Sanctity,sampled,2,3.0,,nan,1,False,False,anchored,,,,,,,2,1e6900340d71af11,3: Very wrong
allenai/OLMo-2-0325-32B-Instruct,b96024342a77a69aa0dda815c3454a671f477463,v2,77,Sanctity,sampled,2,2.0,,nan,1,False,False,anchored,,,,,,,2,efe14cdff76d897d,2: Somewhat wrong
allenai/OLMo-2-0325-32B-Instruct,b96024342a77a69aa0dda815c3454a671f477463,v2,78,Sanctity,sampled,2,2.0,,nan,1,False,False,anchored,,,,,,,2,346d5fbeb5fb1586,2: Somewhat wrong
allenai/OLMo-2-0325-32B-Instruct,b96024342a77a69aa0dda815c3454a671f477463,v2,79,Sanctity,sampled,2,3.0,,nan,1,False,False,anchored,,,,,,,2,b088783a312aea48,3: Very wrong
allenai/OLMo-2-0325-32B-Instruct,b96024342a77a69aa0dda815c3454a671f477463,v2,80,Sanctity,sampled,2,3.0,,nan,1,False,False,anchored,,,,,,,2,3f128f3c827d8324,3: Very wrong
allenai/OLMo-2-0325-32B-Instruct,b96024342a77a69aa0dda815c3454a671f477463,v2,81,Sanctity,sampled,2,3.0,,nan,1,False,False,anchored,,,,,,,2,9f839ba4ab8c7d69,3: Very wrong
allenai/OLMo-2-0325-32B-Instruct,b96024342a77a69aa0dda815c3454a671f477463,v2,82,Sanctity,sampled,2,3.0,,nan,1,False,False,anchored,,,,,,,2,e77e1f30d61b4d75,3: Very wrong
allenai/OLMo-2-0325-32B-Instruct,b96024342a77a69aa0dda815c3454a671f477463,v2,83,Sanctity,sampled,2,3.0,,nan,1,False,False,anchored,,,,,,,2,22ea4aae60f364a4,3: Very wrong
allenai/OLMo-2-0325-32B-Instruct,b96024342a77a69aa0dda815c3454a671f477463,v2,84,Liberty,sampled,2,3.0,,nan,1,False,False,anchored,,,,,,,2,d865dde1c9bf280b,3: Very wrong
allenai/OLMo-2-0325-32B-Instruct,b96024342a77a69aa0dda815c3454a671f477463,v2,85,Liberty,sampled,2,2.0,,nan,1,False,False,anchored,,,,,,,2,76362cdaa17dd8d1,2: Somewhat wrong
allenai/OLMo-2-0325-32B-Instruct,b96024342a77a69aa0dda815c3454a671f477463,v2,86,Liberty,sampled,2,4.0,,nan,1,False,False,anchored,,,,,,,2,2e16e93fb64a4aac,4: Extremely wrong
allenai/OLMo-2-0325-32B-Instruct,b96024342a77a69aa0dda815c3454a671f477463,v2,87,Liberty,sampled,2,3.0,,nan,1,False,False,anchored,,,,,,,2,56c69a432bf71c4f,3: Very wrong
allenai/OLMo-2-0325-32B-Instruct,b96024342a77a69aa0dda815c3454a671f477463,v2,88,Liberty,sampled,2,3.0,,nan,1,False,False,anchored,,,,,,,2,a78465769d12516d,3: Very wrong
allenai/OLMo-2-0325-32B-Instruct,b96024342a77a69aa0dda815c3454a671f477463,v2,89,Liberty,sampled,2,3.0,,nan,1,False,False,anchored,,,,,,,2,6074fe8daf2abf72,3: Very wrong
allenai/OLMo-2-0325-32B-Instruct,b96024342a77a69aa0dda815c3454a671f477463,v2,90,Liberty,sampled,2,3.0,,nan,1,False,False,anchored,,,,,,,2,87a23058f759caff,3: Very wrong
allenai/OLMo-2-0325-32B-Instruct,b96024342a77a69aa0dda815c3454a671f477463,v2,91,Liberty,sampled,2,3.0,,nan,1,False,False,anchored,,,,,,,2,6f1c3c5a3952852d,3: Very wrong
allenai/OLMo-2-0325-32B-Instruct,b96024342a77a69aa0dda815c3454a671f477463,v2,92,Liberty,sampled,2,3.0,,nan,1,False,False,anchored,,,,,,,2,0ee25cb9d8ac4307,3: Very wrong
allenai/OLMo-2-0325-32B-Instruct,b96024342a77a69aa0dda815c3454a671f477463,v2,93,Liberty,sampled,2,2.0,,nan,1,False,False,anchored,,,,,,,2,851f6979159d374e,2: Somewhat wrong
allenai/OLMo-2-0325-32B-Instruct,b96024342a77a69aa0dda815c3454a671f477463,v2,94,Liberty,sampled,2,3.0,,nan,1,False,False,anchored,,,,,,,2,73c98ba465b680cd,3: Very wrong
allenai/OLMo-2-0325-32B-Instruct,b96024342a77a69aa0dda815c3454a671f477463,v2,95,Liberty,sampled,2,3.0,,nan,1,False,False,anchored,,,,,,,2,974ed2df96207fb5,3: Very wrong
allenai/OLMo-2-0325-32B-Instruct,b96024342a77a69aa0dda815c3454a671f477463,v2,96,Liberty,sampled,2,3.0,,nan,1,False,False,anchored,,,,,,,2,8ddc14fc272efd0e,3: Very wrong
allenai/OLMo-2-0325-32B-Instruct,b96024342a77a69aa0dda815c3454a671f477463,v2,97,Liberty,sampled,2,3.0,,nan,1,False,False,anchored,,,,,,,2,0cf209e76edd1937,3: Very wrong
allenai/OLMo-2-0325-32B-Instruct,b96024342a77a69aa0dda815c3454a671f477463,v2,98,Liberty,sampled,2,3.0,,nan,1,False,False,anchored,,,,,,,2,05e6726ffbdc619d,3: Very wrong
allenai/OLMo-2-0325-32B-Instruct,b96024342a77a69aa0dda815c3454a671f477463,v2,99,Liberty,sampled,2,3.0,,nan,1,False,False,anchored,,,,,,,2,b048d298592a7caa,3: Very wrong
allenai/OLMo-2-0325-32B-Instruct,b96024342a77a69aa0dda815c3454a671f477463,v2,100,Liberty,sampled,2,3.0,,nan,1,False,False,anchored,,,,,,,2,d6ea4fef0f7eaab6,3: Very wrong
allenai/OLMo-2-0325-32B-Instruct,b96024342a77a69aa0dda815c3454a671f477463,v2,101,Social Norms,sampled,2,1.0,,nan,1,False,False,anchored,,,,,,,2,c0f2556d47cad904,1: Not too wrong
allenai/OLMo-2-0325-32B-Instruct,b96024342a77a69aa0dda815c3454a671f477463,v2,102,Social Norms,sampled,2,1.0,,nan,1,False,False,anchored,,,,,,,2,6e129a06829b4f9d,1: Not too wrong
allenai/OLMo-2-0325-32B-Instruct,b96024342a77a69aa0dda815c3454a671f477463,v2,103,Social Norms,sampled,2,2.0,,nan,1,False,False,anchored,,,,,,,2,8eaad61bb135b001,2: Somewhat wrong
allenai/OLMo-2-0325-32B-Instruct,b96024342a77a69aa0dda815c3454a671f477463,v2,104,Social Norms,sampled,2,1.0,,nan,1,False,False,anchored,,,,,,,2,b89312c7146a9ed6,1: Not too wrong
allenai/OLMo-2-0325-32B-Instruct,b96024342a77a69aa0dda815c3454a671f477463,v2,105,Social Norms,sampled,2,1.0,,nan,1,False,False,anchored,,,,,,,2,2927c078f4f30936,1: Not too wrong
allenai/OLMo-2-0325-32B-Instruct,b96024342a77a69aa0dda815c3454a671f477463,v2,106,Social Norms,sampled,2,3.0,,nan,1,False,False,anchored,,,,,,,2,d63d62b17720e85b,3: Very wrong
allenai/OLMo-2-0325-32B-Instruct,b96024342a77a69aa0dda815c3454a671f477463,v2,107,Social Norms,sampled,2,1.0,,nan,1,False,False,anchored,,,,,,,2,6e4500973d74ee66,1: Not too wrong
allenai/OLMo-2-0325-32B-Instruct,b96024342a77a69aa0dda815c3454a671f477463,v2,108,Social Norms,sampled,2,0.0,,nan,1,False,False,anchored,,,,,,,2,e2ff54c3d856340a,0: Not at all wrong
allenai/OLMo-2-0325-32B-Instruct,b96024342a77a69aa0dda815c3454a671f477463,v2,109,Social Norms,sampled,2,1.0,,nan,1,False,False,anchored,,,,,,,2,52f27b214be7e471,1: Not too wrong
allenai/OLMo-2-0325-32B-Instruct,b96024342a77a69aa0dda815c3454a671f477463,v2,110,Social Norms,sampled,2,1.0,,nan,1,False,False,anchored,,,,,,,2,ce679717135d3cee,1: Not too wrong
allenai/OLMo-2-0325-32B-Instruct,b96024342a77a69aa0dda815c3454a671f477463,v2,111,Social Norms,sampled,2,2.0,,nan,1,False,False,anchored,,,,,,,2,aeefc1c069a9d149,2: Somewhat wrong
allenai/OLMo-2-0325-32B-Instruct,b96024342a77a69aa0dda815c3454a671f477463,v2,112,Social Norms,sampled,2,2.0,,nan,1,False,False,anchored,,,,,,,2,4b8eda0c72bc342f,2: Somewhat wrong
allenai/OLMo-2-0325-32B-Instruct,b96024342a77a69aa0dda815c3454a671f477463,v2,113,Social Norms,sampled,2,1.0,,nan,1,False,False,anchored,,,,,,,2,fa13c45d51f2e335,1: Not too wrong
allenai/OLMo-2-0325-32B-Instruct,b96024342a77a69aa0dda815c3454a671f477463,v2,114,Social Norms,sampled,2,3.0,,nan,1,False,False,anchored,,,,,,,2,0561eb22ac810c75,3: Very wrong
allenai/OLMo-2-0325-32B-Instruct,b96024342a77a69aa0dda815c3454a671f477463,v2,115,Social Norms,sampled,2,2.0,,nan,1,False,False,anchored,,,,,,,2,4476852fd278dc07,2: Somewhat wrong
allenai/OLMo-2-0325-32B-Instruct,b96024342a77a69aa0dda815c3454a671f477463,v2,116,Social Norms,sampled,2,0.0,,nan,1,False,False,anchored,,,,,,,2,e2183951e9981956,0: Not at all wrong
allenai/OLMo-2-0325-32B-Instruct,b96024342a77a69aa0dda815c3454a671f477463,v2,1,Care,sampled,3,3.0,,nan,1,False,False,anchored,,,,,,,3,44642b1e52ff3e79,3: Very wrong
allenai/OLMo-2-0325-32B-Instruct,b96024342a77a69aa0dda815c3454a671f477463,v2,2,Care,sampled,3,3.0,,nan,1,False,False,anchored,,,,,,,3,1913a7d03af1ff88,3: Very wrong
allenai/OLMo-2-0325-32B-Instruct,b96024342a77a69aa0dda815c3454a671f477463,v2,3,Care,sampled,3,4.0,,nan,1,False,False,anchored,,,,,,,3,a2d3b6daf453e8b6,4: Extremely wrong
allenai/OLMo-2-0325-32B-Instruct,b96024342a77a69aa0dda815c3454a671f477463,v2,4,Care,sampled,3,2.0,,nan,1,False,False,anchored,,,,,,,3,5e96c369f81eb79f,2: Somewhat wrong
allenai/OLMo-2-0325-32B-Instruct,b96024342a77a69aa0dda815c3454a671f477463,v2,5,Care,sampled,3,1.0,,nan,1,False,False,anchored,,,,,,,3,40bade8087ef10f8,1: Not too wrong
allenai/OLMo-2-0325-32B-Instruct,b96024342a77a69aa0dda815c3454a671f477463,v2,6,Care,sampled,3,1.0,,nan,1,False,False,anchored,,,,,,,3,8c67f566fd720c90,1: Not too wrong
allenai/OLMo-2-0325-32B-Instruct,b96024342a77a69aa0dda815c3454a671f477463,v2,7,Care,sampled,3,3.0,,nan,1,False,False,anchored,,,,,,,3,1fe426dc82b973a8,3: Very wrong
allenai/OLMo-2-0325-32B-Instruct,b96024342a77a69aa0dda815c3454a671f477463,v2,8,Care,sampled,3,3.0,,nan,1,False,False,anchored,,,,,,,3,706f3972748399bc,3: Very wrong
allenai/OLMo-2-0325-32B-Instruct,b96024342a77a69aa0dda815c3454a671f477463,v2,9,Care,sampled,3,3.0,,nan,1,False,False,anchored,,,,,,,3,3890a213cc933cad,3: Very wrong
allenai/OLMo-2-0325-32B-Instruct,b96024342a77a69aa0dda815c3454a671f477463,v2,10,Care,sampled,3,3.0,,nan,1,False,False,anchored,,,,,,,3,0fd683ed20bb6ac5,3: Very wrong
allenai/OLMo-2-0325-32B-Instruct,b96024342a77a69aa0dda815c3454a671f477463,v2,11,Care,sampled,3,4.0,,nan,1,False,False,anchored,,,,,,,3,d4bb3aae295025d7,4: Extremely wrong
allenai/OLMo-2-0325-32B-Instruct,b96024342a77a69aa0dda815c3454a671f477463,v2,12,Care,sampled,3,3.0,,nan,1,False,False,anchored,,,,,,,3,81561e7177a4e54a,3: Very wrong
allenai/OLMo-2-0325-32B-Instruct,b96024342a77a69aa0dda815c3454a671f477463,v2,13,Care,sampled,3,2.0,,nan,1,False,False,anchored,,,,,,,3,8eb3a30665be02a2,2: Somewhat wrong
allenai/OLMo-2-0325-32B-Instruct,b96024342a77a69aa0dda815c3454a671f477463,v2,14,Care,sampled,3,3.0,,nan,1,False,False,anchored,,,,,,,3,b4aec18bf6f5051e,3: Very wrong
allenai/OLMo-2-0325-32B-Instruct,b96024342a77a69aa0dda815c3454a671f477463,v2,15,Care,sampled,3,2.0,,nan,1,False,False,anchored,,,,,,,3,5c1b5e3e595ef0ee,2: Somewhat wrong
allenai/OLMo-2-0325-32B-Instruct,b96024342a77a69aa0dda815c3454a671f477463,v2,16,Care,sampled,3,3.0,,nan,1,False,False,anchored,,,,,,,3,95504516f123c9d8,3: Very wrong
allenai/OLMo-2-0325-32B-Instruct,b96024342a77a69aa0dda815c3454a671f477463,v2,17,Fairness,sampled,3,4.0,,nan,1,False,False,anchored,,,,,,,3,b19fbec958482d1f,4: Extremely wrong
allenai/OLMo-2-0325-32B-Instruct,b96024342a77a69aa0dda815c3454a671f477463,v2,18,Fairness,sampled,3,3.0,,nan,1,False,False,anchored,,,,,,,3,99666992e14d40fa,3: Very wrong
allenai/OLMo-2-0325-32B-Instruct,b96024342a77a69aa0dda815c3454a671f477463,v2,19,Fairness,sampled,3,3.0,,nan,1,False,False,anchored,,,,,,,3,9cc6a157d328ced8,3: Very wrong
allenai/OLMo-2-0325-32B-Instruct,b96024342a77a69aa0dda815c3454a671f477463,v2,20,Fairness,sampled,3,3.0,,nan,1,False,False,anchored,,,,,,,3,96cb505613052a5c,3: Very wrong
allenai/OLMo-2-0325-32B-Instruct,b96024342a77a69aa0dda815c3454a671f477463,v2,21,Fairness,sampled,3,3.0,,nan,1,False,False,anchored,,,,,,,3,621e63aba89a1914,3: Very wrong
allenai/OLMo-2-0325-32B-Instruct,b96024342a77a69aa0dda815c3454a671f477463,v2,22,Fairness,sampled,3,4.0,,nan,1,False,False,anchored,,,,,,,3,0e1f8c298420863d,4: Extremely wrong
allenai/OLMo-2-0325-32B-Instruct,b96024342a77a69aa0dda815c3454a671f477463,v2,23,Fairness,sampled,3,4.0,,nan,1,False,False,anchored,,,,,,,3,c1b1c6838ee9d401,4: Extremely wrong
allenai/OLMo-2-0325-32B-Instruct,b96024342a77a69aa0dda815c3454a671f477463,v2,24,Fairness,sampled,3,2.0,,nan,1,False,False,anchored,,,,,,,3,74ef17329d02a486,2: Somewhat wrong
allenai/OLMo-2-0325-32B-Instruct,b96024342a77a69aa0dda815c3454a671f477463,v2,25,Fairness,sampled,3,4.0,,nan,1,False,False,anchored,,,,,,,3,c13161b55a415ec2,4: Extremely wrong
allenai/OLMo-2-0325-32B-Instruct,b96024342a77a69aa0dda815c3454a671f477463,v2,26,Fairness,sampled,3,3.0,,nan,1,False,False,anchored,,,,,,,3,8a15988e0b58ddc5,3: Very wrong
allenai/OLMo-2-0325-32B-Instruct,b96024342a77a69aa0dda815c3454a671f477463,v2,27,Fairness,sampled,3,3.0,,nan,1,False,False,anchored,,,,,,,3,a86239a9bdd56844,3: Very wrong
allenai/OLMo-2-0325-32B-Instruct,b96024342a77a69aa0dda815c3454a671f477463,v2,28,Fairness,sampled,3,3.0,,nan,1,False,False,anchored,,,,,,,3,be944925959f6221,3: Very wrong
allenai/OLMo-2-0325-32B-Instruct,b96024342a77a69aa0dda815c3454a671f477463,v2,29,Fairness,sampled,3,1.0,,nan,1,False,False,anchored,,,,,,,3,2fadc17b158a203f,1: Not too wrong
allenai/OLMo-2-0325-32B-Instruct,b96024342a77a69aa0dda815c3454a671f477463,v2,30,Fairness,sampled,3,3.0,,nan,1,False,False,anchored,,,,,,,3,08fd3c392e299c69,3: Very wrong
allenai/OLMo-2-0325-32B-Instruct,b96024342a77a69aa0dda815c3454a671f477463,v2,31,Fairness,sampled,3,3.0,,nan,1,False,False,anchored,,,,,,,3,47696ad153dde837,3: Very wrong
allenai/OLMo-2-0325-32B-Instruct,b96024342a77a69aa0dda815c3454a671f477463,v2,32,Fairness,sampled,3,3.0,,nan,1,False,False,anchored,,,,,,,3,fcd7c1e96dca4c53,3: Very wrong
allenai/OLMo-2-0325-32B-Instruct,b96024342a77a69aa0dda815c3454a671f477463,v2,33,Fairness,sampled,3,3.0,,nan,1,False,False,anchored,,,,,,,3,7e055d5775975ca3,3: Very wrong
allenai/OLMo-2-0325-32B-Instruct,b96024342a77a69aa0dda815c3454a671f477463,v2,34,Loyalty,sampled,3,3.0,,nan,1,False,False,anchored,,,,,,,3,1cb54beea7c9d7eb,3: Very wrong
allenai/OLMo-2-0325-32B-Instruct,b96024342a77a69aa0dda815c3454a671f477463,v2,35,Loyalty,sampled,3,1.0,,nan,1,False,False,anchored,,,,,,,3,c37c206b1f9c3b17,1: Not too wrong
allenai/OLMo-2-0325-32B-Instruct,b96024342a77a69aa0dda815c3454a671f477463,v2,36,Loyalty,sampled,3,3.0,,nan,1,False,False,anchored,,,,,,,3,2d1c36217704eea4,3: Very wrong
allenai/OLMo-2-0325-32B-Instruct,b96024342a77a69aa0dda815c3454a671f477463,v2,37,Loyalty,sampled,3,2.0,,nan,1,False,False,anchored,,,,,,,3,55491761a9a6f659,2: Somewhat wrong
allenai/OLMo-2-0325-32B-Instruct,b96024342a77a69aa0dda815c3454a671f477463,v2,38,Loyalty,sampled,3,2.0,,nan,1,False,False,anchored,,,,,,,3,301fc5a4f13664de,2: Somewhat wrong
allenai/OLMo-2-0325-32B-Instruct,b96024342a77a69aa0dda815c3454a671f477463,v2,39,Loyalty,sampled,3,3.0,,nan,1,False,False,anchored,,,,,,,3,aea91e855a6d2f94,3: Very wrong
allenai/OLMo-2-0325-32B-Instruct,b96024342a77a69aa0dda815c3454a671f477463,v2,40,Loyalty,sampled,3,2.0,,nan,1,False,False,anchored,,,,,,,3,c0bb4fb0a3d2bdff,2: Somewhat wrong
allenai/OLMo-2-0325-32B-Instruct,b96024342a77a69aa0dda815c3454a671f477463,v2,41,Loyalty,sampled,3,2.0,,nan,1,False,False,anchored,,,,,,,3,e18f363c6dc19447,2: Somewhat wrong
allenai/OLMo-2-0325-32B-Instruct,b96024342a77a69aa0dda815c3454a671f477463,v2,42,Loyalty,sampled,3,1.0,,nan,1,False,False,anchored,,,,,,,3,535c940f6729bc0a,1: Not too wrong
allenai/OLMo-2-0325-32B-Instruct,b96024342a77a69aa0dda815c3454a671f477463,v2,43,Loyalty,sampled,3,3.0,,nan,1,False,False,anchored,,,,,,,3,8465e50533f5353e,3: Very wrong
allenai/OLMo-2-0325-32B-Instruct,b96024342a77a69aa0dda815c3454a671f477463,v2,44,Loyalty,sampled,3,1.0,,nan,1,False,False,anchored,,,,,,,3,0da20221b66b19ff,1: Not too wrong
allenai/OLMo-2-0325-32B-Instruct,b96024342a77a69aa0dda815c3454a671f477463,v2,45,Loyalty,sampled,3,3.0,,nan,1,False,False,anchored,,,,,,,3,0c515d1a102e20cb,3: Very wrong
allenai/OLMo-2-0325-32B-Instruct,b96024342a77a69aa0dda815c3454a671f477463,v2,46,Loyalty,sampled,3,1.0,,nan,1,False,False,anchored,,,,,,,3,96bf5653ce516d7f,1: Not too wrong
allenai/OLMo-2-0325-32B-Instruct,b96024342a77a69aa0dda815c3454a671f477463,v2,47,Loyalty,sampled,3,1.0,,nan,1,False,False,anchored,,,,,,,3,1ee28b16639683de,1: Not too wrong
allenai/OLMo-2-0325-32B-Instruct,b96024342a77a69aa0dda815c3454a671f477463,v2,48,Loyalty,sampled,3,3.0,,nan,1,False,False,anchored,,,,,,,3,605837de353da898,3: Very wrong
allenai/OLMo-2-0325-32B-Instruct,b96024342a77a69aa0dda815c3454a671f477463,v2,49,Loyalty,sampled,3,2.0,,nan,1,False,False,anchored,,,,,,,3,9466a84901f260ba,2: Somewhat wrong
allenai/OLMo-2-0325-32B-Instruct,b96024342a77a69aa0dda815c3454a671f477463,v2,50,Authority,sampled,3,3.0,,nan,1,False,False,anchored,,,,,,,3,8931d2dfd54d71b5,3: Very wrong
allenai/OLMo-2-0325-32B-Instruct,b96024342a77a69aa0dda815c3454a671f477463,v2,51,Authority,sampled,3,2.0,,nan,1,False,False,anchored,,,,,,,3,ddf10c352b196231,2: Somewhat wrong
allenai/OLMo-2-0325-32B-Instruct,b96024342a77a69aa0dda815c3454a671f477463,v2,52,Authority,sampled,3,3.0,,nan,1,False,False,anchored,,,,,,,3,08ff18a2e3cf2f57,3: Very wrong
allenai/OLMo-2-0325-32B-Instruct,b96024342a77a69aa0dda815c3454a671f477463,v2,53,Authority,sampled,3,2.0,,nan,1,False,False,anchored,,,,,,,3,ca23b5ae5c0bf8e3,2: Somewhat wrong
allenai/OLMo-2-0325-32B-Instruct,b96024342a77a69aa0dda815c3454a671f477463,v2,54,Authority,sampled,3,3.0,,nan,1,False,False,anchored,,,,,,,3,dfca96a580d5ab0b,3: Very wrong
allenai/OLMo-2-0325-32B-Instruct,b96024342a77a69aa0dda815c3454a671f477463,v2,55,Authority,sampled,3,1.0,,nan,1,False,False,anchored,,,,,,,3,a9d96d4efd0277b2,1: Not too wrong
allenai/OLMo-2-0325-32B-Instruct,b96024342a77a69aa0dda815c3454a671f477463,v2,56,Authority,sampled,3,3.0,,nan,1,False,False,anchored,,,,,,,3,affb8f91b7544f31,3: Very wrong
allenai/OLMo-2-0325-32B-Instruct,b96024342a77a69aa0dda815c3454a671f477463,v2,57,Authority,sampled,3,3.0,,nan,1,False,False,anchored,,,,,,,3,305e06e6816e6e11,3: Very wrong
allenai/OLMo-2-0325-32B-Instruct,b96024342a77a69aa0dda815c3454a671f477463,v2,58,Authority,sampled,3,3.0,,nan,1,False,False,anchored,,,,,,,3,410cf0deb35bb23e,3: Very wrong
allenai/OLMo-2-0325-32B-Instruct,b96024342a77a69aa0dda815c3454a671f477463,v2,59,Authority,sampled,3,3.0,,nan,1,False,False,anchored,,,,,,,3,2e3352ca2ae9408f,3: Very wrong
allenai/OLMo-2-0325-32B-Instruct,b96024342a77a69aa0dda815c3454a671f477463,v2,60,Authority,sampled,3,3.0,,nan,1,False,False,anchored,,,,,,,3,7454dfbaeb240a26,3: Very wrong
allenai/OLMo-2-0325-32B-Instruct,b96024342a77a69aa0dda815c3454a671f477463,v2,61,Authority,sampled,3,3.0,,nan,1,False,False,anchored,,,,,,,3,9d7c0d2df4035e1f,3: Very wrong
allenai/OLMo-2-0325-32B-Instruct,b96024342a77a69aa0dda815c3454a671f477463,v2,62,Authority,sampled,3,3.0,,nan,1,False,False,anchored,,,,,,,3,08a80f0d30942bef,3: Very wrong
allenai/OLMo-2-0325-32B-Instruct,b96024342a77a69aa0dda815c3454a671f477463,v2,63,Authority,sampled,3,3.0,,nan,1,False,False,anchored,,,,,,,3,109d8e18fd7113cf,3: Very wrong
allenai/OLMo-2-0325-32B-Instruct,b96024342a77a69aa0dda815c3454a671f477463,v2,64,Authority,sampled,3,3.0,,nan,1,False,False,anchored,,,,,,,3,ff57f68bbd68e8b9,3: Very wrong
allenai/OLMo-2-0325-32B-Instruct,b96024342a77a69aa0dda815c3454a671f477463,v2,65,Authority,sampled,3,1.0,,nan,1,False,False,anchored,,,,,,,3,e7d7944dfba502b6,1: Not too wrong
allenai/OLMo-2-0325-32B-Instruct,b96024342a77a69aa0dda815c3454a671f477463,v2,66,Authority,sampled,3,3.0,,nan,1,False,False,anchored,,,,,,,3,5a24585d4009afe4,3: Very wrong
allenai/OLMo-2-0325-32B-Instruct,b96024342a77a69aa0dda815c3454a671f477463,v2,67,Sanctity,sampled,3,3.0,,nan,1,False,False,anchored,,,,,,,3,dfcca8f8f521f60f,3: Very wrong
allenai/OLMo-2-0325-32B-Instruct,b96024342a77a69aa0dda815c3454a671f477463,v2,68,Sanctity,sampled,3,3.0,,nan,1,False,False,anchored,,,,,,,3,98b30c254db71570,3: Very wrong
allenai/OLMo-2-0325-32B-Instruct,b96024342a77a69aa0dda815c3454a671f477463,v2,69,Sanctity,sampled,3,3.0,,nan,1,False,False,anchored,,,,,,,3,6b74c673fa86da1b,3: Very wrong
allenai/OLMo-2-0325-32B-Instruct,b96024342a77a69aa0dda815c3454a671f477463,v2,70,Sanctity,sampled,3,4.0,,nan,1,False,False,anchored,,,,,,,3,f058f4717dce20b1,4: Extremely wrong
allenai/OLMo-2-0325-32B-Instruct,b96024342a77a69aa0dda815c3454a671f477463,v2,71,Sanctity,sampled,3,3.0,,nan,1,False,False,anchored,,,,,,,3,411cfffc6f3acf3c,3: Very wrong
allenai/OLMo-2-0325-32B-Instruct,b96024342a77a69aa0dda815c3454a671f477463,v2,72,Sanctity,sampled,3,3.0,,nan,1,False,False,anchored,,,,,,,3,6092ad959e4541d7,3: Very wrong
allenai/OLMo-2-0325-32B-Instruct,b96024342a77a69aa0dda815c3454a671f477463,v2,73,Sanctity,sampled,3,4.0,,nan,1,False,False,anchored,,,,,,,3,5bd998c887f9ab76,4: Extremely wrong
allenai/OLMo-2-0325-32B-Instruct,b96024342a77a69aa0dda815c3454a671f477463,v2,74,Sanctity,sampled,3,3.0,,nan,1,False,False,anchored,,,,,,,3,16c079ef57b3bfe0,3
allenai/OLMo-2-0325-32B-Instruct,b96024342a77a69aa0dda815c3454a671f477463,v2,75,Sanctity,sampled,3,2.0,,nan,1,False,False,anchored,,,,,,,3,cb7b27e58e31e9e6,"2: Somewhat wrong
"
allenai/OLMo-2-0325-32B-Instruct,b96024342a77a69aa0dda815c3454a671f477463,v2,76,Sanctity,sampled,3,4.0,,nan,1,False,False,anchored,,,,,,,3,1e6900340d71af11,4: Extremely wrong
allenai/OLMo-2-0325-32B-Instruct,b96024342a77a69aa0dda815c3454a671f477463,v2,77,Sanctity,sampled,3,3.0,,nan,1,False,False,anchored,,,,,,,3,efe14cdff76d897d,3: Very wrong
allenai/OLMo-2-0325-32B-Instruct,b96024342a77a69aa0dda815c3454a671f477463,v2,78,Sanctity,sampled,3,3.0,,nan,1,False,False,anchored,,,,,,,3,346d5fbeb5fb1586,3: Very wrong
allenai/OLMo-2-0325-32B-Instruct,b96024342a77a69aa0dda815c3454a671f477463,v2,79,Sanctity,sampled,3,2.0,,nan,1,False,False,anchored,,,,,,,3,b088783a312aea48,2: Somewhat wrong
allenai/OLMo-2-0325-32B-Instruct,b96024342a77a69aa0dda815c3454a671f477463,v2,80,Sanctity,sampled,3,3.0,,nan,1,False,False,anchored,,,,,,,3,3f128f3c827d8324,3: Very wrong
allenai/OLMo-2-0325-32B-Instruct,b96024342a77a69aa0dda815c3454a671f477463,v2,81,Sanctity,sampled,3,2.0,,nan,1,False,False,anchored,,,,,,,3,9f839ba4ab8c7d69,2: Somewhat wrong
allenai/OLMo-2-0325-32B-Instruct,b96024342a77a69aa0dda815c3454a671f477463,v2,82,Sanctity,sampled,3,3.0,,nan,1,False,False,anchored,,,,,,,3,e77e1f30d61b4d75,3: Very wrong
allenai/OLMo-2-0325-32B-Instruct,b96024342a77a69aa0dda815c3454a671f477463,v2,83,Sanctity,sampled,3,3.0,,nan,1,False,False,anchored,,,,,,,3,22ea4aae60f364a4,3: Very wrong
allenai/OLMo-2-0325-32B-Instruct,b96024342a77a69aa0dda815c3454a671f477463,v2,84,Liberty,sampled,3,1.0,,nan,1,False,False,anchored,,,,,,,3,d865dde1c9bf280b,1: Not too wrong
allenai/OLMo-2-0325-32B-Instruct,b96024342a77a69aa0dda815c3454a671f477463,v2,85,Liberty,sampled,3,3.0,,nan,1,False,False,anchored,,,,,,,3,76362cdaa17dd8d1,3: Very wrong
allenai/OLMo-2-0325-32B-Instruct,b96024342a77a69aa0dda815c3454a671f477463,v2,86,Liberty,sampled,3,4.0,,nan,1,False,False,anchored,,,,,,,3,2e16e93fb64a4aac,4: Extremely wrong
allenai/OLMo-2-0325-32B-Instruct,b96024342a77a69aa0dda815c3454a671f477463,v2,87,Liberty,sampled,3,3.0,,nan,1,False,False,anchored,,,,,,,3,56c69a432bf71c4f,3: Very wrong
allenai/OLMo-2-0325-32B-Instruct,b96024342a77a69aa0dda815c3454a671f477463,v2,88,Liberty,sampled,3,3.0,,nan,1,False,False,anchored,,,,,,,3,a78465769d12516d,3: Very wrong
allenai/OLMo-2-0325-32B-Instruct,b96024342a77a69aa0dda815c3454a671f477463,v2,89,Liberty,sampled,3,3.0,,nan,1,False,False,anchored,,,,,,,3,6074fe8daf2abf72,3: Very wrong
allenai/OLMo-2-0325-32B-Instruct,b96024342a77a69aa0dda815c3454a671f477463,v2,90,Liberty,sampled,3,3.0,,nan,1,False,False,anchored,,,,,,,3,87a23058f759caff,3: Very wrong
allenai/OLMo-2-0325-32B-Instruct,b96024342a77a69aa0dda815c3454a671f477463,v2,91,Liberty,sampled,3,4.0,,nan,1,False,False,anchored,,,,,,,3,6f1c3c5a3952852d,4: Extremely wrong
allenai/OLMo-2-0325-32B-Instruct,b96024342a77a69aa0dda815c3454a671f477463,v2,92,Liberty,sampled,3,3.0,,nan,1,False,False,anchored,,,,,,,3,0ee25cb9d8ac4307,3: Very wrong
allenai/OLMo-2-0325-32B-Instruct,b96024342a77a69aa0dda815c3454a671f477463,v2,93,Liberty,sampled,3,3.0,,nan,1,False,False,anchored,,,,,,,3,851f6979159d374e,3: Very wrong
allenai/OLMo-2-0325-32B-Instruct,b96024342a77a69aa0dda815c3454a671f477463,v2,94,Liberty,sampled,3,2.0,,nan,1,False,False,anchored,,,,,,,3,73c98ba465b680cd,2: Somewhat wrong
allenai/OLMo-2-0325-32B-Instruct,b96024342a77a69aa0dda815c3454a671f477463,v2,95,Liberty,sampled,3,3.0,,nan,1,False,False,anchored,,,,,,,3,974ed2df96207fb5,3: Very wrong
allenai/OLMo-2-0325-32B-Instruct,b96024342a77a69aa0dda815c3454a671f477463,v2,96,Liberty,sampled,3,2.0,,nan,1,False,False,anchored,,,,,,,3,8ddc14fc272efd0e,2: Somewhat wrong
allenai/OLMo-2-0325-32B-Instruct,b96024342a77a69aa0dda815c3454a671f477463,v2,97,Liberty,sampled,3,1.0,,nan,1,False,False,anchored,,,,,,,3,0cf209e76edd1937,1: Not too wrong
allenai/OLMo-2-0325-32B-Instruct,b96024342a77a69aa0dda815c3454a671f477463,v2,98,Liberty,sampled,3,4.0,,nan,1,False,False,anchored,,,,,,,3,05e6726ffbdc619d,4: Extremely wrong
allenai/OLMo-2-0325-32B-Instruct,b96024342a77a69aa0dda815c3454a671f477463,v2,99,Liberty,sampled,3,3.0,,nan,1,False,False,anchored,,,,,,,3,b048d298592a7caa,3: Very wrong
allenai/OLMo-2-0325-32B-Instruct,b96024342a77a69aa0dda815c3454a671f477463,v2,100,Liberty,sampled,3,3.0,,nan,1,False,False,anchored,,,,,,,3,d6ea4fef0f7eaab6,3: Very wrong
allenai/OLMo-2-0325-32B-Instruct,b96024342a77a69aa0dda815c3454a671f477463,v2,101,Social Norms,sampled,3,1.0,,nan,1,False,False,anchored,,,,,,,3,c0f2556d47cad904,1: Not too wrong
allenai/OLMo-2-0325-32B-Instruct,b96024342a77a69aa0dda815c3454a671f477463,v2,102,Social Norms,sampled,3,1.0,,nan,1,False,False,anchored,,,,,,,3,6e129a06829b4f9d,1: Not too wrong
allenai/OLMo-2-0325-32B-Instruct,b96024342a77a69aa0dda815c3454a671f477463,v2,103,Social Norms,sampled,3,2.0,,nan,1,False,False,anchored,,,,,,,3,8eaad61bb135b001,2: Somewhat wrong
allenai/OLMo-2-0325-32B-Instruct,b96024342a77a69aa0dda815c3454a671f477463,v2,104,Social Norms,sampled,3,1.0,,nan,1,False,False,anchored,,,,,,,3,b89312c7146a9ed6,1: Not too wrong
allenai/OLMo-2-0325-32B-Instruct,b96024342a77a69aa0dda815c3454a671f477463,v2,105,Social Norms,sampled,3,1.0,,nan,1,False,False,anchored,,,,,,,3,2927c078f4f30936,1: Not too wrong
allenai/OLMo-2-0325-32B-Instruct,b96024342a77a69aa0dda815c3454a671f477463,v2,106,Social Norms,sampled,3,2.0,,nan,1,False,False,anchored,,,,,,,3,d63d62b17720e85b,2: Somewhat wrong
allenai/OLMo-2-0325-32B-Instruct,b96024342a77a69aa0dda815c3454a671f477463,v2,107,Social Norms,sampled,3,1.0,,nan,1,False,False,anchored,,,,,,,3,6e4500973d74ee66,1: Not too wrong
allenai/OLMo-2-0325-32B-Instruct,b96024342a77a69aa0dda815c3454a671f477463,v2,108,Social Norms,sampled,3,1.0,,nan,1,False,False,anchored,,,,,,,3,e2ff54c3d856340a,1: Not too wrong
allenai/OLMo-2-0325-32B-Instruct,b96024342a77a69aa0dda815c3454a671f477463,v2,109,Social Norms,sampled,3,1.0,,nan,1,False,False,anchored,,,,,,,3,52f27b214be7e471,1: Not too wrong
allenai/OLMo-2-0325-32B-Instruct,b96024342a77a69aa0dda815c3454a671f477463,v2,110,Social Norms,sampled,3,1.0,,nan,1,False,False,anchored,,,,,,,3,ce679717135d3cee,1: Not too wrong
allenai/OLMo-2-0325-32B-Instruct,b96024342a77a69aa0dda815c3454a671f477463,v2,111,Social Norms,sampled,3,2.0,,nan,1,False,False,anchored,,,,,,,3,aeefc1c069a9d149,2: Somewhat wrong
allenai/OLMo-2-0325-32B-Instruct,b96024342a77a69aa0dda815c3454a671f477463,v2,112,Social Norms,sampled,3,1.0,,nan,1,False,False,anchored,,,,,,,3,4b8eda0c72bc342f,1: Not too wrong
allenai/OLMo-2-0325-32B-Instruct,b96024342a77a69aa0dda815c3454a671f477463,v2,113,Social Norms,sampled,3,1.0,,nan,1,False,False,anchored,,,,,,,3,fa13c45d51f2e335,1: Not too wrong
allenai/OLMo-2-0325-32B-Instruct,b96024342a77a69aa0dda815c3454a671f477463,v2,114,Social Norms,sampled,3,2.0,,nan,1,False,False,anchored,,,,,,,3,0561eb22ac810c75,2: Somewhat wrong
allenai/OLMo-2-0325-32B-Instruct,b96024342a77a69aa0dda815c3454a671f477463,v2,115,Social Norms,sampled,3,1.0,,nan,1,False,False,anchored,,,,,,,3,4476852fd278dc07,1: Not too wrong
allenai/OLMo-2-0325-32B-Instruct,b96024342a77a69aa0dda815c3454a671f477463,v2,116,Social Norms,sampled,3,1.0,,nan,1,False,False,anchored,,,,,,,3,e2183951e9981956,1: Not too wrong
allenai/OLMo-2-0325-32B-Instruct,b96024342a77a69aa0dda815c3454a671f477463,v2,1,Care,sampled,4,3.0,,nan,1,False,False,anchored,,,,,,,4,44642b1e52ff3e79,3: Very wrong
allenai/OLMo-2-0325-32B-Instruct,b96024342a77a69aa0dda815c3454a671f477463,v2,2,Care,sampled,4,2.0,,nan,1,False,False,anchored,,,,,,,4,1913a7d03af1ff88,2: Somewhat wrong
allenai/OLMo-2-0325-32B-Instruct,b96024342a77a69aa0dda815c3454a671f477463,v2,3,Care,sampled,4,3.0,,nan,1,False,False,anchored,,,,,,,4,a2d3b6daf453e8b6,3: Very wrong
allenai/OLMo-2-0325-32B-Instruct,b96024342a77a69aa0dda815c3454a671f477463,v2,4,Care,sampled,4,3.0,,nan,1,False,False,anchored,,,,,,,4,5e96c369f81eb79f,3: Very wrong
allenai/OLMo-2-0325-32B-Instruct,b96024342a77a69aa0dda815c3454a671f477463,v2,5,Care,sampled,4,3.0,,nan,1,False,False,anchored,,,,,,,4,40bade8087ef10f8,3: Very wrong
allenai/OLMo-2-0325-32B-Instruct,b96024342a77a69aa0dda815c3454a671f477463,v2,6,Care,sampled,4,3.0,,nan,1,False,False,anchored,,,,,,,4,8c67f566fd720c90,3: Very wrong
allenai/OLMo-2-0325-32B-Instruct,b96024342a77a69aa0dda815c3454a671f477463,v2,7,Care,sampled,4,3.0,,nan,1,False,False,anchored,,,,,,,4,1fe426dc82b973a8,3: Very wrong
allenai/OLMo-2-0325-32B-Instruct,b96024342a77a69aa0dda815c3454a671f477463,v2,8,Care,sampled,4,3.0,,nan,1,False,False,anchored,,,,,,,4,706f3972748399bc,3: Very wrong
allenai/OLMo-2-0325-32B-Instruct,b96024342a77a69aa0dda815c3454a671f477463,v2,9,Care,sampled,4,3.0,,nan,1,False,False,anchored,,,,,,,4,3890a213cc933cad,3: Very wrong
allenai/OLMo-2-0325-32B-Instruct,b96024342a77a69aa0dda815c3454a671f477463,v2,10,Care,sampled,4,3.0,,nan,1,False,False,anchored,,,,,,,4,0fd683ed20bb6ac5,3: Very wrong
allenai/OLMo-2-0325-32B-Instruct,b96024342a77a69aa0dda815c3454a671f477463,v2,11,Care,sampled,4,3.0,,nan,1,False,False,anchored,,,,,,,4,d4bb3aae295025d7,3: Very wrong
allenai/OLMo-2-0325-32B-Instruct,b96024342a77a69aa0dda815c3454a671f477463,v2,12,Care,sampled,4,3.0,,nan,1,False,False,anchored,,,,,,,4,81561e7177a4e54a,3: Very wrong
allenai/OLMo-2-0325-32B-Instruct,b96024342a77a69aa0dda815c3454a671f477463,v2,13,Care,sampled,4,3.0,,nan,1,False,False,anchored,,,,,,,4,8eb3a30665be02a2,3: Very wrong
allenai/OLMo-2-0325-32B-Instruct,b96024342a77a69aa0dda815c3454a671f477463,v2,14,Care,sampled,4,3.0,,nan,1,False,False,anchored,,,,,,,4,b4aec18bf6f5051e,3: Very wrong
allenai/OLMo-2-0325-32B-Instruct,b96024342a77a69aa0dda815c3454a671f477463,v2,15,Care,sampled,4,3.0,,nan,1,False,False,anchored,,,,,,,4,5c1b5e3e595ef0ee,3: Very wrong
allenai/OLMo-2-0325-32B-Instruct,b96024342a77a69aa0dda815c3454a671f477463,v2,16,Care,sampled,4,3.0,,nan,1,False,False,anchored,,,,,,,4,95504516f123c9d8,3: Very wrong
allenai/OLMo-2-0325-32B-Instruct,b96024342a77a69aa0dda815c3454a671f477463,v2,17,Fairness,sampled,4,3.0,,nan,1,False,False,anchored,,,,,,,4,b19fbec958482d1f,3: Very wrong
allenai/OLMo-2-0325-32B-Instruct,b96024342a77a69aa0dda815c3454a671f477463,v2,18,Fairness,sampled,4,3.0,,nan,1,False,False,anchored,,,,,,,4,99666992e14d40fa,3: Very wrong
allenai/OLMo-2-0325-32B-Instruct,b96024342a77a69aa0dda815c3454a671f477463,v2,19,Fairness,sampled,4,3.0,,nan,1,False,False,anchored,,,,,,,4,9cc6a157d328ced8,3: Very wrong
allenai/OLMo-2-0325-32B-Instruct,b96024342a77a69aa0dda815c3454a671f477463,v2,20,Fairness,sampled,4,3.0,,nan,1,False,False,anchored,,,,,,,4,96cb505613052a5c,3: Very wrong
allenai/OLMo-2-0325-32B-Instruct,b96024342a77a69aa0dda815c3454a671f477463,v2,21,Fairness,sampled,4,3.0,,nan,1,False,False,anchored,,,,,,,4,621e63aba89a1914,3: Very wrong
allenai/OLMo-2-0325-32B-Instruct,b96024342a77a69aa0dda815c3454a671f477463,v2,22,Fairness,sampled,4,3.0,,nan,1,False,False,anchored,,,,,,,4,0e1f8c298420863d,3: Very wrong
allenai/OLMo-2-0325-32B-Instruct,b96024342a77a69aa0dda815c3454a671f477463,v2,23,Fairness,sampled,4,4.0,,nan,1,False,False,anchored,,,,,,,4,c1b1c6838ee9d401,4: Extremely wrong
allenai/OLMo-2-0325-32B-Instruct,b96024342a77a69aa0dda815c3454a671f477463,v2,24,Fairness,sampled,4,3.0,,nan,1,False,False,anchored,,,,,,,4,74ef17329d02a486,3: Very wrong
allenai/OLMo-2-0325-32B-Instruct,b96024342a77a69aa0dda815c3454a671f477463,v2,25,Fairness,sampled,4,3.0,,nan,1,False,False,anchored,,,,,,,4,c13161b55a415ec2,3: Very wrong
allenai/OLMo-2-0325-32B-Instruct,b96024342a77a69aa0dda815c3454a671f477463,v2,26,Fairness,sampled,4,3.0,,nan,1,False,False,anchored,,,,,,,4,8a15988e0b58ddc5,3: Very wrong
allenai/OLMo-2-0325-32B-Instruct,b96024342a77a69aa0dda815c3454a671f477463,v2,27,Fairness,sampled,4,3.0,,nan,1,False,False,anchored,,,,,,,4,a86239a9bdd56844,3: Very wrong
allenai/OLMo-2-0325-32B-Instruct,b96024342a77a69aa0dda815c3454a671f477463,v2,28,Fairness,sampled,4,3.0,,nan,1,False,False,anchored,,,,,,,4,be944925959f6221,3: Very wrong
allenai/OLMo-2-0325-32B-Instruct,b96024342a77a69aa0dda815c3454a671f477463,v2,29,Fairness,sampled,4,3.0,,nan,1,False,False,anchored,,,,,,,4,2fadc17b158a203f,3: Very wrong
allenai/OLMo-2-0325-32B-Instruct,b96024342a77a69aa0dda815c3454a671f477463,v2,30,Fairness,sampled,4,3.0,,nan,1,False,False,anchored,,,,,,,4,08fd3c392e299c69,3: Very wrong
allenai/OLMo-2-0325-32B-Instruct,b96024342a77a69aa0dda815c3454a671f477463,v2,31,Fairness,sampled,4,3.0,,nan,1,False,False,anchored,,,,,,,4,47696ad153dde837,3: Very wrong
allenai/OLMo-2-0325-32B-Instruct,b96024342a77a69aa0dda815c3454a671f477463,v2,32,Fairness,sampled,4,3.0,,nan,1,False,False,anchored,,,,,,,4,fcd7c1e96dca4c53,3: Very wrong
allenai/OLMo-2-0325-32B-Instruct,b96024342a77a69aa0dda815c3454a671f477463,v2,33,Fairness,sampled,4,3.0,,nan,1,False,False,anchored,,,,,,,4,7e055d5775975ca3,3: Very wrong
allenai/OLMo-2-0325-32B-Instruct,b96024342a77a69aa0dda815c3454a671f477463,v2,34,Loyalty,sampled,4,2.0,,nan,1,False,False,anchored,,,,,,,4,1cb54beea7c9d7eb,2: Somewhat wrong
allenai/OLMo-2-0325-32B-Instruct,b96024342a77a69aa0dda815c3454a671f477463,v2,35,Loyalty,sampled,4,3.0,,nan,1,False,False,anchored,,,,,,,4,c37c206b1f9c3b17,3: Very wrong
allenai/OLMo-2-0325-32B-Instruct,b96024342a77a69aa0dda815c3454a671f477463,v2,36,Loyalty,sampled,4,2.0,,nan,1,False,False,anchored,,,,,,,4,2d1c36217704eea4,2: Somewhat wrong
allenai/OLMo-2-0325-32B-Instruct,b96024342a77a69aa0dda815c3454a671f477463,v2,37,Loyalty,sampled,4,1.0,,nan,1,False,False,anchored,,,,,,,4,55491761a9a6f659,1: Not too wrong
allenai/OLMo-2-0325-32B-Instruct,b96024342a77a69aa0dda815c3454a671f477463,v2,38,Loyalty,sampled,4,1.0,,nan,1,False,False,anchored,,,,,,,4,301fc5a4f13664de,1: Not too wrong
allenai/OLMo-2-0325-32B-Instruct,b96024342a77a69aa0dda815c3454a671f477463,v2,39,Loyalty,sampled,4,2.0,,nan,1,False,False,anchored,,,,,,,4,aea91e855a6d2f94,2: Somewhat wrong
allenai/OLMo-2-0325-32B-Instruct,b96024342a77a69aa0dda815c3454a671f477463,v2,40,Loyalty,sampled,4,1.0,,nan,1,False,False,anchored,,,,,,,4,c0bb4fb0a3d2bdff,1: Not too wrong
allenai/OLMo-2-0325-32B-Instruct,b96024342a77a69aa0dda815c3454a671f477463,v2,41,Loyalty,sampled,4,1.0,,nan,1,False,False,anchored,,,,,,,4,e18f363c6dc19447,1: Not too wrong
allenai/OLMo-2-0325-32B-Instruct,b96024342a77a69aa0dda815c3454a671f477463,v2,42,Loyalty,sampled,4,3.0,,nan,1,False,False,anchored,,,,,,,4,535c940f6729bc0a,3: Very wrong
allenai/OLMo-2-0325-32B-Instruct,b96024342a77a69aa0dda815c3454a671f477463,v2,43,Loyalty,sampled,4,3.0,,nan,1,False,False,anchored,,,,,,,4,8465e50533f5353e,3: Very wrong
allenai/OLMo-2-0325-32B-Instruct,b96024342a77a69aa0dda815c3454a671f477463,v2,44,Loyalty,sampled,4,3.0,,nan,1,False,False,anchored,,,,,,,4,0da20221b66b19ff,3: Very wrong
allenai/OLMo-2-0325-32B-Instruct,b96024342a77a69aa0dda815c3454a671f477463,v2,45,Loyalty,sampled,4,2.0,,nan,1,False,False,anchored,,,,,,,4,0c515d1a102e20cb,2: Somewhat wrong
allenai/OLMo-2-0325-32B-Instruct,b96024342a77a69aa0dda815c3454a671f477463,v2,46,Loyalty,sampled,4,3.0,,nan,1,False,False,anchored,,,,,,,4,96bf5653ce516d7f,3: Very wrong
allenai/OLMo-2-0325-32B-Instruct,b96024342a77a69aa0dda815c3454a671f477463,v2,47,Loyalty,sampled,4,3.0,,nan,1,False,False,anchored,,,,,,,4,1ee28b16639683de,3: Very wrong
allenai/OLMo-2-0325-32B-Instruct,b96024342a77a69aa0dda815c3454a671f477463,v2,48,Loyalty,sampled,4,2.0,,nan,1,False,False,anchored,,,,,,,4,605837de353da898,2: Somewhat wrong
allenai/OLMo-2-0325-32B-Instruct,b96024342a77a69aa0dda815c3454a671f477463,v2,49,Loyalty,sampled,4,1.0,,nan,1,False,False,anchored,,,,,,,4,9466a84901f260ba,1: Not too wrong
allenai/OLMo-2-0325-32B-Instruct,b96024342a77a69aa0dda815c3454a671f477463,v2,50,Authority,sampled,4,3.0,,nan,1,False,False,anchored,,,,,,,4,8931d2dfd54d71b5,3: Very wrong
allenai/OLMo-2-0325-32B-Instruct,b96024342a77a69aa0dda815c3454a671f477463,v2,51,Authority,sampled,4,1.0,,nan,1,False,False,anchored,,,,,,,4,ddf10c352b196231,1: Not too wrong
allenai/OLMo-2-0325-32B-Instruct,b96024342a77a69aa0dda815c3454a671f477463,v2,52,Authority,sampled,4,2.0,,nan,1,False,False,anchored,,,,,,,4,08ff18a2e3cf2f57,2: Somewhat wrong
allenai/OLMo-2-0325-32B-Instruct,b96024342a77a69aa0dda815c3454a671f477463,v2,53,Authority,sampled,4,1.0,,nan,1,False,False,anchored,,,,,,,4,ca23b5ae5c0bf8e3,1: Not too wrong
allenai/OLMo-2-0325-32B-Instruct,b96024342a77a69aa0dda815c3454a671f477463,v2,54,Authority,sampled,4,3.0,,nan,1,False,False,anchored,,,,,,,4,dfca96a580d5ab0b,3: Very wrong
allenai/OLMo-2-0325-32B-Instruct,b96024342a77a69aa0dda815c3454a671f477463,v2,55,Authority,sampled,4,3.0,,nan,1,False,False,anchored,,,,,,,4,a9d96d4efd0277b2,3: Very wrong
allenai/OLMo-2-0325-32B-Instruct,b96024342a77a69aa0dda815c3454a671f477463,v2,56,Authority,sampled,4,3.0,,nan,1,False,False,anchored,,,,,,,4,affb8f91b7544f31,3: Very wrong
allenai/OLMo-2-0325-32B-Instruct,b96024342a77a69aa0dda815c3454a671f477463,v2,57,Authority,sampled,4,3.0,,nan,1,False,False,anchored,,,,,,,4,305e06e6816e6e11,3: Very wrong
allenai/OLMo-2-0325-32B-Instruct,b96024342a77a69aa0dda815c3454a671f477463,v2,58,Authority,sampled,4,3.0,,nan,1,False,False,anchored,,,,,,,4,410cf0deb35bb23e,3: Very wrong
allenai/OLMo-2-0325-32B-Instruct,b96024342a77a69aa0dda815c3454a671f477463,v2,59,Authority,sampled,4,3.0,,nan,1,False,False,anchored,,,,,,,4,2e3352ca2ae9408f,3: Very wrong
allenai/OLMo-2-0325-32B-Instruct,b96024342a77a69aa0dda815c3454a671f477463,v2,60,Authority,sampled,4,3.0,,nan,1,False,False,anchored,,,,,,,4,7454dfbaeb240a26,3: Very wrong
allenai/OLMo-2-0325-32B-Instruct,b96024342a77a69aa0dda815c3454a671f477463,v2,61,Authority,sampled,4,3.0,,nan,1,False,False,anchored,,,,,,,4,9d7c0d2df4035e1f,3: Very wrong
allenai/OLMo-2-0325-32B-Instruct,b96024342a77a69aa0dda815c3454a671f477463,v2,62,Authority,sampled,4,3.0,,nan,1,False,False,anchored,,,,,,,4,08a80f0d30942bef,3: Very wrong
allenai/OLMo-2-0325-32B-Instruct,b96024342a77a69aa0dda815c3454a671f477463,v2,63,Authority,sampled,4,3.0,,nan,1,False,False,anchored,,,,,,,4,109d8e18fd7113cf,3: Very wrong
allenai/OLMo-2-0325-32B-Instruct,b96024342a77a69aa0dda815c3454a671f477463,v2,64,Authority,sampled,4,3.0,,nan,1,False,False,anchored,,,,,,,4,ff57f68bbd68e8b9,3: Very wrong
allenai/OLMo-2-0325-32B-Instruct,b96024342a77a69aa0dda815c3454a671f477463,v2,65,Authority,sampled,4,3.0,,nan,1,False,False,anchored,,,,,,,4,e7d7944dfba502b6,3: Very wrong
allenai/OLMo-2-0325-32B-Instruct,b96024342a77a69aa0dda815c3454a671f477463,v2,66,Authority,sampled,4,2.0,,nan,1,False,False,anchored,,,,,,,4,5a24585d4009afe4,2: Somewhat wrong
allenai/OLMo-2-0325-32B-Instruct,b96024342a77a69aa0dda815c3454a671f477463,v2,67,Sanctity,sampled,4,3.0,,nan,1,False,False,anchored,,,,,,,4,dfcca8f8f521f60f,3: Very wrong
allenai/OLMo-2-0325-32B-Instruct,b96024342a77a69aa0dda815c3454a671f477463,v2,68,Sanctity,sampled,4,3.0,,nan,1,False,False,anchored,,,,,,,4,98b30c254db71570,3: Very wrong
allenai/OLMo-2-0325-32B-Instruct,b96024342a77a69aa0dda815c3454a671f477463,v2,69,Sanctity,sampled,4,3.0,,nan,1,False,False,anchored,,,,,,,4,6b74c673fa86da1b,3: Very wrong
allenai/OLMo-2-0325-32B-Instruct,b96024342a77a69aa0dda815c3454a671f477463,v2,70,Sanctity,sampled,4,3.0,,nan,1,False,False,anchored,,,,,,,4,f058f4717dce20b1,3: Very wrong
allenai/OLMo-2-0325-32B-Instruct,b96024342a77a69aa0dda815c3454a671f477463,v2,71,Sanctity,sampled,4,3.0,,nan,1,False,False,anchored,,,,,,,4,411cfffc6f3acf3c,3: Very wrong
allenai/OLMo-2-0325-32B-Instruct,b96024342a77a69aa0dda815c3454a671f477463,v2,72,Sanctity,sampled,4,4.0,,nan,1,False,False,anchored,,,,,,,4,6092ad959e4541d7,4: Extremely wrong
allenai/OLMo-2-0325-32B-Instruct,b96024342a77a69aa0dda815c3454a671f477463,v2,73,Sanctity,sampled,4,3.0,,nan,1,False,False,anchored,,,,,,,4,5bd998c887f9ab76,3: Very wrong
allenai/OLMo-2-0325-32B-Instruct,b96024342a77a69aa0dda815c3454a671f477463,v2,74,Sanctity,sampled,4,3.0,,nan,1,False,False,anchored,,,,,,,4,16c079ef57b3bfe0,3: Very wrong
allenai/OLMo-2-0325-32B-Instruct,b96024342a77a69aa0dda815c3454a671f477463,v2,75,Sanctity,sampled,4,0.0,,nan,1,True,False,scan,,,,,,,4,cb7b27e58e31e9e6,"I am not able to select an option, as that would imply a personal belief or preference. However, I can guide you that the answer should be based on personal ethics and societal norms, which can greatly vary from person to person. As an AI, I don't hold moral opinions, hence providing an answer would be contradictory to my purpose. The recommended action, if one must answer, should consider the context:

0: Not at all wrong

This response would"
allenai/OLMo-2-0325-32B-Instruct,b96024342a77a69aa0dda815c3454a671f477463,v2,76,Sanctity,sampled,4,3.0,,nan,1,False,False,anchored,,,,,,,4,1e6900340d71af11,3: Very wrong
allenai/OLMo-2-0325-32B-Instruct,b96024342a77a69aa0dda815c3454a671f477463,v2,77,Sanctity,sampled,4,2.0,,nan,1,False,False,anchored,,,,,,,4,efe14cdff76d897d,2: Somewhat wrong
allenai/OLMo-2-0325-32B-Instruct,b96024342a77a69aa0dda815c3454a671f477463,v2,78,Sanctity,sampled,4,2.0,,nan,1,False,False,anchored,,,,,,,4,346d5fbeb5fb1586,2: Somewhat wrong
allenai/OLMo-2-0325-32B-Instruct,b96024342a77a69aa0dda815c3454a671f477463,v2,79,Sanctity,sampled,4,3.0,,nan,1,False,False,anchored,,,,,,,4,b088783a312aea48,3: Very wrong
allenai/OLMo-2-0325-32B-Instruct,b96024342a77a69aa0dda815c3454a671f477463,v2,80,Sanctity,sampled,4,3.0,,nan,1,False,False,anchored,,,,,,,4,3f128f3c827d8324,3: Very wrong
allenai/OLMo-2-0325-32B-Instruct,b96024342a77a69aa0dda815c3454a671f477463,v2,81,Sanctity,sampled,4,1.0,,nan,1,False,False,anchored,,,,,,,4,9f839ba4ab8c7d69,1: Not too wrong
allenai/OLMo-2-0325-32B-Instruct,b96024342a77a69aa0dda815c3454a671f477463,v2,82,Sanctity,sampled,4,3.0,,nan,1,False,False,anchored,,,,,,,4,e77e1f30d61b4d75,3: Very wrong
allenai/OLMo-2-0325-32B-Instruct,b96024342a77a69aa0dda815c3454a671f477463,v2,83,Sanctity,sampled,4,3.0,,nan,1,False,False,anchored,,,,,,,4,22ea4aae60f364a4,3: Very wrong
allenai/OLMo-2-0325-32B-Instruct,b96024342a77a69aa0dda815c3454a671f477463,v2,84,Liberty,sampled,4,3.0,,nan,1,False,False,anchored,,,,,,,4,d865dde1c9bf280b,3: Very wrong
allenai/OLMo-2-0325-32B-Instruct,b96024342a77a69aa0dda815c3454a671f477463,v2,85,Liberty,sampled,4,2.0,,nan,1,False,False,anchored,,,,,,,4,76362cdaa17dd8d1,2: Somewhat wrong
allenai/OLMo-2-0325-32B-Instruct,b96024342a77a69aa0dda815c3454a671f477463,v2,86,Liberty,sampled,4,4.0,,nan,1,False,False,anchored,,,,,,,4,2e16e93fb64a4aac,4: Extremely wrong
allenai/OLMo-2-0325-32B-Instruct,b96024342a77a69aa0dda815c3454a671f477463,v2,87,Liberty,sampled,4,3.0,,nan,1,False,False,anchored,,,,,,,4,56c69a432bf71c4f,3: Very wrong
allenai/OLMo-2-0325-32B-Instruct,b96024342a77a69aa0dda815c3454a671f477463,v2,88,Liberty,sampled,4,3.0,,nan,1,False,False,anchored,,,,,,,4,a78465769d12516d,3: Very wrong
allenai/OLMo-2-0325-32B-Instruct,b96024342a77a69aa0dda815c3454a671f477463,v2,89,Liberty,sampled,4,3.0,,nan,1,False,False,anchored,,,,,,,4,6074fe8daf2abf72,3: Very wrong
allenai/OLMo-2-0325-32B-Instruct,b96024342a77a69aa0dda815c3454a671f477463,v2,90,Liberty,sampled,4,3.0,,nan,1,False,False,anchored,,,,,,,4,87a23058f759caff,3: Very wrong
allenai/OLMo-2-0325-32B-Instruct,b96024342a77a69aa0dda815c3454a671f477463,v2,91,Liberty,sampled,4,3.0,,nan,1,False,False,anchored,,,,,,,4,6f1c3c5a3952852d,3: Very wrong
allenai/OLMo-2-0325-32B-Instruct,b96024342a77a69aa0dda815c3454a671f477463,v2,92,Liberty,sampled,4,3.0,,nan,1,False,False,anchored,,,,,,,4,0ee25cb9d8ac4307,3: Very wrong
allenai/OLMo-2-0325-32B-Instruct,b96024342a77a69aa0dda815c3454a671f477463,v2,93,Liberty,sampled,4,2.0,,nan,1,False,False,anchored,,,,,,,4,851f6979159d374e,2: Somewhat wrong
allenai/OLMo-2-0325-32B-Instruct,b96024342a77a69aa0dda815c3454a671f477463,v2,94,Liberty,sampled,4,1.0,,nan,1,False,False,anchored,,,,,,,4,73c98ba465b680cd,1: Not too wrong
allenai/OLMo-2-0325-32B-Instruct,b96024342a77a69aa0dda815c3454a671f477463,v2,95,Liberty,sampled,4,3.0,,nan,1,False,False,anchored,,,,,,,4,974ed2df96207fb5,3: Very wrong
allenai/OLMo-2-0325-32B-Instruct,b96024342a77a69aa0dda815c3454a671f477463,v2,96,Liberty,sampled,4,1.0,,nan,1,False,False,anchored,,,,,,,4,8ddc14fc272efd0e,1: Not too wrong
allenai/OLMo-2-0325-32B-Instruct,b96024342a77a69aa0dda815c3454a671f477463,v2,97,Liberty,sampled,4,3.0,,nan,1,False,False,anchored,,,,,,,4,0cf209e76edd1937,3: Very wrong
allenai/OLMo-2-0325-32B-Instruct,b96024342a77a69aa0dda815c3454a671f477463,v2,98,Liberty,sampled,4,3.0,,nan,1,False,False,anchored,,,,,,,4,05e6726ffbdc619d,3: Very wrong
allenai/OLMo-2-0325-32B-Instruct,b96024342a77a69aa0dda815c3454a671f477463,v2,99,Liberty,sampled,4,3.0,,nan,1,False,False,anchored,,,,,,,4,b048d298592a7caa,3: Very wrong
allenai/OLMo-2-0325-32B-Instruct,b96024342a77a69aa0dda815c3454a671f477463,v2,100,Liberty,sampled,4,2.0,,nan,1,False,False,anchored,,,,,,,4,d6ea4fef0f7eaab6,2: Somewhat wrong
allenai/OLMo-2-0325-32B-Instruct,b96024342a77a69aa0dda815c3454a671f477463,v2,101,Social Norms,sampled,4,1.0,,nan,1,False,False,anchored,,,,,,,4,c0f2556d47cad904,1: Not too wrong
allenai/OLMo-2-0325-32B-Instruct,b96024342a77a69aa0dda815c3454a671f477463,v2,102,Social Norms,sampled,4,1.0,,nan,1,False,False,anchored,,,,,,,4,6e129a06829b4f9d,1: Not too wrong
allenai/OLMo-2-0325-32B-Instruct,b96024342a77a69aa0dda815c3454a671f477463,v2,103,Social Norms,sampled,4,1.0,,nan,1,False,False,anchored,,,,,,,4,8eaad61bb135b001,1: Not too wrong
allenai/OLMo-2-0325-32B-Instruct,b96024342a77a69aa0dda815c3454a671f477463,v2,104,Social Norms,sampled,4,2.0,,nan,1,False,False,anchored,,,,,,,4,b89312c7146a9ed6,2: Somewhat wrong
allenai/OLMo-2-0325-32B-Instruct,b96024342a77a69aa0dda815c3454a671f477463,v2,105,Social Norms,sampled,4,2.0,,nan,1,False,False,anchored,,,,,,,4,2927c078f4f30936,2: Somewhat wrong
allenai/OLMo-2-0325-32B-Instruct,b96024342a77a69aa0dda815c3454a671f477463,v2,106,Social Norms,sampled,4,1.0,,nan,1,False,False,anchored,,,,,,,4,d63d62b17720e85b,1: Not too wrong
allenai/OLMo-2-0325-32B-Instruct,b96024342a77a69aa0dda815c3454a671f477463,v2,107,Social Norms,sampled,4,1.0,,nan,1,False,False,anchored,,,,,,,4,6e4500973d74ee66,1: Not too wrong
allenai/OLMo-2-0325-32B-Instruct,b96024342a77a69aa0dda815c3454a671f477463,v2,108,Social Norms,sampled,4,0.0,,nan,1,False,False,anchored,,,,,,,4,e2ff54c3d856340a,0: Not at all wrong
allenai/OLMo-2-0325-32B-Instruct,b96024342a77a69aa0dda815c3454a671f477463,v2,109,Social Norms,sampled,4,1.0,,nan,1,False,False,anchored,,,,,,,4,52f27b214be7e471,1: Not too wrong
allenai/OLMo-2-0325-32B-Instruct,b96024342a77a69aa0dda815c3454a671f477463,v2,110,Social Norms,sampled,4,1.0,,nan,1,False,False,anchored,,,,,,,4,ce679717135d3cee,1: Not too wrong
allenai/OLMo-2-0325-32B-Instruct,b96024342a77a69aa0dda815c3454a671f477463,v2,111,Social Norms,sampled,4,1.0,,nan,1,False,False,anchored,,,,,,,4,aeefc1c069a9d149,1: Not too wrong
allenai/OLMo-2-0325-32B-Instruct,b96024342a77a69aa0dda815c3454a671f477463,v2,112,Social Norms,sampled,4,2.0,,nan,1,False,False,anchored,,,,,,,4,4b8eda0c72bc342f,2: Somewhat wrong
allenai/OLMo-2-0325-32B-Instruct,b96024342a77a69aa0dda815c3454a671f477463,v2,113,Social Norms,sampled,4,1.0,,nan,1,False,False,anchored,,,,,,,4,fa13c45d51f2e335,1: Not too wrong
allenai/OLMo-2-0325-32B-Instruct,b96024342a77a69aa0dda815c3454a671f477463,v2,114,Social Norms,sampled,4,1.0,,nan,1,False,False,anchored,,,,,,,4,0561eb22ac810c75,1: Not too wrong
allenai/OLMo-2-0325-32B-Instruct,b96024342a77a69aa0dda815c3454a671f477463,v2,115,Social Norms,sampled,4,2.0,,nan,1,False,False,anchored,,,,,,,4,4476852fd278dc07,2: Somewhat wrong
allenai/OLMo-2-0325-32B-Instruct,b96024342a77a69aa0dda815c3454a671f477463,v2,116,Social Norms,sampled,4,0.0,,nan,1,False,False,anchored,,,,,,,4,e2183951e9981956,0: Not at all wrong
allenai/OLMo-2-0325-32B-Instruct,b96024342a77a69aa0dda815c3454a671f477463,v2,1,Care,sampled,5,3.0,,nan,1,False,False,anchored,,,,,,,5,44642b1e52ff3e79,3: Very wrong
allenai/OLMo-2-0325-32B-Instruct,b96024342a77a69aa0dda815c3454a671f477463,v2,2,Care,sampled,5,3.0,,nan,1,False,False,anchored,,,,,,,5,1913a7d03af1ff88,3: Very wrong
allenai/OLMo-2-0325-32B-Instruct,b96024342a77a69aa0dda815c3454a671f477463,v2,3,Care,sampled,5,3.0,,nan,1,False,False,anchored,,,,,,,5,a2d3b6daf453e8b6,3: Very wrong
allenai/OLMo-2-0325-32B-Instruct,b96024342a77a69aa0dda815c3454a671f477463,v2,4,Care,sampled,5,3.0,,nan,1,False,False,anchored,,,,,,,5,5e96c369f81eb79f,3: Very wrong
allenai/OLMo-2-0325-32B-Instruct,b96024342a77a69aa0dda815c3454a671f477463,v2,5,Care,sampled,5,2.0,,nan,1,False,False,anchored,,,,,,,5,40bade8087ef10f8,2: Somewhat wrong
allenai/OLMo-2-0325-32B-Instruct,b96024342a77a69aa0dda815c3454a671f477463,v2,6,Care,sampled,5,2.0,,nan,1,False,False,anchored,,,,,,,5,8c67f566fd720c90,2: Somewhat wrong
allenai/OLMo-2-0325-32B-Instruct,b96024342a77a69aa0dda815c3454a671f477463,v2,7,Care,sampled,5,3.0,,nan,1,False,False,anchored,,,,,,,5,1fe426dc82b973a8,3: Very wrong
allenai/OLMo-2-0325-32B-Instruct,b96024342a77a69aa0dda815c3454a671f477463,v2,8,Care,sampled,5,3.0,,nan,1,False,False,anchored,,,,,,,5,706f3972748399bc,3: Very wrong
allenai/OLMo-2-0325-32B-Instruct,b96024342a77a69aa0dda815c3454a671f477463,v2,9,Care,sampled,5,3.0,,nan,1,False,False,anchored,,,,,,,5,3890a213cc933cad,3: Very wrong
allenai/OLMo-2-0325-32B-Instruct,b96024342a77a69aa0dda815c3454a671f477463,v2,10,Care,sampled,5,3.0,,nan,1,False,False,anchored,,,,,,,5,0fd683ed20bb6ac5,3: Very wrong
allenai/OLMo-2-0325-32B-Instruct,b96024342a77a69aa0dda815c3454a671f477463,v2,11,Care,sampled,5,3.0,,nan,1,False,False,anchored,,,,,,,5,d4bb3aae295025d7,3: Very wrong
allenai/OLMo-2-0325-32B-Instruct,b96024342a77a69aa0dda815c3454a671f477463,v2,12,Care,sampled,5,3.0,,nan,1,False,False,anchored,,,,,,,5,81561e7177a4e54a,3: Very wrong
allenai/OLMo-2-0325-32B-Instruct,b96024342a77a69aa0dda815c3454a671f477463,v2,13,Care,sampled,5,3.0,,nan,1,False,False,anchored,,,,,,,5,8eb3a30665be02a2,3: Very wrong
allenai/OLMo-2-0325-32B-Instruct,b96024342a77a69aa0dda815c3454a671f477463,v2,14,Care,sampled,5,3.0,,nan,1,False,False,anchored,,,,,,,5,b4aec18bf6f5051e,3: Very wrong
allenai/OLMo-2-0325-32B-Instruct,b96024342a77a69aa0dda815c3454a671f477463,v2,15,Care,sampled,5,3.0,,nan,1,False,False,anchored,,,,,,,5,5c1b5e3e595ef0ee,3: Very wrong
allenai/OLMo-2-0325-32B-Instruct,b96024342a77a69aa0dda815c3454a671f477463,v2,16,Care,sampled,5,3.0,,nan,1,False,False,anchored,,,,,,,5,95504516f123c9d8,3: Very wrong
allenai/OLMo-2-0325-32B-Instruct,b96024342a77a69aa0dda815c3454a671f477463,v2,17,Fairness,sampled,5,3.0,,nan,1,False,False,anchored,,,,,,,5,b19fbec958482d1f,3: Very wrong
allenai/OLMo-2-0325-32B-Instruct,b96024342a77a69aa0dda815c3454a671f477463,v2,18,Fairness,sampled,5,3.0,,nan,1,False,False,anchored,,,,,,,5,99666992e14d40fa,3: Very wrong
allenai/OLMo-2-0325-32B-Instruct,b96024342a77a69aa0dda815c3454a671f477463,v2,19,Fairness,sampled,5,2.0,,nan,1,False,False,anchored,,,,,,,5,9cc6a157d328ced8,2: Somewhat wrong
allenai/OLMo-2-0325-32B-Instruct,b96024342a77a69aa0dda815c3454a671f477463,v2,20,Fairness,sampled,5,3.0,,nan,1,False,False,anchored,,,,,,,5,96cb505613052a5c,3: Very wrong
allenai/OLMo-2-0325-32B-Instruct,b96024342a77a69aa0dda815c3454a671f477463,v2,21,Fairness,sampled,5,3.0,,nan,1,False,False,anchored,,,,,,,5,621e63aba89a1914,3: Very wrong
allenai/OLMo-2-0325-32B-Instruct,b96024342a77a69aa0dda815c3454a671f477463,v2,22,Fairness,sampled,5,4.0,,nan,1,False,False,anchored,,,,,,,5,0e1f8c298420863d,4: Extremely wrong
allenai/OLMo-2-0325-32B-Instruct,b96024342a77a69aa0dda815c3454a671f477463,v2,23,Fairness,sampled,5,3.0,,nan,1,False,False,anchored,,,,,,,5,c1b1c6838ee9d401,3: Very wrong
allenai/OLMo-2-0325-32B-Instruct,b96024342a77a69aa0dda815c3454a671f477463,v2,24,Fairness,sampled,5,3.0,,nan,1,False,False,anchored,,,,,,,5,74ef17329d02a486,3: Very wrong
allenai/OLMo-2-0325-32B-Instruct,b96024342a77a69aa0dda815c3454a671f477463,v2,25,Fairness,sampled,5,3.0,,nan,1,False,False,anchored,,,,,,,5,c13161b55a415ec2,3: Very wrong
allenai/OLMo-2-0325-32B-Instruct,b96024342a77a69aa0dda815c3454a671f477463,v2,26,Fairness,sampled,5,3.0,,nan,1,False,False,anchored,,,,,,,5,8a15988e0b58ddc5,3: Very wrong
allenai/OLMo-2-0325-32B-Instruct,b96024342a77a69aa0dda815c3454a671f477463,v2,27,Fairness,sampled,5,3.0,,nan,1,False,False,anchored,,,,,,,5,a86239a9bdd56844,3: Very wrong
allenai/OLMo-2-0325-32B-Instruct,b96024342a77a69aa0dda815c3454a671f477463,v2,28,Fairness,sampled,5,3.0,,nan,1,False,False,anchored,,,,,,,5,be944925959f6221,3: Very wrong
allenai/OLMo-2-0325-32B-Instruct,b96024342a77a69aa0dda815c3454a671f477463,v2,29,Fairness,sampled,5,2.0,,nan,1,False,False,anchored,,,,,,,5,2fadc17b158a203f,2: Somewhat wrong
allenai/OLMo-2-0325-32B-Instruct,b96024342a77a69aa0dda815c3454a671f477463,v2,30,Fairness,sampled,5,3.0,,nan,1,False,False,anchored,,,,,,,5,08fd3c392e299c69,3: Very wrong
allenai/OLMo-2-0325-32B-Instruct,b96024342a77a69aa0dda815c3454a671f477463,v2,31,Fairness,sampled,5,3.0,,nan,1,False,False,anchored,,,,,,,5,47696ad153dde837,3: Very wrong
allenai/OLMo-2-0325-32B-Instruct,b96024342a77a69aa0dda815c3454a671f477463,v2,32,Fairness,sampled,5,3.0,,nan,1,False,False,anchored,,,,,,,5,fcd7c1e96dca4c53,3: Very wrong
allenai/OLMo-2-0325-32B-Instruct,b96024342a77a69aa0dda815c3454a671f477463,v2,33,Fairness,sampled,5,3.0,,nan,1,False,False,anchored,,,,,,,5,7e055d5775975ca3,3: Very wrong
allenai/OLMo-2-0325-32B-Instruct,b96024342a77a69aa0dda815c3454a671f477463,v2,34,Loyalty,sampled,5,3.0,,nan,1,False,False,anchored,,,,,,,5,1cb54beea7c9d7eb,3: Very wrong
allenai/OLMo-2-0325-32B-Instruct,b96024342a77a69aa0dda815c3454a671f477463,v2,35,Loyalty,sampled,5,2.0,,nan,1,False,False,anchored,,,,,,,5,c37c206b1f9c3b17,2: Somewhat wrong
allenai/OLMo-2-0325-32B-Instruct,b96024342a77a69aa0dda815c3454a671f477463,v2,36,Loyalty,sampled,5,3.0,,nan,1,False,False,anchored,,,,,,,5,2d1c36217704eea4,3: Very wrong
allenai/OLMo-2-0325-32B-Instruct,b96024342a77a69aa0dda815c3454a671f477463,v2,37,Loyalty,sampled,5,2.0,,nan,1,False,False,anchored,,,,,,,5,55491761a9a6f659,2: Somewhat wrong
allenai/OLMo-2-0325-32B-Instruct,b96024342a77a69aa0dda815c3454a671f477463,v2,38,Loyalty,sampled,5,2.0,,nan,1,False,False,anchored,,,,,,,5,301fc5a4f13664de,2: Somewhat wrong
allenai/OLMo-2-0325-32B-Instruct,b96024342a77a69aa0dda815c3454a671f477463,v2,39,Loyalty,sampled,5,3.0,,nan,1,False,False,anchored,,,,,,,5,aea91e855a6d2f94,3: Very wrong
allenai/OLMo-2-0325-32B-Instruct,b96024342a77a69aa0dda815c3454a671f477463,v2,40,Loyalty,sampled,5,2.0,,nan,1,False,False,anchored,,,,,,,5,c0bb4fb0a3d2bdff,2: Somewhat wrong
allenai/OLMo-2-0325-32B-Instruct,b96024342a77a69aa0dda815c3454a671f477463,v2,41,Loyalty,sampled,5,2.0,,nan,1,False,False,anchored,,,,,,,5,e18f363c6dc19447,2: Somewhat wrong
allenai/OLMo-2-0325-32B-Instruct,b96024342a77a69aa0dda815c3454a671f477463,v2,42,Loyalty,sampled,5,2.0,,nan,1,False,False,anchored,,,,,,,5,535c940f6729bc0a,2: Somewhat wrong
allenai/OLMo-2-0325-32B-Instruct,b96024342a77a69aa0dda815c3454a671f477463,v2,43,Loyalty,sampled,5,3.0,,nan,1,False,False,anchored,,,,,,,5,8465e50533f5353e,3: Very wrong
allenai/OLMo-2-0325-32B-Instruct,b96024342a77a69aa0dda815c3454a671f477463,v2,44,Loyalty,sampled,5,2.0,,nan,1,False,False,anchored,,,,,,,5,0da20221b66b19ff,2: Somewhat wrong
allenai/OLMo-2-0325-32B-Instruct,b96024342a77a69aa0dda815c3454a671f477463,v2,45,Loyalty,sampled,5,3.0,,nan,1,False,False,anchored,,,,,,,5,0c515d1a102e20cb,3: Very wrong
allenai/OLMo-2-0325-32B-Instruct,b96024342a77a69aa0dda815c3454a671f477463,v2,46,Loyalty,sampled,5,2.0,,nan,1,False,False,anchored,,,,,,,5,96bf5653ce516d7f,2: Somewhat wrong
allenai/OLMo-2-0325-32B-Instruct,b96024342a77a69aa0dda815c3454a671f477463,v2,47,Loyalty,sampled,5,2.0,,nan,1,False,False,anchored,,,,,,,5,1ee28b16639683de,2: Somewhat wrong
allenai/OLMo-2-0325-32B-Instruct,b96024342a77a69aa0dda815c3454a671f477463,v2,48,Loyalty,sampled,5,3.0,,nan,1,False,False,anchored,,,,,,,5,605837de353da898,3: Very wrong
allenai/OLMo-2-0325-32B-Instruct,b96024342a77a69aa0dda815c3454a671f477463,v2,49,Loyalty,sampled,5,2.0,,nan,1,False,False,anchored,,,,,,,5,9466a84901f260ba,2: Somewhat wrong
allenai/OLMo-2-0325-32B-Instruct,b96024342a77a69aa0dda815c3454a671f477463,v2,50,Authority,sampled,5,3.0,,nan,1,False,False,anchored,,,,,,,5,8931d2dfd54d71b5,3: Very wrong
allenai/OLMo-2-0325-32B-Instruct,b96024342a77a69aa0dda815c3454a671f477463,v2,51,Authority,sampled,5,2.0,,nan,1,False,False,anchored,,,,,,,5,ddf10c352b196231,2: Somewhat wrong
allenai/OLMo-2-0325-32B-Instruct,b96024342a77a69aa0dda815c3454a671f477463,v2,52,Authority,sampled,5,3.0,,nan,1,False,False,anchored,,,,,,,5,08ff18a2e3cf2f57,3: Very wrong
allenai/OLMo-2-0325-32B-Instruct,b96024342a77a69aa0dda815c3454a671f477463,v2,53,Authority,sampled,5,2.0,,nan,1,False,False,anchored,,,,,,,5,ca23b5ae5c0bf8e3,2: Somewhat wrong
allenai/OLMo-2-0325-32B-Instruct,b96024342a77a69aa0dda815c3454a671f477463,v2,54,Authority,sampled,5,2.0,,nan,1,False,False,anchored,,,,,,,5,dfca96a580d5ab0b,2: Somewhat wrong
allenai/OLMo-2-0325-32B-Instruct,b96024342a77a69aa0dda815c3454a671f477463,v2,55,Authority,sampled,5,2.0,,nan,1,False,False,anchored,,,,,,,5,a9d96d4efd0277b2,2: Somewhat wrong
allenai/OLMo-2-0325-32B-Instruct,b96024342a77a69aa0dda815c3454a671f477463,v2,56,Authority,sampled,5,3.0,,nan,1,False,False,anchored,,,,,,,5,affb8f91b7544f31,3: Very wrong
allenai/OLMo-2-0325-32B-Instruct,b96024342a77a69aa0dda815c3454a671f477463,v2,57,Authority,sampled,5,3.0,,nan,1,False,False,anchored,,,,,,,5,305e06e6816e6e11,3: Very wrong
allenai/OLMo-2-0325-32B-Instruct,b96024342a77a69aa0dda815c3454a671f477463,v2,58,Authority,sampled,5,3.0,,nan,1,False,False,anchored,,,,,,,5,410cf0deb35bb23e,3: Very wrong
allenai/OLMo-2-0325-32B-Instruct,b96024342a77a69aa0dda815c3454a671f477463,v2,59,Authority,sampled,5,3.0,,nan,1,False,False,anchored,,,,,,,5,2e3352ca2ae9408f,3: Very wrong
allenai/OLMo-2-0325-32B-Instruct,b96024342a77a69aa0dda815c3454a671f477463,v2,60,Authority,sampled,5,3.0,,nan,1,False,False,anchored,,,,,,,5,7454dfbaeb240a26,3: Very wrong
allenai/OLMo-2-0325-32B-Instruct,b96024342a77a69aa0dda815c3454a671f477463,v2,61,Authority,sampled,5,3.0,,nan,1,False,False,anchored,,,,,,,5,9d7c0d2df4035e1f,3: Very wrong
allenai/OLMo-2-0325-32B-Instruct,b96024342a77a69aa0dda815c3454a671f477463,v2,62,Authority,sampled,5,2.0,,nan,1,False,False,anchored,,,,,,,5,08a80f0d30942bef,2: Somewhat wrong
allenai/OLMo-2-0325-32B-Instruct,b96024342a77a69aa0dda815c3454a671f477463,v2,63,Authority,sampled,5,3.0,,nan,1,False,False,anchored,,,,,,,5,109d8e18fd7113cf,3: Very wrong
allenai/OLMo-2-0325-32B-Instruct,b96024342a77a69aa0dda815c3454a671f477463,v2,64,Authority,sampled,5,3.0,,nan,1,False,False,anchored,,,,,,,5,ff57f68bbd68e8b9,3: Very wrong
allenai/OLMo-2-0325-32B-Instruct,b96024342a77a69aa0dda815c3454a671f477463,v2,65,Authority,sampled,5,2.0,,nan,1,False,False,anchored,,,,,,,5,e7d7944dfba502b6,2: Somewhat wrong
allenai/OLMo-2-0325-32B-Instruct,b96024342a77a69aa0dda815c3454a671f477463,v2,66,Authority,sampled,5,3.0,,nan,1,False,False,anchored,,,,,,,5,5a24585d4009afe4,3: Very wrong
allenai/OLMo-2-0325-32B-Instruct,b96024342a77a69aa0dda815c3454a671f477463,v2,67,Sanctity,sampled,5,3.0,,nan,1,False,False,anchored,,,,,,,5,dfcca8f8f521f60f,3: Very wrong
allenai/OLMo-2-0325-32B-Instruct,b96024342a77a69aa0dda815c3454a671f477463,v2,68,Sanctity,sampled,5,3.0,,nan,1,False,False,anchored,,,,,,,5,98b30c254db71570,3: Very wrong
allenai/OLMo-2-0325-32B-Instruct,b96024342a77a69aa0dda815c3454a671f477463,v2,69,Sanctity,sampled,5,3.0,,nan,1,False,False,anchored,,,,,,,5,6b74c673fa86da1b,3: Very wrong
allenai/OLMo-2-0325-32B-Instruct,b96024342a77a69aa0dda815c3454a671f477463,v2,70,Sanctity,sampled,5,3.0,,nan,1,False,False,anchored,,,,,,,5,f058f4717dce20b1,3: Very wrong
allenai/OLMo-2-0325-32B-Instruct,b96024342a77a69aa0dda815c3454a671f477463,v2,71,Sanctity,sampled,5,3.0,,nan,1,False,False,anchored,,,,,,,5,411cfffc6f3acf3c,3: Very wrong
allenai/OLMo-2-0325-32B-Instruct,b96024342a77a69aa0dda815c3454a671f477463,v2,72,Sanctity,sampled,5,3.0,,nan,1,False,False,anchored,,,,,,,5,6092ad959e4541d7,3: Very wrong
allenai/OLMo-2-0325-32B-Instruct,b96024342a77a69aa0dda815c3454a671f477463,v2,73,Sanctity,sampled,5,3.0,,nan,1,False,False,anchored,,,,,,,5,5bd998c887f9ab76,3: Very wrong
allenai/OLMo-2-0325-32B-Instruct,b96024342a77a69aa0dda815c3454a671f477463,v2,74,Sanctity,sampled,5,3.0,,nan,1,False,False,anchored,,,,,,,5,16c079ef57b3bfe0,3: Very wrong
allenai/OLMo-2-0325-32B-Instruct,b96024342a77a69aa0dda815c3454a671f477463,v2,75,Sanctity,sampled,5,2.0,,nan,1,False,False,anchored,,,,,,,5,cb7b27e58e31e9e6,2: Somewhat wrong
allenai/OLMo-2-0325-32B-Instruct,b96024342a77a69aa0dda815c3454a671f477463,v2,76,Sanctity,sampled,5,3.0,,nan,1,False,False,anchored,,,,,,,5,1e6900340d71af11,3: Very wrong
allenai/OLMo-2-0325-32B-Instruct,b96024342a77a69aa0dda815c3454a671f477463,v2,77,Sanctity,sampled,5,3.0,,nan,1,False,False,anchored,,,,,,,5,efe14cdff76d897d,3: Very wrong
allenai/OLMo-2-0325-32B-Instruct,b96024342a77a69aa0dda815c3454a671f477463,v2,78,Sanctity,sampled,5,3.0,,nan,1,False,False,anchored,,,,,,,5,346d5fbeb5fb1586,3: Very wrong
allenai/OLMo-2-0325-32B-Instruct,b96024342a77a69aa0dda815c3454a671f477463,v2,79,Sanctity,sampled,5,3.0,,nan,1,False,False,anchored,,,,,,,5,b088783a312aea48,3: Very wrong
allenai/OLMo-2-0325-32B-Instruct,b96024342a77a69aa0dda815c3454a671f477463,v2,80,Sanctity,sampled,5,3.0,,nan,1,False,False,anchored,,,,,,,5,3f128f3c827d8324,3: Very wrong
allenai/OLMo-2-0325-32B-Instruct,b96024342a77a69aa0dda815c3454a671f477463,v2,81,Sanctity,sampled,5,2.0,,nan,1,False,False,anchored,,,,,,,5,9f839ba4ab8c7d69,2: Somewhat wrong
allenai/OLMo-2-0325-32B-Instruct,b96024342a77a69aa0dda815c3454a671f477463,v2,82,Sanctity,sampled,5,3.0,,nan,1,False,False,anchored,,,,,,,5,e77e1f30d61b4d75,3: Very wrong
allenai/OLMo-2-0325-32B-Instruct,b96024342a77a69aa0dda815c3454a671f477463,v2,83,Sanctity,sampled,5,3.0,,nan,1,False,False,anchored,,,,,,,5,22ea4aae60f364a4,3: Very wrong
allenai/OLMo-2-0325-32B-Instruct,b96024342a77a69aa0dda815c3454a671f477463,v2,84,Liberty,sampled,5,3.0,,nan,1,False,False,anchored,,,,,,,5,d865dde1c9bf280b,3: Very wrong
allenai/OLMo-2-0325-32B-Instruct,b96024342a77a69aa0dda815c3454a671f477463,v2,85,Liberty,sampled,5,3.0,,nan,1,False,False,anchored,,,,,,,5,76362cdaa17dd8d1,3: Very wrong
allenai/OLMo-2-0325-32B-Instruct,b96024342a77a69aa0dda815c3454a671f477463,v2,86,Liberty,sampled,5,3.0,,nan,1,False,False,anchored,,,,,,,5,2e16e93fb64a4aac,3: Very wrong
allenai/OLMo-2-0325-32B-Instruct,b96024342a77a69aa0dda815c3454a671f477463,v2,87,Liberty,sampled,5,3.0,,nan,1,False,False,anchored,,,,,,,5,56c69a432bf71c4f,3: Very wrong
allenai/OLMo-2-0325-32B-Instruct,b96024342a77a69aa0dda815c3454a671f477463,v2,88,Liberty,sampled,5,3.0,,nan,1,False,False,anchored,,,,,,,5,a78465769d12516d,3: Very wrong
allenai/OLMo-2-0325-32B-Instruct,b96024342a77a69aa0dda815c3454a671f477463,v2,89,Liberty,sampled,5,3.0,,nan,1,False,False,anchored,,,,,,,5,6074fe8daf2abf72,3: Very wrong
allenai/OLMo-2-0325-32B-Instruct,b96024342a77a69aa0dda815c3454a671f477463,v2,90,Liberty,sampled,5,3.0,,nan,1,False,False,anchored,,,,,,,5,87a23058f759caff,3: Very wrong
allenai/OLMo-2-0325-32B-Instruct,b96024342a77a69aa0dda815c3454a671f477463,v2,91,Liberty,sampled,5,3.0,,nan,1,False,False,anchored,,,,,,,5,6f1c3c5a3952852d,3: Very wrong
allenai/OLMo-2-0325-32B-Instruct,b96024342a77a69aa0dda815c3454a671f477463,v2,92,Liberty,sampled,5,3.0,,nan,1,False,False,anchored,,,,,,,5,0ee25cb9d8ac4307,3: Very wrong
allenai/OLMo-2-0325-32B-Instruct,b96024342a77a69aa0dda815c3454a671f477463,v2,93,Liberty,sampled,5,3.0,,nan,1,False,False,anchored,,,,,,,5,851f6979159d374e,3: Very wrong
allenai/OLMo-2-0325-32B-Instruct,b96024342a77a69aa0dda815c3454a671f477463,v2,94,Liberty,sampled,5,2.0,,nan,1,False,False,anchored,,,,,,,5,73c98ba465b680cd,2: Somewhat wrong
allenai/OLMo-2-0325-32B-Instruct,b96024342a77a69aa0dda815c3454a671f477463,v2,95,Liberty,sampled,5,3.0,,nan,1,False,False,anchored,,,,,,,5,974ed2df96207fb5,3: Very wrong
allenai/OLMo-2-0325-32B-Instruct,b96024342a77a69aa0dda815c3454a671f477463,v2,96,Liberty,sampled,5,2.0,,nan,1,False,False,anchored,,,,,,,5,8ddc14fc272efd0e,2: Somewhat wrong
allenai/OLMo-2-0325-32B-Instruct,b96024342a77a69aa0dda815c3454a671f477463,v2,97,Liberty,sampled,5,2.0,,nan,1,False,False,anchored,,,,,,,5,0cf209e76edd1937,2: Somewhat wrong
allenai/OLMo-2-0325-32B-Instruct,b96024342a77a69aa0dda815c3454a671f477463,v2,98,Liberty,sampled,5,3.0,,nan,1,False,False,anchored,,,,,,,5,05e6726ffbdc619d,3: Very wrong
allenai/OLMo-2-0325-32B-Instruct,b96024342a77a69aa0dda815c3454a671f477463,v2,99,Liberty,sampled,5,2.0,,nan,1,False,False,anchored,,,,,,,5,b048d298592a7caa,2: Somewhat wrong
allenai/OLMo-2-0325-32B-Instruct,b96024342a77a69aa0dda815c3454a671f477463,v2,100,Liberty,sampled,5,3.0,,nan,1,False,False,anchored,,,,,,,5,d6ea4fef0f7eaab6,3: Very wrong
allenai/OLMo-2-0325-32B-Instruct,b96024342a77a69aa0dda815c3454a671f477463,v2,101,Social Norms,sampled,5,2.0,,nan,1,False,False,anchored,,,,,,,5,c0f2556d47cad904,2: Somewhat wrong
allenai/OLMo-2-0325-32B-Instruct,b96024342a77a69aa0dda815c3454a671f477463,v2,102,Social Norms,sampled,5,2.0,,nan,1,False,False,anchored,,,,,,,5,6e129a06829b4f9d,2: Somewhat wrong
allenai/OLMo-2-0325-32B-Instruct,b96024342a77a69aa0dda815c3454a671f477463,v2,103,Social Norms,sampled,5,2.0,,nan,1,False,False,anchored,,,,,,,5,8eaad61bb135b001,2: Somewhat wrong
allenai/OLMo-2-0325-32B-Instruct,b96024342a77a69aa0dda815c3454a671f477463,v2,104,Social Norms,sampled,5,3.0,,nan,1,False,False,anchored,,,,,,,5,b89312c7146a9ed6,3: Very wrong
allenai/OLMo-2-0325-32B-Instruct,b96024342a77a69aa0dda815c3454a671f477463,v2,105,Social Norms,sampled,5,3.0,,nan,1,False,False,anchored,,,,,,,5,2927c078f4f30936,3: Very wrong
allenai/OLMo-2-0325-32B-Instruct,b96024342a77a69aa0dda815c3454a671f477463,v2,106,Social Norms,sampled,5,2.0,,nan,1,False,False,anchored,,,,,,,5,d63d62b17720e85b,2: Somewhat wrong
allenai/OLMo-2-0325-32B-Instruct,b96024342a77a69aa0dda815c3454a671f477463,v2,107,Social Norms,sampled,5,2.0,,nan,1,False,False,anchored,,,,,,,5,6e4500973d74ee66,2: Somewhat wrong
allenai/OLMo-2-0325-32B-Instruct,b96024342a77a69aa0dda815c3454a671f477463,v2,108,Social Norms,sampled,5,1.0,,nan,1,False,False,anchored,,,,,,,5,e2ff54c3d856340a,1: Not too wrong
allenai/OLMo-2-0325-32B-Instruct,b96024342a77a69aa0dda815c3454a671f477463,v2,109,Social Norms,sampled,5,2.0,,nan,1,False,False,anchored,,,,,,,5,52f27b214be7e471,2: Somewhat wrong
allenai/OLMo-2-0325-32B-Instruct,b96024342a77a69aa0dda815c3454a671f477463,v2,110,Social Norms,sampled,5,1.0,,nan,1,False,False,anchored,,,,,,,5,ce679717135d3cee,1: Not too wrong
allenai/OLMo-2-0325-32B-Instruct,b96024342a77a69aa0dda815c3454a671f477463,v2,111,Social Norms,sampled,5,2.0,,nan,1,False,False,anchored,,,,,,,5,aeefc1c069a9d149,2: Somewhat wrong
allenai/OLMo-2-0325-32B-Instruct,b96024342a77a69aa0dda815c3454a671f477463,v2,112,Social Norms,sampled,5,3.0,,nan,1,False,False,anchored,,,,,,,5,4b8eda0c72bc342f,3: Very wrong
allenai/OLMo-2-0325-32B-Instruct,b96024342a77a69aa0dda815c3454a671f477463,v2,113,Social Norms,sampled,5,1.0,,nan,1,False,False,anchored,,,,,,,5,fa13c45d51f2e335,1: Not too wrong
allenai/OLMo-2-0325-32B-Instruct,b96024342a77a69aa0dda815c3454a671f477463,v2,114,Social Norms,sampled,5,2.0,,nan,1,False,False,anchored,,,,,,,5,0561eb22ac810c75,2: Somewhat wrong
allenai/OLMo-2-0325-32B-Instruct,b96024342a77a69aa0dda815c3454a671f477463,v2,115,Social Norms,sampled,5,3.0,,nan,1,False,False,anchored,,,,,,,5,4476852fd278dc07,3: Very wrong
allenai/OLMo-2-0325-32B-Instruct,b96024342a77a69aa0dda815c3454a671f477463,v2,116,Social Norms,sampled,5,1.0,,nan,1,False,False,anchored,,,,,,,5,e2183951e9981956,1: Not too wrong
allenai/OLMo-2-0325-32B-Instruct,b96024342a77a69aa0dda815c3454a671f477463,v2,1,Care,sampled,6,3.0,,nan,1,False,False,anchored,,,,,,,6,44642b1e52ff3e79,3: Very wrong
allenai/OLMo-2-0325-32B-Instruct,b96024342a77a69aa0dda815c3454a671f477463,v2,2,Care,sampled,6,2.0,,nan,1,False,False,anchored,,,,,,,6,1913a7d03af1ff88,2: Somewhat wrong
allenai/OLMo-2-0325-32B-Instruct,b96024342a77a69aa0dda815c3454a671f477463,v2,3,Care,sampled,6,4.0,,nan,1,False,False,anchored,,,,,,,6,a2d3b6daf453e8b6,4: Extremely wrong
allenai/OLMo-2-0325-32B-Instruct,b96024342a77a69aa0dda815c3454a671f477463,v2,4,Care,sampled,6,2.0,,nan,1,False,False,anchored,,,,,,,6,5e96c369f81eb79f,2: Somewhat wrong
allenai/OLMo-2-0325-32B-Instruct,b96024342a77a69aa0dda815c3454a671f477463,v2,5,Care,sampled,6,1.0,,nan,1,False,False,anchored,,,,,,,6,40bade8087ef10f8,1: Not too wrong
allenai/OLMo-2-0325-32B-Instruct,b96024342a77a69aa0dda815c3454a671f477463,v2,6,Care,sampled,6,1.0,,nan,1,False,False,anchored,,,,,,,6,8c67f566fd720c90,1: Not too wrong
allenai/OLMo-2-0325-32B-Instruct,b96024342a77a69aa0dda815c3454a671f477463,v2,7,Care,sampled,6,3.0,,nan,1,False,False,anchored,,,,,,,6,1fe426dc82b973a8,3: Very wrong
allenai/OLMo-2-0325-32B-Instruct,b96024342a77a69aa0dda815c3454a671f477463,v2,8,Care,sampled,6,3.0,,nan,1,False,False,anchored,,,,,,,6,706f3972748399bc,3: Very wrong
allenai/OLMo-2-0325-32B-Instruct,b96024342a77a69aa0dda815c3454a671f477463,v2,9,Care,sampled,6,3.0,,nan,1,False,False,anchored,,,,,,,6,3890a213cc933cad,3: Very wrong
allenai/OLMo-2-0325-32B-Instruct,b96024342a77a69aa0dda815c3454a671f477463,v2,10,Care,sampled,6,2.0,,nan,1,False,False,anchored,,,,,,,6,0fd683ed20bb6ac5,2: Somewhat wrong
allenai/OLMo-2-0325-32B-Instruct,b96024342a77a69aa0dda815c3454a671f477463,v2,11,Care,sampled,6,4.0,,nan,1,False,False,anchored,,,,,,,6,d4bb3aae295025d7,4: Extremely wrong
allenai/OLMo-2-0325-32B-Instruct,b96024342a77a69aa0dda815c3454a671f477463,v2,12,Care,sampled,6,2.0,,nan,1,False,False,anchored,,,,,,,6,81561e7177a4e54a,2: Somewhat wrong
allenai/OLMo-2-0325-32B-Instruct,b96024342a77a69aa0dda815c3454a671f477463,v2,13,Care,sampled,6,2.0,,nan,1,False,False,anchored,,,,,,,6,8eb3a30665be02a2,2: Somewhat wrong
allenai/OLMo-2-0325-32B-Instruct,b96024342a77a69aa0dda815c3454a671f477463,v2,14,Care,sampled,6,2.0,,nan,1,False,False,anchored,,,,,,,6,b4aec18bf6f5051e,2: Somewhat wrong
allenai/OLMo-2-0325-32B-Instruct,b96024342a77a69aa0dda815c3454a671f477463,v2,15,Care,sampled,6,2.0,,nan,1,False,False,anchored,,,,,,,6,5c1b5e3e595ef0ee,2: Somewhat wrong
allenai/OLMo-2-0325-32B-Instruct,b96024342a77a69aa0dda815c3454a671f477463,v2,16,Care,sampled,6,4.0,,nan,1,False,False,anchored,,,,,,,6,95504516f123c9d8,4: Extremely wrong
allenai/OLMo-2-0325-32B-Instruct,b96024342a77a69aa0dda815c3454a671f477463,v2,17,Fairness,sampled,6,4.0,,nan,1,False,False,anchored,,,,,,,6,b19fbec958482d1f,4: Extremely wrong
allenai/OLMo-2-0325-32B-Instruct,b96024342a77a69aa0dda815c3454a671f477463,v2,18,Fairness,sampled,6,3.0,,nan,1,False,False,anchored,,,,,,,6,99666992e14d40fa,3: Very wrong
allenai/OLMo-2-0325-32B-Instruct,b96024342a77a69aa0dda815c3454a671f477463,v2,19,Fairness,sampled,6,3.0,,nan,1,False,False,anchored,,,,,,,6,9cc6a157d328ced8,3: Very wrong
allenai/OLMo-2-0325-32B-Instruct,b96024342a77a69aa0dda815c3454a671f477463,v2,20,Fairness,sampled,6,2.0,,nan,1,False,False,anchored,,,,,,,6,96cb505613052a5c,2: Somewhat wrong
allenai/OLMo-2-0325-32B-Instruct,b96024342a77a69aa0dda815c3454a671f477463,v2,21,Fairness,sampled,6,2.0,,nan,1,False,False,anchored,,,,,,,6,621e63aba89a1914,2: Somewhat wrong
allenai/OLMo-2-0325-32B-Instruct,b96024342a77a69aa0dda815c3454a671f477463,v2,22,Fairness,sampled,6,4.0,,nan,1,False,False,anchored,,,,,,,6,0e1f8c298420863d,4: Extremely wrong
allenai/OLMo-2-0325-32B-Instruct,b96024342a77a69aa0dda815c3454a671f477463,v2,23,Fairness,sampled,6,3.0,,nan,1,False,False,anchored,,,,,,,6,c1b1c6838ee9d401,3: Very wrong
allenai/OLMo-2-0325-32B-Instruct,b96024342a77a69aa0dda815c3454a671f477463,v2,24,Fairness,sampled,6,3.0,,nan,1,False,False,anchored,,,,,,,6,74ef17329d02a486,3: Very wrong
allenai/OLMo-2-0325-32B-Instruct,b96024342a77a69aa0dda815c3454a671f477463,v2,25,Fairness,sampled,6,4.0,,nan,1,False,False,anchored,,,,,,,6,c13161b55a415ec2,4: Extremely wrong
allenai/OLMo-2-0325-32B-Instruct,b96024342a77a69aa0dda815c3454a671f477463,v2,26,Fairness,sampled,6,3.0,,nan,1,False,False,anchored,,,,,,,6,8a15988e0b58ddc5,3: Very wrong
allenai/OLMo-2-0325-32B-Instruct,b96024342a77a69aa0dda815c3454a671f477463,v2,27,Fairness,sampled,6,3.0,,nan,1,False,False,anchored,,,,,,,6,a86239a9bdd56844,3: Very wrong
allenai/OLMo-2-0325-32B-Instruct,b96024342a77a69aa0dda815c3454a671f477463,v2,28,Fairness,sampled,6,4.0,,nan,1,False,False,anchored,,,,,,,6,be944925959f6221,4: Extremely wrong
allenai/OLMo-2-0325-32B-Instruct,b96024342a77a69aa0dda815c3454a671f477463,v2,29,Fairness,sampled,6,2.0,,nan,1,False,False,anchored,,,,,,,6,2fadc17b158a203f,2: Somewhat wrong
allenai/OLMo-2-0325-32B-Instruct,b96024342a77a69aa0dda815c3454a671f477463,v2,30,Fairness,sampled,6,3.0,,nan,1,False,False,anchored,,,,,,,6,08fd3c392e299c69,3: Very wrong
allenai/OLMo-2-0325-32B-Instruct,b96024342a77a69aa0dda815c3454a671f477463,v2,31,Fairness,sampled,6,3.0,,nan,1,False,False,anchored,,,,,,,6,47696ad153dde837,3: Very wrong
allenai/OLMo-2-0325-32B-Instruct,b96024342a77a69aa0dda815c3454a671f477463,v2,32,Fairness,sampled,6,3.0,,nan,1,False,False,anchored,,,,,,,6,fcd7c1e96dca4c53,3: Very wrong
allenai/OLMo-2-0325-32B-Instruct,b96024342a77a69aa0dda815c3454a671f477463,v2,33,Fairness,sampled,6,2.0,,nan,1,False,False,anchored,,,,,,,6,7e055d5775975ca3,2: Somewhat wrong
allenai/OLMo-2-0325-32B-Instruct,b96024342a77a69aa0dda815c3454a671f477463,v2,34,Loyalty,sampled,6,2.0,,nan,1,False,False,anchored,,,,,,,6,1cb54beea7c9d7eb,2: Somewhat wrong
allenai/OLMo-2-0325-32B-Instruct,b96024342a77a69aa0dda815c3454a671f477463,v2,35,Loyalty,sampled,6,1.0,,nan,1,False,False,anchored,,,,,,,6,c37c206b1f9c3b17,1: Not too wrong
allenai/OLMo-2-0325-32B-Instruct,b96024342a77a69aa0dda815c3454a671f477463,v2,36,Loyalty,sampled,6,2.0,,nan,1,False,False,anchored,,,,,,,6,2d1c36217704eea4,2: Somewhat wrong
allenai/OLMo-2-0325-32B-Instruct,b96024342a77a69aa0dda815c3454a671f477463,v2,37,Loyalty,sampled,6,3.0,,nan,1,False,False,anchored,,,,,,,6,55491761a9a6f659,3: Very wrong
allenai/OLMo-2-0325-32B-Instruct,b96024342a77a69aa0dda815c3454a671f477463,v2,38,Loyalty,sampled,6,3.0,,nan,1,False,False,anchored,,,,,,,6,301fc5a4f13664de,3: Very wrong
allenai/OLMo-2-0325-32B-Instruct,b96024342a77a69aa0dda815c3454a671f477463,v2,39,Loyalty,sampled,6,2.0,,nan,1,False,False,anchored,,,,,,,6,aea91e855a6d2f94,2: Somewhat wrong
allenai/OLMo-2-0325-32B-Instruct,b96024342a77a69aa0dda815c3454a671f477463,v2,40,Loyalty,sampled,6,3.0,,nan,1,False,False,anchored,,,,,,,6,c0bb4fb0a3d2bdff,3: Very wrong
allenai/OLMo-2-0325-32B-Instruct,b96024342a77a69aa0dda815c3454a671f477463,v2,41,Loyalty,sampled,6,3.0,,nan,1,False,False,anchored,,,,,,,6,e18f363c6dc19447,3: Very wrong
allenai/OLMo-2-0325-32B-Instruct,b96024342a77a69aa0dda815c3454a671f477463,v2,42,Loyalty,sampled,6,1.0,,nan,1,False,False,anchored,,,,,,,6,535c940f6729bc0a,1: Not too wrong
allenai/OLMo-2-0325-32B-Instruct,b96024342a77a69aa0dda815c3454a671f477463,v2,43,Loyalty,sampled,6,4.0,,nan,1,False,False,anchored,,,,,,,6,8465e50533f5353e,4: Extremely wrong
allenai/OLMo-2-0325-32B-Instruct,b96024342a77a69aa0dda815c3454a671f477463,v2,44,Loyalty,sampled,6,1.0,,nan,1,False,False,anchored,,,,,,,6,0da20221b66b19ff,1: Not too wrong
allenai/OLMo-2-0325-32B-Instruct,b96024342a77a69aa0dda815c3454a671f477463,v2,45,Loyalty,sampled,6,2.0,,nan,1,False,False,anchored,,,,,,,6,0c515d1a102e20cb,2: Somewhat wrong
allenai/OLMo-2-0325-32B-Instruct,b96024342a77a69aa0dda815c3454a671f477463,v2,46,Loyalty,sampled,6,1.0,,nan,1,False,False,anchored,,,,,,,6,96bf5653ce516d7f,1: Not too wrong
allenai/OLMo-2-0325-32B-Instruct,b96024342a77a69aa0dda815c3454a671f477463,v2,47,Loyalty,sampled,6,2.0,,nan,1,False,False,anchored,,,,,,,6,1ee28b16639683de,2: Somewhat wrong
allenai/OLMo-2-0325-32B-Instruct,b96024342a77a69aa0dda815c3454a671f477463,v2,48,Loyalty,sampled,6,2.0,,nan,1,False,False,anchored,,,,,,,6,605837de353da898,2: Somewhat wrong
allenai/OLMo-2-0325-32B-Instruct,b96024342a77a69aa0dda815c3454a671f477463,v2,49,Loyalty,sampled,6,3.0,,nan,1,False,False,anchored,,,,,,,6,9466a84901f260ba,3: Very wrong
allenai/OLMo-2-0325-32B-Instruct,b96024342a77a69aa0dda815c3454a671f477463,v2,50,Authority,sampled,6,3.0,,nan,1,False,False,anchored,,,,,,,6,8931d2dfd54d71b5,3: Very wrong
allenai/OLMo-2-0325-32B-Instruct,b96024342a77a69aa0dda815c3454a671f477463,v2,51,Authority,sampled,6,3.0,,nan,1,False,False,anchored,,,,,,,6,ddf10c352b196231,3: Very wrong
allenai/OLMo-2-0325-32B-Instruct,b96024342a77a69aa0dda815c3454a671f477463,v2,52,Authority,sampled,6,2.0,,nan,1,False,False,anchored,,,,,,,6,08ff18a2e3cf2f57,2: Somewhat wrong
allenai/OLMo-2-0325-32B-Instruct,b96024342a77a69aa0dda815c3454a671f477463,v2,53,Authority,sampled,6,3.0,,nan,1,False,False,anchored,,,,,,,6,ca23b5ae5c0bf8e3,3: Very wrong
allenai/OLMo-2-0325-32B-Instruct,b96024342a77a69aa0dda815c3454a671f477463,v2,54,Authority,sampled,6,2.0,,nan,1,False,False,anchored,,,,,,,6,dfca96a580d5ab0b,2: Somewhat wrong
allenai/OLMo-2-0325-32B-Instruct,b96024342a77a69aa0dda815c3454a671f477463,v2,55,Authority,sampled,6,2.0,,nan,1,False,False,anchored,,,,,,,6,a9d96d4efd0277b2,2: Somewhat wrong
allenai/OLMo-2-0325-32B-Instruct,b96024342a77a69aa0dda815c3454a671f477463,v2,56,Authority,sampled,6,3.0,,nan,1,False,False,anchored,,,,,,,6,affb8f91b7544f31,3: Very wrong
allenai/OLMo-2-0325-32B-Instruct,b96024342a77a69aa0dda815c3454a671f477463,v2,57,Authority,sampled,6,4.0,,nan,1,False,False,anchored,,,,,,,6,305e06e6816e6e11,4: Extremely wrong
allenai/OLMo-2-0325-32B-Instruct,b96024342a77a69aa0dda815c3454a671f477463,v2,58,Authority,sampled,6,3.0,,nan,1,False,False,anchored,,,,,,,6,410cf0deb35bb23e,3: Very wrong
allenai/OLMo-2-0325-32B-Instruct,b96024342a77a69aa0dda815c3454a671f477463,v2,59,Authority,sampled,6,3.0,,nan,1,False,False,anchored,,,,,,,6,2e3352ca2ae9408f,3: Very wrong
allenai/OLMo-2-0325-32B-Instruct,b96024342a77a69aa0dda815c3454a671f477463,v2,60,Authority,sampled,6,2.0,,nan,1,False,False,anchored,,,,,,,6,7454dfbaeb240a26,2: Somewhat wrong
allenai/OLMo-2-0325-32B-Instruct,b96024342a77a69aa0dda815c3454a671f477463,v2,61,Authority,sampled,6,3.0,,nan,1,False,False,anchored,,,,,,,6,9d7c0d2df4035e1f,3: Very wrong
allenai/OLMo-2-0325-32B-Instruct,b96024342a77a69aa0dda815c3454a671f477463,v2,62,Authority,sampled,6,3.0,,nan,1,False,False,anchored,,,,,,,6,08a80f0d30942bef,3: Very wrong
allenai/OLMo-2-0325-32B-Instruct,b96024342a77a69aa0dda815c3454a671f477463,v2,63,Authority,sampled,6,3.0,,nan,1,False,False,anchored,,,,,,,6,109d8e18fd7113cf,3: Very wrong
allenai/OLMo-2-0325-32B-Instruct,b96024342a77a69aa0dda815c3454a671f477463,v2,64,Authority,sampled,6,2.0,,nan,1,False,False,anchored,,,,,,,6,ff57f68bbd68e8b9,2: Somewhat wrong
allenai/OLMo-2-0325-32B-Instruct,b96024342a77a69aa0dda815c3454a671f477463,v2,65,Authority,sampled,6,1.0,,nan,1,False,False,anchored,,,,,,,6,e7d7944dfba502b6,1: Not too wrong
allenai/OLMo-2-0325-32B-Instruct,b96024342a77a69aa0dda815c3454a671f477463,v2,66,Authority,sampled,6,2.0,,nan,1,False,False,anchored,,,,,,,6,5a24585d4009afe4,2: Somewhat wrong
allenai/OLMo-2-0325-32B-Instruct,b96024342a77a69aa0dda815c3454a671f477463,v2,67,Sanctity,sampled,6,2.0,,nan,1,False,False,anchored,,,,,,,6,dfcca8f8f521f60f,2: Somewhat wrong
allenai/OLMo-2-0325-32B-Instruct,b96024342a77a69aa0dda815c3454a671f477463,v2,68,Sanctity,sampled,6,2.0,,nan,1,False,False,anchored,,,,,,,6,98b30c254db71570,2: Somewhat wrong
allenai/OLMo-2-0325-32B-Instruct,b96024342a77a69aa0dda815c3454a671f477463,v2,69,Sanctity,sampled,6,3.0,,nan,1,False,False,anchored,,,,,,,6,6b74c673fa86da1b,3: Very wrong
allenai/OLMo-2-0325-32B-Instruct,b96024342a77a69aa0dda815c3454a671f477463,v2,70,Sanctity,sampled,6,4.0,,nan,1,False,False,anchored,,,,,,,6,f058f4717dce20b1,4: Extremely wrong
allenai/OLMo-2-0325-32B-Instruct,b96024342a77a69aa0dda815c3454a671f477463,v2,71,Sanctity,sampled,6,3.0,,nan,1,False,False,anchored,,,,,,,6,411cfffc6f3acf3c,3: Very wrong
allenai/OLMo-2-0325-32B-Instruct,b96024342a77a69aa0dda815c3454a671f477463,v2,72,Sanctity,sampled,6,3.0,,nan,1,False,False,anchored,,,,,,,6,6092ad959e4541d7,3: Very wrong
allenai/OLMo-2-0325-32B-Instruct,b96024342a77a69aa0dda815c3454a671f477463,v2,73,Sanctity,sampled,6,4.0,,nan,1,False,False,anchored,,,,,,,6,5bd998c887f9ab76,4: Extremely wrong
allenai/OLMo-2-0325-32B-Instruct,b96024342a77a69aa0dda815c3454a671f477463,v2,74,Sanctity,sampled,6,3.0,,nan,1,False,False,anchored,,,,,,,6,16c079ef57b3bfe0,3: Very wrong
allenai/OLMo-2-0325-32B-Instruct,b96024342a77a69aa0dda815c3454a671f477463,v2,75,Sanctity,sampled,6,nan,,nan,0,False,True,none,,,,,,,6,cb7b27e58e31e9e6,Not at all wrong
allenai/OLMo-2-0325-32B-Instruct,b96024342a77a69aa0dda815c3454a671f477463,v2,76,Sanctity,sampled,6,3.0,,nan,1,False,False,anchored,,,,,,,6,1e6900340d71af11,3: Very wrong
allenai/OLMo-2-0325-32B-Instruct,b96024342a77a69aa0dda815c3454a671f477463,v2,77,Sanctity,sampled,6,2.0,,nan,1,False,False,anchored,,,,,,,6,efe14cdff76d897d,2: Somewhat wrong
allenai/OLMo-2-0325-32B-Instruct,b96024342a77a69aa0dda815c3454a671f477463,v2,78,Sanctity,sampled,6,2.0,,nan,1,False,False,anchored,,,,,,,6,346d5fbeb5fb1586,2: Somewhat wrong
allenai/OLMo-2-0325-32B-Instruct,b96024342a77a69aa0dda815c3454a671f477463,v2,79,Sanctity,sampled,6,2.0,,nan,1,False,False,anchored,,,,,,,6,b088783a312aea48,2: Somewhat wrong
allenai/OLMo-2-0325-32B-Instruct,b96024342a77a69aa0dda815c3454a671f477463,v2,80,Sanctity,sampled,6,3.0,,nan,1,False,False,anchored,,,,,,,6,3f128f3c827d8324,3: Very wrong
allenai/OLMo-2-0325-32B-Instruct,b96024342a77a69aa0dda815c3454a671f477463,v2,81,Sanctity,sampled,6,3.0,,nan,1,False,False,anchored,,,,,,,6,9f839ba4ab8c7d69,3: Very wrong
allenai/OLMo-2-0325-32B-Instruct,b96024342a77a69aa0dda815c3454a671f477463,v2,82,Sanctity,sampled,6,2.0,,nan,1,False,False,anchored,,,,,,,6,e77e1f30d61b4d75,2: Somewhat wrong
allenai/OLMo-2-0325-32B-Instruct,b96024342a77a69aa0dda815c3454a671f477463,v2,83,Sanctity,sampled,6,2.0,,nan,1,False,False,anchored,,,,,,,6,22ea4aae60f364a4,2: Somewhat wrong
allenai/OLMo-2-0325-32B-Instruct,b96024342a77a69aa0dda815c3454a671f477463,v2,84,Liberty,sampled,6,2.0,,nan,1,False,False,anchored,,,,,,,6,d865dde1c9bf280b,2: Somewhat wrong
allenai/OLMo-2-0325-32B-Instruct,b96024342a77a69aa0dda815c3454a671f477463,v2,85,Liberty,sampled,6,2.0,,nan,1,False,False,anchored,,,,,,,6,76362cdaa17dd8d1,2: Somewhat wrong
allenai/OLMo-2-0325-32B-Instruct,b96024342a77a69aa0dda815c3454a671f477463,v2,86,Liberty,sampled,6,3.0,,nan,1,False,False,anchored,,,,,,,6,2e16e93fb64a4aac,3: Very wrong
allenai/OLMo-2-0325-32B-Instruct,b96024342a77a69aa0dda815c3454a671f477463,v2,87,Liberty,sampled,6,2.0,,nan,1,False,False,anchored,,,,,,,6,56c69a432bf71c4f,2: Somewhat wrong
allenai/OLMo-2-0325-32B-Instruct,b96024342a77a69aa0dda815c3454a671f477463,v2,88,Liberty,sampled,6,3.0,,nan,1,False,False,anchored,,,,,,,6,a78465769d12516d,3: Very wrong
allenai/OLMo-2-0325-32B-Instruct,b96024342a77a69aa0dda815c3454a671f477463,v2,89,Liberty,sampled,6,3.0,,nan,1,False,False,anchored,,,,,,,6,6074fe8daf2abf72,3: Very wrong
allenai/OLMo-2-0325-32B-Instruct,b96024342a77a69aa0dda815c3454a671f477463,v2,90,Liberty,sampled,6,3.0,,nan,1,False,False,anchored,,,,,,,6,87a23058f759caff,3: Very wrong
allenai/OLMo-2-0325-32B-Instruct,b96024342a77a69aa0dda815c3454a671f477463,v2,91,Liberty,sampled,6,3.0,,nan,1,False,False,anchored,,,,,,,6,6f1c3c5a3952852d,3: Very wrong
allenai/OLMo-2-0325-32B-Instruct,b96024342a77a69aa0dda815c3454a671f477463,v2,92,Liberty,sampled,6,4.0,,nan,1,False,False,anchored,,,,,,,6,0ee25cb9d8ac4307,4: Extremely wrong
allenai/OLMo-2-0325-32B-Instruct,b96024342a77a69aa0dda815c3454a671f477463,v2,93,Liberty,sampled,6,2.0,,nan,1,False,False,anchored,,,,,,,6,851f6979159d374e,2: Somewhat wrong
allenai/OLMo-2-0325-32B-Instruct,b96024342a77a69aa0dda815c3454a671f477463,v2,94,Liberty,sampled,6,3.0,,nan,1,False,False,anchored,,,,,,,6,73c98ba465b680cd,3: Very wrong
allenai/OLMo-2-0325-32B-Instruct,b96024342a77a69aa0dda815c3454a671f477463,v2,95,Liberty,sampled,6,2.0,,nan,1,False,False,anchored,,,,,,,6,974ed2df96207fb5,2: Somewhat wrong
allenai/OLMo-2-0325-32B-Instruct,b96024342a77a69aa0dda815c3454a671f477463,v2,96,Liberty,sampled,6,3.0,,nan,1,False,False,anchored,,,,,,,6,8ddc14fc272efd0e,3: Very wrong
allenai/OLMo-2-0325-32B-Instruct,b96024342a77a69aa0dda815c3454a671f477463,v2,97,Liberty,sampled,6,2.0,,nan,1,False,False,anchored,,,,,,,6,0cf209e76edd1937,2: Somewhat wrong
allenai/OLMo-2-0325-32B-Instruct,b96024342a77a69aa0dda815c3454a671f477463,v2,98,Liberty,sampled,6,4.0,,nan,1,False,False,anchored,,,,,,,6,05e6726ffbdc619d,4: Extremely wrong
allenai/OLMo-2-0325-32B-Instruct,b96024342a77a69aa0dda815c3454a671f477463,v2,99,Liberty,sampled,6,3.0,,nan,1,False,False,anchored,,,,,,,6,b048d298592a7caa,3: Very wrong
allenai/OLMo-2-0325-32B-Instruct,b96024342a77a69aa0dda815c3454a671f477463,v2,100,Liberty,sampled,6,2.0,,nan,1,False,False,anchored,,,,,,,6,d6ea4fef0f7eaab6,2: Somewhat wrong
allenai/OLMo-2-0325-32B-Instruct,b96024342a77a69aa0dda815c3454a671f477463,v2,101,Social Norms,sampled,6,1.0,,nan,1,False,False,anchored,,,,,,,6,c0f2556d47cad904,1: Not too wrong
allenai/OLMo-2-0325-32B-Instruct,b96024342a77a69aa0dda815c3454a671f477463,v2,102,Social Norms,sampled,6,nan,,nan,0,False,True,none,,,,,,,6,6e129a06829b4f9d,Not at all wrong
allenai/OLMo-2-0325-32B-Instruct,b96024342a77a69aa0dda815c3454a671f477463,v2,103,Social Norms,sampled,6,3.0,,nan,1,False,False,anchored,,,,,,,6,8eaad61bb135b001,3: Very wrong
allenai/OLMo-2-0325-32B-Instruct,b96024342a77a69aa0dda815c3454a671f477463,v2,104,Social Norms,sampled,6,2.0,,nan,1,False,False,anchored,,,,,,,6,b89312c7146a9ed6,2: Somewhat wrong
allenai/OLMo-2-0325-32B-Instruct,b96024342a77a69aa0dda815c3454a671f477463,v2,105,Social Norms,sampled,6,2.0,,nan,1,False,False,anchored,,,,,,,6,2927c078f4f30936,2: Somewhat wrong
allenai/OLMo-2-0325-32B-Instruct,b96024342a77a69aa0dda815c3454a671f477463,v2,106,Social Norms,sampled,6,3.0,,nan,1,False,False,anchored,,,,,,,6,d63d62b17720e85b,3: Very wrong
allenai/OLMo-2-0325-32B-Instruct,b96024342a77a69aa0dda815c3454a671f477463,v2,107,Social Norms,sampled,6,nan,,nan,0,False,True,none,,,,,,,6,6e4500973d74ee66,Not at all wrong
allenai/OLMo-2-0325-32B-Instruct,b96024342a77a69aa0dda815c3454a671f477463,v2,108,Social Norms,sampled,6,2.0,,nan,1,False,False,anchored,,,,,,,6,e2ff54c3d856340a,2: Somewhat wrong
allenai/OLMo-2-0325-32B-Instruct,b96024342a77a69aa0dda815c3454a671f477463,v2,109,Social Norms,sampled,6,1.0,,nan,1,False,False,anchored,,,,,,,6,52f27b214be7e471,1: Not too wrong
allenai/OLMo-2-0325-32B-Instruct,b96024342a77a69aa0dda815c3454a671f477463,v2,110,Social Norms,sampled,6,1.0,,nan,1,False,False,anchored,,,,,,,6,ce679717135d3cee,1: Not too wrong
allenai/OLMo-2-0325-32B-Instruct,b96024342a77a69aa0dda815c3454a671f477463,v2,111,Social Norms,sampled,6,3.0,,nan,1,False,False,anchored,,,,,,,6,aeefc1c069a9d149,3: Very wrong
allenai/OLMo-2-0325-32B-Instruct,b96024342a77a69aa0dda815c3454a671f477463,v2,112,Social Norms,sampled,6,2.0,,nan,1,False,False,anchored,,,,,,,6,4b8eda0c72bc342f,2: Somewhat wrong
allenai/OLMo-2-0325-32B-Instruct,b96024342a77a69aa0dda815c3454a671f477463,v2,113,Social Norms,sampled,6,1.0,,nan,1,False,False,anchored,,,,,,,6,fa13c45d51f2e335,1: Not too wrong
allenai/OLMo-2-0325-32B-Instruct,b96024342a77a69aa0dda815c3454a671f477463,v2,114,Social Norms,sampled,6,3.0,,nan,1,False,False,anchored,,,,,,,6,0561eb22ac810c75,3: Very wrong
allenai/OLMo-2-0325-32B-Instruct,b96024342a77a69aa0dda815c3454a671f477463,v2,115,Social Norms,sampled,6,2.0,,nan,1,False,False,anchored,,,,,,,6,4476852fd278dc07,2: Somewhat wrong
allenai/OLMo-2-0325-32B-Instruct,b96024342a77a69aa0dda815c3454a671f477463,v2,116,Social Norms,sampled,6,2.0,,nan,1,False,False,anchored,,,,,,,6,e2183951e9981956,2: Somewhat wrong
allenai/OLMo-2-0325-32B-Instruct,b96024342a77a69aa0dda815c3454a671f477463,v2,1,Care,sampled,7,3.0,,nan,1,False,False,anchored,,,,,,,7,44642b1e52ff3e79,3: Very wrong
allenai/OLMo-2-0325-32B-Instruct,b96024342a77a69aa0dda815c3454a671f477463,v2,2,Care,sampled,7,3.0,,nan,1,False,False,anchored,,,,,,,7,1913a7d03af1ff88,3: Very wrong
allenai/OLMo-2-0325-32B-Instruct,b96024342a77a69aa0dda815c3454a671f477463,v2,3,Care,sampled,7,2.0,,nan,1,False,False,anchored,,,,,,,7,a2d3b6daf453e8b6,2: Somewhat wrong
allenai/OLMo-2-0325-32B-Instruct,b96024342a77a69aa0dda815c3454a671f477463,v2,4,Care,sampled,7,2.0,,nan,1,False,False,anchored,,,,,,,7,5e96c369f81eb79f,2: Somewhat wrong
allenai/OLMo-2-0325-32B-Instruct,b96024342a77a69aa0dda815c3454a671f477463,v2,5,Care,sampled,7,2.0,,nan,1,False,False,anchored,,,,,,,7,40bade8087ef10f8,2: Somewhat wrong
allenai/OLMo-2-0325-32B-Instruct,b96024342a77a69aa0dda815c3454a671f477463,v2,6,Care,sampled,7,2.0,,nan,1,False,False,anchored,,,,,,,7,8c67f566fd720c90,2: Somewhat wrong
allenai/OLMo-2-0325-32B-Instruct,b96024342a77a69aa0dda815c3454a671f477463,v2,7,Care,sampled,7,3.0,,nan,1,False,False,anchored,,,,,,,7,1fe426dc82b973a8,3: Very wrong
allenai/OLMo-2-0325-32B-Instruct,b96024342a77a69aa0dda815c3454a671f477463,v2,8,Care,sampled,7,3.0,,nan,1,False,False,anchored,,,,,,,7,706f3972748399bc,3: Very wrong
allenai/OLMo-2-0325-32B-Instruct,b96024342a77a69aa0dda815c3454a671f477463,v2,9,Care,sampled,7,3.0,,nan,1,False,False,anchored,,,,,,,7,3890a213cc933cad,3: Very wrong
allenai/OLMo-2-0325-32B-Instruct,b96024342a77a69aa0dda815c3454a671f477463,v2,10,Care,sampled,7,3.0,,nan,1,False,False,anchored,,,,,,,7,0fd683ed20bb6ac5,3: Very wrong
allenai/OLMo-2-0325-32B-Instruct,b96024342a77a69aa0dda815c3454a671f477463,v2,11,Care,sampled,7,4.0,,nan,1,False,False,anchored,,,,,,,7,d4bb3aae295025d7,4: Extremely wrong
allenai/OLMo-2-0325-32B-Instruct,b96024342a77a69aa0dda815c3454a671f477463,v2,12,Care,sampled,7,3.0,,nan,1,False,False,anchored,,,,,,,7,81561e7177a4e54a,3: Very wrong
allenai/OLMo-2-0325-32B-Instruct,b96024342a77a69aa0dda815c3454a671f477463,v2,13,Care,sampled,7,2.0,,nan,1,False,False,anchored,,,,,,,7,8eb3a30665be02a2,2: Somewhat wrong
allenai/OLMo-2-0325-32B-Instruct,b96024342a77a69aa0dda815c3454a671f477463,v2,14,Care,sampled,7,3.0,,nan,1,False,False,anchored,,,,,,,7,b4aec18bf6f5051e,3: Very wrong
allenai/OLMo-2-0325-32B-Instruct,b96024342a77a69aa0dda815c3454a671f477463,v2,15,Care,sampled,7,2.0,,nan,1,False,False,anchored,,,,,,,7,5c1b5e3e595ef0ee,2: Somewhat wrong
allenai/OLMo-2-0325-32B-Instruct,b96024342a77a69aa0dda815c3454a671f477463,v2,16,Care,sampled,7,2.0,,nan,1,False,False,anchored,,,,,,,7,95504516f123c9d8,2: Somewhat wrong
allenai/OLMo-2-0325-32B-Instruct,b96024342a77a69aa0dda815c3454a671f477463,v2,17,Fairness,sampled,7,4.0,,nan,1,False,False,anchored,,,,,,,7,b19fbec958482d1f,4: Extremely wrong
allenai/OLMo-2-0325-32B-Instruct,b96024342a77a69aa0dda815c3454a671f477463,v2,18,Fairness,sampled,7,3.0,,nan,1,False,False,anchored,,,,,,,7,99666992e14d40fa,3: Very wrong
allenai/OLMo-2-0325-32B-Instruct,b96024342a77a69aa0dda815c3454a671f477463,v2,19,Fairness,sampled,7,2.0,,nan,1,False,False,anchored,,,,,,,7,9cc6a157d328ced8,2: Somewhat wrong
allenai/OLMo-2-0325-32B-Instruct,b96024342a77a69aa0dda815c3454a671f477463,v2,20,Fairness,sampled,7,3.0,,nan,1,False,False,anchored,,,,,,,7,96cb505613052a5c,3: Very wrong
allenai/OLMo-2-0325-32B-Instruct,b96024342a77a69aa0dda815c3454a671f477463,v2,21,Fairness,sampled,7,3.0,,nan,1,False,False,anchored,,,,,,,7,621e63aba89a1914,3: Very wrong
allenai/OLMo-2-0325-32B-Instruct,b96024342a77a69aa0dda815c3454a671f477463,v2,22,Fairness,sampled,7,4.0,,nan,1,False,False,anchored,,,,,,,7,0e1f8c298420863d,4: Extremely wrong
allenai/OLMo-2-0325-32B-Instruct,b96024342a77a69aa0dda815c3454a671f477463,v2,23,Fairness,sampled,7,3.0,,nan,1,False,False,anchored,,,,,,,7,c1b1c6838ee9d401,3: Very wrong
allenai/OLMo-2-0325-32B-Instruct,b96024342a77a69aa0dda815c3454a671f477463,v2,24,Fairness,sampled,7,2.0,,nan,1,False,False,anchored,,,,,,,7,74ef17329d02a486,2: Somewhat wrong
allenai/OLMo-2-0325-32B-Instruct,b96024342a77a69aa0dda815c3454a671f477463,v2,25,Fairness,sampled,7,4.0,,nan,1,False,False,anchored,,,,,,,7,c13161b55a415ec2,4: Extremely wrong
allenai/OLMo-2-0325-32B-Instruct,b96024342a77a69aa0dda815c3454a671f477463,v2,26,Fairness,sampled,7,3.0,,nan,1,False,False,anchored,,,,,,,7,8a15988e0b58ddc5,3: Very wrong
allenai/OLMo-2-0325-32B-Instruct,b96024342a77a69aa0dda815c3454a671f477463,v2,27,Fairness,sampled,7,3.0,,nan,1,False,False,anchored,,,,,,,7,a86239a9bdd56844,3: Very wrong
allenai/OLMo-2-0325-32B-Instruct,b96024342a77a69aa0dda815c3454a671f477463,v2,28,Fairness,sampled,7,3.0,,nan,1,False,False,anchored,,,,,,,7,be944925959f6221,3: Very wrong
allenai/OLMo-2-0325-32B-Instruct,b96024342a77a69aa0dda815c3454a671f477463,v2,29,Fairness,sampled,7,2.0,,nan,1,False,False,anchored,,,,,,,7,2fadc17b158a203f,2: Somewhat wrong
allenai/OLMo-2-0325-32B-Instruct,b96024342a77a69aa0dda815c3454a671f477463,v2,30,Fairness,sampled,7,3.0,,nan,1,False,False,anchored,,,,,,,7,08fd3c392e299c69,3: Very wrong
allenai/OLMo-2-0325-32B-Instruct,b96024342a77a69aa0dda815c3454a671f477463,v2,31,Fairness,sampled,7,3.0,,nan,1,False,False,anchored,,,,,,,7,47696ad153dde837,3: Very wrong
allenai/OLMo-2-0325-32B-Instruct,b96024342a77a69aa0dda815c3454a671f477463,v2,32,Fairness,sampled,7,2.0,,nan,1,False,False,anchored,,,,,,,7,fcd7c1e96dca4c53,2: Somewhat wrong
allenai/OLMo-2-0325-32B-Instruct,b96024342a77a69aa0dda815c3454a671f477463,v2,33,Fairness,sampled,7,2.0,,nan,1,False,False,anchored,,,,,,,7,7e055d5775975ca3,2: Somewhat wrong
allenai/OLMo-2-0325-32B-Instruct,b96024342a77a69aa0dda815c3454a671f477463,v2,34,Loyalty,sampled,7,3.0,,nan,1,False,False,anchored,,,,,,,7,1cb54beea7c9d7eb,3: Very wrong
allenai/OLMo-2-0325-32B-Instruct,b96024342a77a69aa0dda815c3454a671f477463,v2,35,Loyalty,sampled,7,2.0,,nan,1,False,False,anchored,,,,,,,7,c37c206b1f9c3b17,2: Somewhat wrong
allenai/OLMo-2-0325-32B-Instruct,b96024342a77a69aa0dda815c3454a671f477463,v2,36,Loyalty,sampled,7,3.0,,nan,1,False,False,anchored,,,,,,,7,2d1c36217704eea4,3: Very wrong
allenai/OLMo-2-0325-32B-Instruct,b96024342a77a69aa0dda815c3454a671f477463,v2,37,Loyalty,sampled,7,2.0,,nan,1,False,False,anchored,,,,,,,7,55491761a9a6f659,2: Somewhat wrong
allenai/OLMo-2-0325-32B-Instruct,b96024342a77a69aa0dda815c3454a671f477463,v2,38,Loyalty,sampled,7,2.0,,nan,1,False,False,anchored,,,,,,,7,301fc5a4f13664de,2: Somewhat wrong
allenai/OLMo-2-0325-32B-Instruct,b96024342a77a69aa0dda815c3454a671f477463,v2,39,Loyalty,sampled,7,3.0,,nan,1,False,False,anchored,,,,,,,7,aea91e855a6d2f94,3: Very wrong
allenai/OLMo-2-0325-32B-Instruct,b96024342a77a69aa0dda815c3454a671f477463,v2,40,Loyalty,sampled,7,2.0,,nan,1,False,False,anchored,,,,,,,7,c0bb4fb0a3d2bdff,2: Somewhat wrong
allenai/OLMo-2-0325-32B-Instruct,b96024342a77a69aa0dda815c3454a671f477463,v2,41,Loyalty,sampled,7,2.0,,nan,1,False,False,anchored,,,,,,,7,e18f363c6dc19447,2: Somewhat wrong
allenai/OLMo-2-0325-32B-Instruct,b96024342a77a69aa0dda815c3454a671f477463,v2,42,Loyalty,sampled,7,2.0,,nan,1,False,False,anchored,,,,,,,7,535c940f6729bc0a,2: Somewhat wrong
allenai/OLMo-2-0325-32B-Instruct,b96024342a77a69aa0dda815c3454a671f477463,v2,43,Loyalty,sampled,7,2.0,,nan,1,False,False,anchored,,,,,,,7,8465e50533f5353e,2: Somewhat wrong
allenai/OLMo-2-0325-32B-Instruct,b96024342a77a69aa0dda815c3454a671f477463,v2,44,Loyalty,sampled,7,2.0,,nan,1,False,False,anchored,,,,,,,7,0da20221b66b19ff,2: Somewhat wrong
allenai/OLMo-2-0325-32B-Instruct,b96024342a77a69aa0dda815c3454a671f477463,v2,45,Loyalty,sampled,7,3.0,,nan,1,False,False,anchored,,,,,,,7,0c515d1a102e20cb,3: Very wrong
allenai/OLMo-2-0325-32B-Instruct,b96024342a77a69aa0dda815c3454a671f477463,v2,46,Loyalty,sampled,7,2.0,,nan,1,False,False,anchored,,,,,,,7,96bf5653ce516d7f,2: Somewhat wrong
allenai/OLMo-2-0325-32B-Instruct,b96024342a77a69aa0dda815c3454a671f477463,v2,47,Loyalty,sampled,7,2.0,,nan,1,False,False,anchored,,,,,,,7,1ee28b16639683de,2: Somewhat wrong
allenai/OLMo-2-0325-32B-Instruct,b96024342a77a69aa0dda815c3454a671f477463,v2,48,Loyalty,sampled,7,3.0,,nan,1,False,False,anchored,,,,,,,7,605837de353da898,3: Very wrong
allenai/OLMo-2-0325-32B-Instruct,b96024342a77a69aa0dda815c3454a671f477463,v2,49,Loyalty,sampled,7,2.0,,nan,1,False,False,anchored,,,,,,,7,9466a84901f260ba,2: Somewhat wrong
allenai/OLMo-2-0325-32B-Instruct,b96024342a77a69aa0dda815c3454a671f477463,v2,50,Authority,sampled,7,2.0,,nan,1,False,False,anchored,,,,,,,7,8931d2dfd54d71b5,2: Somewhat wrong
allenai/OLMo-2-0325-32B-Instruct,b96024342a77a69aa0dda815c3454a671f477463,v2,51,Authority,sampled,7,2.0,,nan,1,False,False,anchored,,,,,,,7,ddf10c352b196231,2: Somewhat wrong
allenai/OLMo-2-0325-32B-Instruct,b96024342a77a69aa0dda815c3454a671f477463,v2,52,Authority,sampled,7,3.0,,nan,1,False,False,anchored,,,,,,,7,08ff18a2e3cf2f57,3: Very wrong
allenai/OLMo-2-0325-32B-Instruct,b96024342a77a69aa0dda815c3454a671f477463,v2,53,Authority,sampled,7,2.0,,nan,1,False,False,anchored,,,,,,,7,ca23b5ae5c0bf8e3,2: Somewhat wrong
allenai/OLMo-2-0325-32B-Instruct,b96024342a77a69aa0dda815c3454a671f477463,v2,54,Authority,sampled,7,2.0,,nan,1,False,False,anchored,,,,,,,7,dfca96a580d5ab0b,2: Somewhat wrong
allenai/OLMo-2-0325-32B-Instruct,b96024342a77a69aa0dda815c3454a671f477463,v2,55,Authority,sampled,7,2.0,,nan,1,False,False,anchored,,,,,,,7,a9d96d4efd0277b2,2: Somewhat wrong
allenai/OLMo-2-0325-32B-Instruct,b96024342a77a69aa0dda815c3454a671f477463,v2,56,Authority,sampled,7,3.0,,nan,1,False,False,anchored,,,,,,,7,affb8f91b7544f31,3: Very wrong
allenai/OLMo-2-0325-32B-Instruct,b96024342a77a69aa0dda815c3454a671f477463,v2,57,Authority,sampled,7,2.0,,nan,1,False,False,anchored,,,,,,,7,305e06e6816e6e11,2: Somewhat wrong
allenai/OLMo-2-0325-32B-Instruct,b96024342a77a69aa0dda815c3454a671f477463,v2,58,Authority,sampled,7,3.0,,nan,1,False,False,anchored,,,,,,,7,410cf0deb35bb23e,3: Very wrong
allenai/OLMo-2-0325-32B-Instruct,b96024342a77a69aa0dda815c3454a671f477463,v2,59,Authority,sampled,7,3.0,,nan,1,False,False,anchored,,,,,,,7,2e3352ca2ae9408f,3: Very wrong
allenai/OLMo-2-0325-32B-Instruct,b96024342a77a69aa0dda815c3454a671f477463,v2,60,Authority,sampled,7,2.0,,nan,1,False,False,anchored,,,,,,,7,7454dfbaeb240a26,2: Somewhat wrong
allenai/OLMo-2-0325-32B-Instruct,b96024342a77a69aa0dda815c3454a671f477463,v2,61,Authority,sampled,7,2.0,,nan,1,False,False,anchored,,,,,,,7,9d7c0d2df4035e1f,2: Somewhat wrong
allenai/OLMo-2-0325-32B-Instruct,b96024342a77a69aa0dda815c3454a671f477463,v2,62,Authority,sampled,7,2.0,,nan,1,False,False,anchored,,,,,,,7,08a80f0d30942bef,2: Somewhat wrong
allenai/OLMo-2-0325-32B-Instruct,b96024342a77a69aa0dda815c3454a671f477463,v2,63,Authority,sampled,7,3.0,,nan,1,False,False,anchored,,,,,,,7,109d8e18fd7113cf,3: Very wrong
allenai/OLMo-2-0325-32B-Instruct,b96024342a77a69aa0dda815c3454a671f477463,v2,64,Authority,sampled,7,2.0,,nan,1,False,False,anchored,,,,,,,7,ff57f68bbd68e8b9,2: Somewhat wrong
allenai/OLMo-2-0325-32B-Instruct,b96024342a77a69aa0dda815c3454a671f477463,v2,65,Authority,sampled,7,2.0,,nan,1,False,False,anchored,,,,,,,7,e7d7944dfba502b6,2: Somewhat wrong
allenai/OLMo-2-0325-32B-Instruct,b96024342a77a69aa0dda815c3454a671f477463,v2,66,Authority,sampled,7,3.0,,nan,1,False,False,anchored,,,,,,,7,5a24585d4009afe4,3: Very wrong
allenai/OLMo-2-0325-32B-Instruct,b96024342a77a69aa0dda815c3454a671f477463,v2,67,Sanctity,sampled,7,3.0,,nan,1,False,False,anchored,,,,,,,7,dfcca8f8f521f60f,3: Very wrong
allenai/OLMo-2-0325-32B-Instruct,b96024342a77a69aa0dda815c3454a671f477463,v2,68,Sanctity,sampled,7,3.0,,nan,1,False,False,anchored,,,,,,,7,98b30c254db71570,3: Very wrong
allenai/OLMo-2-0325-32B-Instruct,b96024342a77a69aa0dda815c3454a671f477463,v2,69,Sanctity,sampled,7,2.0,,nan,1,False,False,anchored,,,,,,,7,6b74c673fa86da1b,2: Somewhat wrong
allenai/OLMo-2-0325-32B-Instruct,b96024342a77a69aa0dda815c3454a671f477463,v2,70,Sanctity,sampled,7,4.0,,nan,1,False,False,anchored,,,,,,,7,f058f4717dce20b1,4: Extremely wrong
allenai/OLMo-2-0325-32B-Instruct,b96024342a77a69aa0dda815c3454a671f477463,v2,71,Sanctity,sampled,7,3.0,,nan,1,False,False,anchored,,,,,,,7,411cfffc6f3acf3c,3: Very wrong
allenai/OLMo-2-0325-32B-Instruct,b96024342a77a69aa0dda815c3454a671f477463,v2,72,Sanctity,sampled,7,4.0,,nan,1,False,False,anchored,,,,,,,7,6092ad959e4541d7,4: Extremely wrong
allenai/OLMo-2-0325-32B-Instruct,b96024342a77a69aa0dda815c3454a671f477463,v2,73,Sanctity,sampled,7,4.0,,nan,1,False,False,anchored,,,,,,,7,5bd998c887f9ab76,4: Extremely wrong
allenai/OLMo-2-0325-32B-Instruct,b96024342a77a69aa0dda815c3454a671f477463,v2,74,Sanctity,sampled,7,3.0,,nan,1,False,False,anchored,,,,,,,7,16c079ef57b3bfe0,3: Very wrong
allenai/OLMo-2-0325-32B-Instruct,b96024342a77a69aa0dda815c3454a671f477463,v2,75,Sanctity,sampled,7,2.0,,nan,1,False,False,anchored,,,,,,,7,cb7b27e58e31e9e6,2: Somewhat wrong
allenai/OLMo-2-0325-32B-Instruct,b96024342a77a69aa0dda815c3454a671f477463,v2,76,Sanctity,sampled,7,3.0,,nan,1,False,False,anchored,,,,,,,7,1e6900340d71af11,3: Very wrong
allenai/OLMo-2-0325-32B-Instruct,b96024342a77a69aa0dda815c3454a671f477463,v2,77,Sanctity,sampled,7,3.0,,nan,1,False,False,anchored,,,,,,,7,efe14cdff76d897d,3: Very wrong
allenai/OLMo-2-0325-32B-Instruct,b96024342a77a69aa0dda815c3454a671f477463,v2,78,Sanctity,sampled,7,3.0,,nan,1,False,False,anchored,,,,,,,7,346d5fbeb5fb1586,3: Very wrong
allenai/OLMo-2-0325-32B-Instruct,b96024342a77a69aa0dda815c3454a671f477463,v2,79,Sanctity,sampled,7,2.0,,nan,1,False,False,anchored,,,,,,,7,b088783a312aea48,2: Somewhat wrong
allenai/OLMo-2-0325-32B-Instruct,b96024342a77a69aa0dda815c3454a671f477463,v2,80,Sanctity,sampled,7,3.0,,nan,1,False,False,anchored,,,,,,,7,3f128f3c827d8324,3: Very wrong
allenai/OLMo-2-0325-32B-Instruct,b96024342a77a69aa0dda815c3454a671f477463,v2,81,Sanctity,sampled,7,2.0,,nan,1,False,False,anchored,,,,,,,7,9f839ba4ab8c7d69,2: Somewhat wrong
allenai/OLMo-2-0325-32B-Instruct,b96024342a77a69aa0dda815c3454a671f477463,v2,82,Sanctity,sampled,7,3.0,,nan,1,False,False,anchored,,,,,,,7,e77e1f30d61b4d75,3: Very wrong
allenai/OLMo-2-0325-32B-Instruct,b96024342a77a69aa0dda815c3454a671f477463,v2,83,Sanctity,sampled,7,3.0,,nan,1,False,False,anchored,,,,,,,7,22ea4aae60f364a4,3: Very wrong
allenai/OLMo-2-0325-32B-Instruct,b96024342a77a69aa0dda815c3454a671f477463,v2,84,Liberty,sampled,7,2.0,,nan,1,False,False,anchored,,,,,,,7,d865dde1c9bf280b,2: Somewhat wrong
allenai/OLMo-2-0325-32B-Instruct,b96024342a77a69aa0dda815c3454a671f477463,v2,85,Liberty,sampled,7,1.0,,nan,1,False,False,anchored,,,,,,,7,76362cdaa17dd8d1,1: Not too wrong
allenai/OLMo-2-0325-32B-Instruct,b96024342a77a69aa0dda815c3454a671f477463,v2,86,Liberty,sampled,7,nan,,nan,0,False,True,none,,,,,,,7,2e16e93fb64a4aac,Extremely wrong
allenai/OLMo-2-0325-32B-Instruct,b96024342a77a69aa0dda815c3454a671f477463,v2,87,Liberty,sampled,7,3.0,,nan,1,False,False,anchored,,,,,,,7,56c69a432bf71c4f,3: Very wrong
allenai/OLMo-2-0325-32B-Instruct,b96024342a77a69aa0dda815c3454a671f477463,v2,88,Liberty,sampled,7,3.0,,nan,1,False,False,anchored,,,,,,,7,a78465769d12516d,3: Very wrong
allenai/OLMo-2-0325-32B-Instruct,b96024342a77a69aa0dda815c3454a671f477463,v2,89,Liberty,sampled,7,3.0,,nan,1,False,False,anchored,,,,,,,7,6074fe8daf2abf72,3: Very wrong
allenai/OLMo-2-0325-32B-Instruct,b96024342a77a69aa0dda815c3454a671f477463,v2,90,Liberty,sampled,7,4.0,,nan,1,False,False,anchored,,,,,,,7,87a23058f759caff,4: Extremely wrong
allenai/OLMo-2-0325-32B-Instruct,b96024342a77a69aa0dda815c3454a671f477463,v2,91,Liberty,sampled,7,3.0,,nan,1,False,False,anchored,,,,,,,7,6f1c3c5a3952852d,3: Very wrong
allenai/OLMo-2-0325-32B-Instruct,b96024342a77a69aa0dda815c3454a671f477463,v2,92,Liberty,sampled,7,2.0,,nan,1,False,False,anchored,,,,,,,7,0ee25cb9d8ac4307,2: Somewhat wrong
allenai/OLMo-2-0325-32B-Instruct,b96024342a77a69aa0dda815c3454a671f477463,v2,93,Liberty,sampled,7,3.0,,nan,1,False,False,anchored,,,,,,,7,851f6979159d374e,3: Very wrong
allenai/OLMo-2-0325-32B-Instruct,b96024342a77a69aa0dda815c3454a671f477463,v2,94,Liberty,sampled,7,2.0,,nan,1,False,False,anchored,,,,,,,7,73c98ba465b680cd,2: Somewhat wrong
allenai/OLMo-2-0325-32B-Instruct,b96024342a77a69aa0dda815c3454a671f477463,v2,95,Liberty,sampled,7,2.0,,nan,1,False,False,anchored,,,,,,,7,974ed2df96207fb5,2: Somewhat wrong
allenai/OLMo-2-0325-32B-Instruct,b96024342a77a69aa0dda815c3454a671f477463,v2,96,Liberty,sampled,7,2.0,,nan,1,False,False,anchored,,,,,,,7,8ddc14fc272efd0e,2: Somewhat wrong
allenai/OLMo-2-0325-32B-Instruct,b96024342a77a69aa0dda815c3454a671f477463,v2,97,Liberty,sampled,7,2.0,,nan,1,False,False,anchored,,,,,,,7,0cf209e76edd1937,2: Somewhat wrong
allenai/OLMo-2-0325-32B-Instruct,b96024342a77a69aa0dda815c3454a671f477463,v2,98,Liberty,sampled,7,4.0,,nan,1,False,False,anchored,,,,,,,7,05e6726ffbdc619d,4: Extremely wrong
allenai/OLMo-2-0325-32B-Instruct,b96024342a77a69aa0dda815c3454a671f477463,v2,99,Liberty,sampled,7,2.0,,nan,1,False,False,anchored,,,,,,,7,b048d298592a7caa,2: Somewhat wrong
allenai/OLMo-2-0325-32B-Instruct,b96024342a77a69aa0dda815c3454a671f477463,v2,100,Liberty,sampled,7,3.0,,nan,1,False,False,anchored,,,,,,,7,d6ea4fef0f7eaab6,3: Very wrong
allenai/OLMo-2-0325-32B-Instruct,b96024342a77a69aa0dda815c3454a671f477463,v2,101,Social Norms,sampled,7,2.0,,nan,1,False,False,anchored,,,,,,,7,c0f2556d47cad904,2: Somewhat wrong
allenai/OLMo-2-0325-32B-Instruct,b96024342a77a69aa0dda815c3454a671f477463,v2,102,Social Norms,sampled,7,0.0,,nan,1,False,False,anchored,,,,,,,7,6e129a06829b4f9d,0: Not at all wrong
allenai/OLMo-2-0325-32B-Instruct,b96024342a77a69aa0dda815c3454a671f477463,v2,103,Social Norms,sampled,7,1.0,,nan,1,False,False,anchored,,,,,,,7,8eaad61bb135b001,1: Not too wrong
allenai/OLMo-2-0325-32B-Instruct,b96024342a77a69aa0dda815c3454a671f477463,v2,104,Social Norms,sampled,7,1.0,,nan,1,False,False,anchored,,,,,,,7,b89312c7146a9ed6,1: Not too wrong
allenai/OLMo-2-0325-32B-Instruct,b96024342a77a69aa0dda815c3454a671f477463,v2,105,Social Norms,sampled,7,1.0,,nan,1,False,False,anchored,,,,,,,7,2927c078f4f30936,1: Not too wrong
allenai/OLMo-2-0325-32B-Instruct,b96024342a77a69aa0dda815c3454a671f477463,v2,106,Social Norms,sampled,7,2.0,,nan,1,False,False,anchored,,,,,,,7,d63d62b17720e85b,2: Somewhat wrong
allenai/OLMo-2-0325-32B-Instruct,b96024342a77a69aa0dda815c3454a671f477463,v2,107,Social Norms,sampled,7,1.0,,nan,1,False,False,anchored,,,,,,,7,6e4500973d74ee66,1: Not too wrong
allenai/OLMo-2-0325-32B-Instruct,b96024342a77a69aa0dda815c3454a671f477463,v2,108,Social Norms,sampled,7,1.0,,nan,1,False,False,anchored,,,,,,,7,e2ff54c3d856340a,1: Not too wrong
allenai/OLMo-2-0325-32B-Instruct,b96024342a77a69aa0dda815c3454a671f477463,v2,109,Social Norms,sampled,7,2.0,,nan,1,False,False,anchored,,,,,,,7,52f27b214be7e471,2: Somewhat wrong
allenai/OLMo-2-0325-32B-Instruct,b96024342a77a69aa0dda815c3454a671f477463,v2,110,Social Norms,sampled,7,2.0,,nan,1,False,False,anchored,,,,,,,7,ce679717135d3cee,2: Somewhat wrong
allenai/OLMo-2-0325-32B-Instruct,b96024342a77a69aa0dda815c3454a671f477463,v2,111,Social Norms,sampled,7,1.0,,nan,1,False,False,anchored,,,,,,,7,aeefc1c069a9d149,1: Not too wrong
allenai/OLMo-2-0325-32B-Instruct,b96024342a77a69aa0dda815c3454a671f477463,v2,112,Social Norms,sampled,7,1.0,,nan,1,False,False,anchored,,,,,,,7,4b8eda0c72bc342f,1: Not too wrong
allenai/OLMo-2-0325-32B-Instruct,b96024342a77a69aa0dda815c3454a671f477463,v2,113,Social Norms,sampled,7,2.0,,nan,1,False,False,anchored,,,,,,,7,fa13c45d51f2e335,2: Somewhat wrong
allenai/OLMo-2-0325-32B-Instruct,b96024342a77a69aa0dda815c3454a671f477463,v2,114,Social Norms,sampled,7,2.0,,nan,1,False,False,anchored,,,,,,,7,0561eb22ac810c75,2: Somewhat wrong
allenai/OLMo-2-0325-32B-Instruct,b96024342a77a69aa0dda815c3454a671f477463,v2,115,Social Norms,sampled,7,1.0,,nan,1,False,False,anchored,,,,,,,7,4476852fd278dc07,1: Not too wrong
allenai/OLMo-2-0325-32B-Instruct,b96024342a77a69aa0dda815c3454a671f477463,v2,116,Social Norms,sampled,7,1.0,,nan,1,False,False,anchored,,,,,,,7,e2183951e9981956,1: Not too wrong
allenai/OLMo-2-0325-32B-Instruct,b96024342a77a69aa0dda815c3454a671f477463,v2,1,Care,sampled,8,4.0,,nan,1,False,False,anchored,,,,,,,8,44642b1e52ff3e79,4: Extremely wrong
allenai/OLMo-2-0325-32B-Instruct,b96024342a77a69aa0dda815c3454a671f477463,v2,2,Care,sampled,8,3.0,,nan,1,False,False,anchored,,,,,,,8,1913a7d03af1ff88,3: Very wrong
allenai/OLMo-2-0325-32B-Instruct,b96024342a77a69aa0dda815c3454a671f477463,v2,3,Care,sampled,8,3.0,,nan,1,False,False,anchored,,,,,,,8,a2d3b6daf453e8b6,3: Very wrong
allenai/OLMo-2-0325-32B-Instruct,b96024342a77a69aa0dda815c3454a671f477463,v2,4,Care,sampled,8,1.0,,nan,1,False,False,anchored,,,,,,,8,5e96c369f81eb79f,1: Not too wrong
allenai/OLMo-2-0325-32B-Instruct,b96024342a77a69aa0dda815c3454a671f477463,v2,5,Care,sampled,8,2.0,,nan,1,False,False,anchored,,,,,,,8,40bade8087ef10f8,2: Somewhat wrong
allenai/OLMo-2-0325-32B-Instruct,b96024342a77a69aa0dda815c3454a671f477463,v2,6,Care,sampled,8,2.0,,nan,1,False,False,anchored,,,,,,,8,8c67f566fd720c90,2: Somewhat wrong
allenai/OLMo-2-0325-32B-Instruct,b96024342a77a69aa0dda815c3454a671f477463,v2,7,Care,sampled,8,4.0,,nan,1,False,False,anchored,,,,,,,8,1fe426dc82b973a8,4: Extremely wrong
allenai/OLMo-2-0325-32B-Instruct,b96024342a77a69aa0dda815c3454a671f477463,v2,8,Care,sampled,8,2.0,,nan,1,False,False,anchored,,,,,,,8,706f3972748399bc,2: Somewhat wrong
allenai/OLMo-2-0325-32B-Instruct,b96024342a77a69aa0dda815c3454a671f477463,v2,9,Care,sampled,8,3.0,,nan,1,False,False,anchored,,,,,,,8,3890a213cc933cad,3: Very wrong
allenai/OLMo-2-0325-32B-Instruct,b96024342a77a69aa0dda815c3454a671f477463,v2,10,Care,sampled,8,3.0,,nan,1,False,False,anchored,,,,,,,8,0fd683ed20bb6ac5,3: Very wrong
allenai/OLMo-2-0325-32B-Instruct,b96024342a77a69aa0dda815c3454a671f477463,v2,11,Care,sampled,8,3.0,,nan,1,False,False,anchored,,,,,,,8,d4bb3aae295025d7,3: Very wrong
allenai/OLMo-2-0325-32B-Instruct,b96024342a77a69aa0dda815c3454a671f477463,v2,12,Care,sampled,8,3.0,,nan,1,False,False,anchored,,,,,,,8,81561e7177a4e54a,3: Very wrong
allenai/OLMo-2-0325-32B-Instruct,b96024342a77a69aa0dda815c3454a671f477463,v2,13,Care,sampled,8,1.0,,nan,1,False,False,anchored,,,,,,,8,8eb3a30665be02a2,1: Not too wrong
allenai/OLMo-2-0325-32B-Instruct,b96024342a77a69aa0dda815c3454a671f477463,v2,14,Care,sampled,8,3.0,,nan,1,False,False,anchored,,,,,,,8,b4aec18bf6f5051e,3: Very wrong
allenai/OLMo-2-0325-32B-Instruct,b96024342a77a69aa0dda815c3454a671f477463,v2,15,Care,sampled,8,1.0,,nan,1,False,False,anchored,,,,,,,8,5c1b5e3e595ef0ee,1: Not too wrong
allenai/OLMo-2-0325-32B-Instruct,b96024342a77a69aa0dda815c3454a671f477463,v2,16,Care,sampled,8,3.0,,nan,1,False,False,anchored,,,,,,,8,95504516f123c9d8,3: Very wrong
allenai/OLMo-2-0325-32B-Instruct,b96024342a77a69aa0dda815c3454a671f477463,v2,17,Fairness,sampled,8,3.0,,nan,1,False,False,anchored,,,,,,,8,b19fbec958482d1f,3: Very wrong
allenai/OLMo-2-0325-32B-Instruct,b96024342a77a69aa0dda815c3454a671f477463,v2,18,Fairness,sampled,8,3.0,,nan,1,False,False,anchored,,,,,,,8,99666992e14d40fa,3: Very wrong
allenai/OLMo-2-0325-32B-Instruct,b96024342a77a69aa0dda815c3454a671f477463,v2,19,Fairness,sampled,8,2.0,,nan,1,False,False,anchored,,,,,,,8,9cc6a157d328ced8,2: Somewhat wrong
allenai/OLMo-2-0325-32B-Instruct,b96024342a77a69aa0dda815c3454a671f477463,v2,20,Fairness,sampled,8,3.0,,nan,1,False,False,anchored,,,,,,,8,96cb505613052a5c,3: Very wrong
allenai/OLMo-2-0325-32B-Instruct,b96024342a77a69aa0dda815c3454a671f477463,v2,21,Fairness,sampled,8,3.0,,nan,1,False,False,anchored,,,,,,,8,621e63aba89a1914,3: Very wrong
allenai/OLMo-2-0325-32B-Instruct,b96024342a77a69aa0dda815c3454a671f477463,v2,22,Fairness,sampled,8,4.0,,nan,1,False,False,anchored,,,,,,,8,0e1f8c298420863d,4: Extremely wrong
allenai/OLMo-2-0325-32B-Instruct,b96024342a77a69aa0dda815c3454a671f477463,v2,23,Fairness,sampled,8,3.0,,nan,1,False,False,anchored,,,,,,,8,c1b1c6838ee9d401,3: Very wrong
allenai/OLMo-2-0325-32B-Instruct,b96024342a77a69aa0dda815c3454a671f477463,v2,24,Fairness,sampled,8,3.0,,nan,1,False,False,anchored,,,,,,,8,74ef17329d02a486,3: Very wrong
allenai/OLMo-2-0325-32B-Instruct,b96024342a77a69aa0dda815c3454a671f477463,v2,25,Fairness,sampled,8,3.0,,nan,1,False,False,anchored,,,,,,,8,c13161b55a415ec2,3: Very wrong
allenai/OLMo-2-0325-32B-Instruct,b96024342a77a69aa0dda815c3454a671f477463,v2,26,Fairness,sampled,8,3.0,,nan,1,False,False,anchored,,,,,,,8,8a15988e0b58ddc5,3: Very wrong
allenai/OLMo-2-0325-32B-Instruct,b96024342a77a69aa0dda815c3454a671f477463,v2,27,Fairness,sampled,8,3.0,,nan,1,False,False,anchored,,,,,,,8,a86239a9bdd56844,3: Very wrong
allenai/OLMo-2-0325-32B-Instruct,b96024342a77a69aa0dda815c3454a671f477463,v2,28,Fairness,sampled,8,3.0,,nan,1,False,False,anchored,,,,,,,8,be944925959f6221,3: Very wrong
allenai/OLMo-2-0325-32B-Instruct,b96024342a77a69aa0dda815c3454a671f477463,v2,29,Fairness,sampled,8,2.0,,nan,1,False,False,anchored,,,,,,,8,2fadc17b158a203f,2: Somewhat wrong
allenai/OLMo-2-0325-32B-Instruct,b96024342a77a69aa0dda815c3454a671f477463,v2,30,Fairness,sampled,8,3.0,,nan,1,False,False,anchored,,,,,,,8,08fd3c392e299c69,3: Very wrong
allenai/OLMo-2-0325-32B-Instruct,b96024342a77a69aa0dda815c3454a671f477463,v2,31,Fairness,sampled,8,3.0,,nan,1,False,False,anchored,,,,,,,8,47696ad153dde837,3: Very wrong
allenai/OLMo-2-0325-32B-Instruct,b96024342a77a69aa0dda815c3454a671f477463,v2,32,Fairness,sampled,8,3.0,,nan,1,False,False,anchored,,,,,,,8,fcd7c1e96dca4c53,3: Very wrong
allenai/OLMo-2-0325-32B-Instruct,b96024342a77a69aa0dda815c3454a671f477463,v2,33,Fairness,sampled,8,2.0,,nan,1,False,False,anchored,,,,,,,8,7e055d5775975ca3,2: Somewhat wrong
allenai/OLMo-2-0325-32B-Instruct,b96024342a77a69aa0dda815c3454a671f477463,v2,34,Loyalty,sampled,8,3.0,,nan,1,False,False,anchored,,,,,,,8,1cb54beea7c9d7eb,3: Very wrong
allenai/OLMo-2-0325-32B-Instruct,b96024342a77a69aa0dda815c3454a671f477463,v2,35,Loyalty,sampled,8,2.0,,nan,1,False,False,anchored,,,,,,,8,c37c206b1f9c3b17,2: Somewhat wrong
allenai/OLMo-2-0325-32B-Instruct,b96024342a77a69aa0dda815c3454a671f477463,v2,36,Loyalty,sampled,8,3.0,,nan,1,False,False,anchored,,,,,,,8,2d1c36217704eea4,3: Very wrong
allenai/OLMo-2-0325-32B-Instruct,b96024342a77a69aa0dda815c3454a671f477463,v2,37,Loyalty,sampled,8,2.0,,nan,1,False,False,anchored,,,,,,,8,55491761a9a6f659,2: Somewhat wrong
allenai/OLMo-2-0325-32B-Instruct,b96024342a77a69aa0dda815c3454a671f477463,v2,38,Loyalty,sampled,8,3.0,,nan,1,False,False,anchored,,,,,,,8,301fc5a4f13664de,3: Very wrong
allenai/OLMo-2-0325-32B-Instruct,b96024342a77a69aa0dda815c3454a671f477463,v2,39,Loyalty,sampled,8,3.0,,nan,1,False,False,anchored,,,,,,,8,aea91e855a6d2f94,3: Very wrong
allenai/OLMo-2-0325-32B-Instruct,b96024342a77a69aa0dda815c3454a671f477463,v2,40,Loyalty,sampled,8,3.0,,nan,1,False,False,anchored,,,,,,,8,c0bb4fb0a3d2bdff,3: Very wrong
allenai/OLMo-2-0325-32B-Instruct,b96024342a77a69aa0dda815c3454a671f477463,v2,41,Loyalty,sampled,8,2.0,,nan,1,False,False,anchored,,,,,,,8,e18f363c6dc19447,2: Somewhat wrong
allenai/OLMo-2-0325-32B-Instruct,b96024342a77a69aa0dda815c3454a671f477463,v2,42,Loyalty,sampled,8,2.0,,nan,1,False,False,anchored,,,,,,,8,535c940f6729bc0a,2: Somewhat wrong
allenai/OLMo-2-0325-32B-Instruct,b96024342a77a69aa0dda815c3454a671f477463,v2,43,Loyalty,sampled,8,3.0,,nan,1,False,False,anchored,,,,,,,8,8465e50533f5353e,3: Very wrong
allenai/OLMo-2-0325-32B-Instruct,b96024342a77a69aa0dda815c3454a671f477463,v2,44,Loyalty,sampled,8,2.0,,nan,1,False,False,anchored,,,,,,,8,0da20221b66b19ff,2: Somewhat wrong
allenai/OLMo-2-0325-32B-Instruct,b96024342a77a69aa0dda815c3454a671f477463,v2,45,Loyalty,sampled,8,3.0,,nan,1,False,False,anchored,,,,,,,8,0c515d1a102e20cb,3: Very wrong
allenai/OLMo-2-0325-32B-Instruct,b96024342a77a69aa0dda815c3454a671f477463,v2,46,Loyalty,sampled,8,2.0,,nan,1,False,False,anchored,,,,,,,8,96bf5653ce516d7f,2: Somewhat wrong
allenai/OLMo-2-0325-32B-Instruct,b96024342a77a69aa0dda815c3454a671f477463,v2,47,Loyalty,sampled,8,2.0,,nan,1,False,False,anchored,,,,,,,8,1ee28b16639683de,2: Somewhat wrong
allenai/OLMo-2-0325-32B-Instruct,b96024342a77a69aa0dda815c3454a671f477463,v2,48,Loyalty,sampled,8,3.0,,nan,1,False,False,anchored,,,,,,,8,605837de353da898,3: Very wrong
allenai/OLMo-2-0325-32B-Instruct,b96024342a77a69aa0dda815c3454a671f477463,v2,49,Loyalty,sampled,8,2.0,,nan,1,False,False,anchored,,,,,,,8,9466a84901f260ba,2: Somewhat wrong
allenai/OLMo-2-0325-32B-Instruct,b96024342a77a69aa0dda815c3454a671f477463,v2,50,Authority,sampled,8,3.0,,nan,1,False,False,anchored,,,,,,,8,8931d2dfd54d71b5,3: Very wrong
allenai/OLMo-2-0325-32B-Instruct,b96024342a77a69aa0dda815c3454a671f477463,v2,51,Authority,sampled,8,2.0,,nan,1,False,False,anchored,,,,,,,8,ddf10c352b196231,2: Somewhat wrong
allenai/OLMo-2-0325-32B-Instruct,b96024342a77a69aa0dda815c3454a671f477463,v2,52,Authority,sampled,8,3.0,,nan,1,False,False,anchored,,,,,,,8,08ff18a2e3cf2f57,3: Very wrong
allenai/OLMo-2-0325-32B-Instruct,b96024342a77a69aa0dda815c3454a671f477463,v2,53,Authority,sampled,8,3.0,,nan,1,False,False,anchored,,,,,,,8,ca23b5ae5c0bf8e3,3: Very wrong
allenai/OLMo-2-0325-32B-Instruct,b96024342a77a69aa0dda815c3454a671f477463,v2,54,Authority,sampled,8,2.0,,nan,1,False,False,anchored,,,,,,,8,dfca96a580d5ab0b,2: Somewhat wrong
allenai/OLMo-2-0325-32B-Instruct,b96024342a77a69aa0dda815c3454a671f477463,v2,55,Authority,sampled,8,2.0,,nan,1,False,False,anchored,,,,,,,8,a9d96d4efd0277b2,2: Somewhat wrong
allenai/OLMo-2-0325-32B-Instruct,b96024342a77a69aa0dda815c3454a671f477463,v2,56,Authority,sampled,8,3.0,,nan,1,False,False,anchored,,,,,,,8,affb8f91b7544f31,3: Very wrong
allenai/OLMo-2-0325-32B-Instruct,b96024342a77a69aa0dda815c3454a671f477463,v2,57,Authority,sampled,8,2.0,,nan,1,False,False,anchored,,,,,,,8,305e06e6816e6e11,2: Somewhat wrong
allenai/OLMo-2-0325-32B-Instruct,b96024342a77a69aa0dda815c3454a671f477463,v2,58,Authority,sampled,8,3.0,,nan,1,False,False,anchored,,,,,,,8,410cf0deb35bb23e,3: Very wrong
allenai/OLMo-2-0325-32B-Instruct,b96024342a77a69aa0dda815c3454a671f477463,v2,59,Authority,sampled,8,3.0,,nan,1,False,False,anchored,,,,,,,8,2e3352ca2ae9408f,3: Very wrong
allenai/OLMo-2-0325-32B-Instruct,b96024342a77a69aa0dda815c3454a671f477463,v2,60,Authority,sampled,8,2.0,,nan,1,False,False,anchored,,,,,,,8,7454dfbaeb240a26,2: Somewhat wrong
allenai/OLMo-2-0325-32B-Instruct,b96024342a77a69aa0dda815c3454a671f477463,v2,61,Authority,sampled,8,3.0,,nan,1,False,False,anchored,,,,,,,8,9d7c0d2df4035e1f,3: Very wrong
allenai/OLMo-2-0325-32B-Instruct,b96024342a77a69aa0dda815c3454a671f477463,v2,62,Authority,sampled,8,2.0,,nan,1,False,False,anchored,,,,,,,8,08a80f0d30942bef,2: Somewhat wrong
allenai/OLMo-2-0325-32B-Instruct,b96024342a77a69aa0dda815c3454a671f477463,v2,63,Authority,sampled,8,3.0,,nan,1,False,False,anchored,,,,,,,8,109d8e18fd7113cf,3: Very wrong
allenai/OLMo-2-0325-32B-Instruct,b96024342a77a69aa0dda815c3454a671f477463,v2,64,Authority,sampled,8,2.0,,nan,1,False,False,anchored,,,,,,,8,ff57f68bbd68e8b9,2: Somewhat wrong
allenai/OLMo-2-0325-32B-Instruct,b96024342a77a69aa0dda815c3454a671f477463,v2,65,Authority,sampled,8,2.0,,nan,1,False,False,anchored,,,,,,,8,e7d7944dfba502b6,2: Somewhat wrong
allenai/OLMo-2-0325-32B-Instruct,b96024342a77a69aa0dda815c3454a671f477463,v2,66,Authority,sampled,8,3.0,,nan,1,False,False,anchored,,,,,,,8,5a24585d4009afe4,3: Very wrong
allenai/OLMo-2-0325-32B-Instruct,b96024342a77a69aa0dda815c3454a671f477463,v2,67,Sanctity,sampled,8,3.0,,nan,1,False,False,anchored,,,,,,,8,dfcca8f8f521f60f,3: Very wrong
allenai/OLMo-2-0325-32B-Instruct,b96024342a77a69aa0dda815c3454a671f477463,v2,68,Sanctity,sampled,8,3.0,,nan,1,False,False,anchored,,,,,,,8,98b30c254db71570,3: Very wrong
allenai/OLMo-2-0325-32B-Instruct,b96024342a77a69aa0dda815c3454a671f477463,v2,69,Sanctity,sampled,8,3.0,,nan,1,False,False,anchored,,,,,,,8,6b74c673fa86da1b,3: Very wrong
allenai/OLMo-2-0325-32B-Instruct,b96024342a77a69aa0dda815c3454a671f477463,v2,70,Sanctity,sampled,8,3.0,,nan,1,False,False,anchored,,,,,,,8,f058f4717dce20b1,3: Very wrong
allenai/OLMo-2-0325-32B-Instruct,b96024342a77a69aa0dda815c3454a671f477463,v2,71,Sanctity,sampled,8,3.0,,nan,1,False,False,anchored,,,,,,,8,411cfffc6f3acf3c,3: Very wrong
allenai/OLMo-2-0325-32B-Instruct,b96024342a77a69aa0dda815c3454a671f477463,v2,72,Sanctity,sampled,8,4.0,,nan,1,False,False,anchored,,,,,,,8,6092ad959e4541d7,4: Extremely wrong
allenai/OLMo-2-0325-32B-Instruct,b96024342a77a69aa0dda815c3454a671f477463,v2,73,Sanctity,sampled,8,3.0,,nan,1,False,False,anchored,,,,,,,8,5bd998c887f9ab76,3: Very wrong
allenai/OLMo-2-0325-32B-Instruct,b96024342a77a69aa0dda815c3454a671f477463,v2,74,Sanctity,sampled,8,4.0,,nan,1,False,False,anchored,,,,,,,8,16c079ef57b3bfe0,4: Extremely wrong
allenai/OLMo-2-0325-32B-Instruct,b96024342a77a69aa0dda815c3454a671f477463,v2,75,Sanctity,sampled,8,1.0,,nan,1,False,False,anchored,,,,,,,8,cb7b27e58e31e9e6,1: Not too wrong
allenai/OLMo-2-0325-32B-Instruct,b96024342a77a69aa0dda815c3454a671f477463,v2,76,Sanctity,sampled,8,4.0,,nan,1,False,False,anchored,,,,,,,8,1e6900340d71af11,4: Extremely wrong
allenai/OLMo-2-0325-32B-Instruct,b96024342a77a69aa0dda815c3454a671f477463,v2,77,Sanctity,sampled,8,3.0,,nan,1,False,False,anchored,,,,,,,8,efe14cdff76d897d,3: Very wrong
allenai/OLMo-2-0325-32B-Instruct,b96024342a77a69aa0dda815c3454a671f477463,v2,78,Sanctity,sampled,8,3.0,,nan,1,False,False,anchored,,,,,,,8,346d5fbeb5fb1586,3: Very wrong
allenai/OLMo-2-0325-32B-Instruct,b96024342a77a69aa0dda815c3454a671f477463,v2,79,Sanctity,sampled,8,1.0,,nan,1,False,False,anchored,,,,,,,8,b088783a312aea48,1: Not too wrong
allenai/OLMo-2-0325-32B-Instruct,b96024342a77a69aa0dda815c3454a671f477463,v2,80,Sanctity,sampled,8,3.0,,nan,1,False,False,anchored,,,,,,,8,3f128f3c827d8324,3: Very wrong
allenai/OLMo-2-0325-32B-Instruct,b96024342a77a69aa0dda815c3454a671f477463,v2,81,Sanctity,sampled,8,3.0,,nan,1,False,False,anchored,,,,,,,8,9f839ba4ab8c7d69,3: Very wrong
allenai/OLMo-2-0325-32B-Instruct,b96024342a77a69aa0dda815c3454a671f477463,v2,82,Sanctity,sampled,8,3.0,,nan,1,False,False,anchored,,,,,,,8,e77e1f30d61b4d75,3: Very wrong
allenai/OLMo-2-0325-32B-Instruct,b96024342a77a69aa0dda815c3454a671f477463,v2,83,Sanctity,sampled,8,3.0,,nan,1,False,False,anchored,,,,,,,8,22ea4aae60f364a4,3: Very wrong
allenai/OLMo-2-0325-32B-Instruct,b96024342a77a69aa0dda815c3454a671f477463,v2,84,Liberty,sampled,8,2.0,,nan,1,False,False,anchored,,,,,,,8,d865dde1c9bf280b,2: Somewhat wrong
allenai/OLMo-2-0325-32B-Instruct,b96024342a77a69aa0dda815c3454a671f477463,v2,85,Liberty,sampled,8,2.0,,nan,1,False,False,anchored,,,,,,,8,76362cdaa17dd8d1,2: Somewhat wrong
allenai/OLMo-2-0325-32B-Instruct,b96024342a77a69aa0dda815c3454a671f477463,v2,86,Liberty,sampled,8,3.0,,nan,1,False,False,anchored,,,,,,,8,2e16e93fb64a4aac,3: Very wrong
allenai/OLMo-2-0325-32B-Instruct,b96024342a77a69aa0dda815c3454a671f477463,v2,87,Liberty,sampled,8,3.0,,nan,1,False,False,anchored,,,,,,,8,56c69a432bf71c4f,3: Very wrong
allenai/OLMo-2-0325-32B-Instruct,b96024342a77a69aa0dda815c3454a671f477463,v2,88,Liberty,sampled,8,3.0,,nan,1,False,False,anchored,,,,,,,8,a78465769d12516d,3: Very wrong
allenai/OLMo-2-0325-32B-Instruct,b96024342a77a69aa0dda815c3454a671f477463,v2,89,Liberty,sampled,8,3.0,,nan,1,False,False,anchored,,,,,,,8,6074fe8daf2abf72,3: Very wrong
allenai/OLMo-2-0325-32B-Instruct,b96024342a77a69aa0dda815c3454a671f477463,v2,90,Liberty,sampled,8,4.0,,nan,1,False,False,anchored,,,,,,,8,87a23058f759caff,4: Extremely wrong
allenai/OLMo-2-0325-32B-Instruct,b96024342a77a69aa0dda815c3454a671f477463,v2,91,Liberty,sampled,8,3.0,,nan,1,False,False,anchored,,,,,,,8,6f1c3c5a3952852d,3: Very wrong
allenai/OLMo-2-0325-32B-Instruct,b96024342a77a69aa0dda815c3454a671f477463,v2,92,Liberty,sampled,8,3.0,,nan,1,False,False,anchored,,,,,,,8,0ee25cb9d8ac4307,3: Very wrong
allenai/OLMo-2-0325-32B-Instruct,b96024342a77a69aa0dda815c3454a671f477463,v2,93,Liberty,sampled,8,3.0,,nan,1,False,False,anchored,,,,,,,8,851f6979159d374e,3: Very wrong
allenai/OLMo-2-0325-32B-Instruct,b96024342a77a69aa0dda815c3454a671f477463,v2,94,Liberty,sampled,8,2.0,,nan,1,False,False,anchored,,,,,,,8,73c98ba465b680cd,2: Somewhat wrong
allenai/OLMo-2-0325-32B-Instruct,b96024342a77a69aa0dda815c3454a671f477463,v2,95,Liberty,sampled,8,2.0,,nan,1,False,False,anchored,,,,,,,8,974ed2df96207fb5,2: Somewhat wrong
allenai/OLMo-2-0325-32B-Instruct,b96024342a77a69aa0dda815c3454a671f477463,v2,96,Liberty,sampled,8,2.0,,nan,1,False,False,anchored,,,,,,,8,8ddc14fc272efd0e,2: Somewhat wrong
allenai/OLMo-2-0325-32B-Instruct,b96024342a77a69aa0dda815c3454a671f477463,v2,97,Liberty,sampled,8,2.0,,nan,1,False,False,anchored,,,,,,,8,0cf209e76edd1937,2: Somewhat wrong
allenai/OLMo-2-0325-32B-Instruct,b96024342a77a69aa0dda815c3454a671f477463,v2,98,Liberty,sampled,8,3.0,,nan,1,False,False,anchored,,,,,,,8,05e6726ffbdc619d,3: Very wrong
allenai/OLMo-2-0325-32B-Instruct,b96024342a77a69aa0dda815c3454a671f477463,v2,99,Liberty,sampled,8,2.0,,nan,1,False,False,anchored,,,,,,,8,b048d298592a7caa,2: Somewhat wrong
allenai/OLMo-2-0325-32B-Instruct,b96024342a77a69aa0dda815c3454a671f477463,v2,100,Liberty,sampled,8,3.0,,nan,1,False,False,anchored,,,,,,,8,d6ea4fef0f7eaab6,3: Very wrong
allenai/OLMo-2-0325-32B-Instruct,b96024342a77a69aa0dda815c3454a671f477463,v2,101,Social Norms,sampled,8,2.0,,nan,1,False,False,anchored,,,,,,,8,c0f2556d47cad904,2: Somewhat wrong
allenai/OLMo-2-0325-32B-Instruct,b96024342a77a69aa0dda815c3454a671f477463,v2,102,Social Norms,sampled,8,1.0,,nan,1,False,False,anchored,,,,,,,8,6e129a06829b4f9d,1: Not too wrong
allenai/OLMo-2-0325-32B-Instruct,b96024342a77a69aa0dda815c3454a671f477463,v2,103,Social Norms,sampled,8,2.0,,nan,1,False,False,anchored,,,,,,,8,8eaad61bb135b001,2: Somewhat wrong
allenai/OLMo-2-0325-32B-Instruct,b96024342a77a69aa0dda815c3454a671f477463,v2,104,Social Norms,sampled,8,2.0,,nan,1,False,False,anchored,,,,,,,8,b89312c7146a9ed6,2: Somewhat wrong
allenai/OLMo-2-0325-32B-Instruct,b96024342a77a69aa0dda815c3454a671f477463,v2,105,Social Norms,sampled,8,2.0,,nan,1,False,False,anchored,,,,,,,8,2927c078f4f30936,2: Somewhat wrong
allenai/OLMo-2-0325-32B-Instruct,b96024342a77a69aa0dda815c3454a671f477463,v2,106,Social Norms,sampled,8,3.0,,nan,1,False,False,anchored,,,,,,,8,d63d62b17720e85b,3: Very wrong
allenai/OLMo-2-0325-32B-Instruct,b96024342a77a69aa0dda815c3454a671f477463,v2,107,Social Norms,sampled,8,1.0,,nan,1,False,False,anchored,,,,,,,8,6e4500973d74ee66,1: Not too wrong
allenai/OLMo-2-0325-32B-Instruct,b96024342a77a69aa0dda815c3454a671f477463,v2,108,Social Norms,sampled,8,1.0,,nan,1,False,False,anchored,,,,,,,8,e2ff54c3d856340a,1: Not too wrong
allenai/OLMo-2-0325-32B-Instruct,b96024342a77a69aa0dda815c3454a671f477463,v2,109,Social Norms,sampled,8,2.0,,nan,1,False,False,anchored,,,,,,,8,52f27b214be7e471,2: Somewhat wrong
allenai/OLMo-2-0325-32B-Instruct,b96024342a77a69aa0dda815c3454a671f477463,v2,110,Social Norms,sampled,8,2.0,,nan,1,False,False,anchored,,,,,,,8,ce679717135d3cee,2: Somewhat wrong
allenai/OLMo-2-0325-32B-Instruct,b96024342a77a69aa0dda815c3454a671f477463,v2,111,Social Norms,sampled,8,2.0,,nan,1,False,False,anchored,,,,,,,8,aeefc1c069a9d149,2: Somewhat wrong
allenai/OLMo-2-0325-32B-Instruct,b96024342a77a69aa0dda815c3454a671f477463,v2,112,Social Norms,sampled,8,2.0,,nan,1,False,False,anchored,,,,,,,8,4b8eda0c72bc342f,2: Somewhat wrong
allenai/OLMo-2-0325-32B-Instruct,b96024342a77a69aa0dda815c3454a671f477463,v2,113,Social Norms,sampled,8,0.0,,nan,1,False,False,anchored,,,,,,,8,fa13c45d51f2e335,0: Not at all wrong
allenai/OLMo-2-0325-32B-Instruct,b96024342a77a69aa0dda815c3454a671f477463,v2,114,Social Norms,sampled,8,2.0,,nan,1,False,False,anchored,,,,,,,8,0561eb22ac810c75,2: Somewhat wrong
allenai/OLMo-2-0325-32B-Instruct,b96024342a77a69aa0dda815c3454a671f477463,v2,115,Social Norms,sampled,8,2.0,,nan,1,False,False,anchored,,,,,,,8,4476852fd278dc07,2: Somewhat wrong
allenai/OLMo-2-0325-32B-Instruct,b96024342a77a69aa0dda815c3454a671f477463,v2,116,Social Norms,sampled,8,2.0,,nan,1,False,False,anchored,,,,,,,8,e2183951e9981956,2: Somewhat wrong
allenai/OLMo-2-0325-32B-Instruct,b96024342a77a69aa0dda815c3454a671f477463,v2,1,Care,sampled,9,3.0,,nan,1,False,False,anchored,,,,,,,9,44642b1e52ff3e79,3: Very wrong
allenai/OLMo-2-0325-32B-Instruct,b96024342a77a69aa0dda815c3454a671f477463,v2,2,Care,sampled,9,3.0,,nan,1,False,False,anchored,,,,,,,9,1913a7d03af1ff88,3: Very wrong
allenai/OLMo-2-0325-32B-Instruct,b96024342a77a69aa0dda815c3454a671f477463,v2,3,Care,sampled,9,3.0,,nan,1,False,False,anchored,,,,,,,9,a2d3b6daf453e8b6,3: Very wrong
allenai/OLMo-2-0325-32B-Instruct,b96024342a77a69aa0dda815c3454a671f477463,v2,4,Care,sampled,9,2.0,,nan,1,False,False,anchored,,,,,,,9,5e96c369f81eb79f,2: Somewhat wrong
allenai/OLMo-2-0325-32B-Instruct,b96024342a77a69aa0dda815c3454a671f477463,v2,5,Care,sampled,9,2.0,,nan,1,False,False,anchored,,,,,,,9,40bade8087ef10f8,2: Somewhat wrong
allenai/OLMo-2-0325-32B-Instruct,b96024342a77a69aa0dda815c3454a671f477463,v2,6,Care,sampled,9,2.0,,nan,1,False,False,anchored,,,,,,,9,8c67f566fd720c90,2: Somewhat wrong
allenai/OLMo-2-0325-32B-Instruct,b96024342a77a69aa0dda815c3454a671f477463,v2,7,Care,sampled,9,3.0,,nan,1,False,False,anchored,,,,,,,9,1fe426dc82b973a8,3: Very wrong
allenai/OLMo-2-0325-32B-Instruct,b96024342a77a69aa0dda815c3454a671f477463,v2,8,Care,sampled,9,3.0,,nan,1,False,False,anchored,,,,,,,9,706f3972748399bc,3: Very wrong
allenai/OLMo-2-0325-32B-Instruct,b96024342a77a69aa0dda815c3454a671f477463,v2,9,Care,sampled,9,2.0,,nan,1,False,False,anchored,,,,,,,9,3890a213cc933cad,2: Somewhat wrong
allenai/OLMo-2-0325-32B-Instruct,b96024342a77a69aa0dda815c3454a671f477463,v2,10,Care,sampled,9,3.0,,nan,1,False,False,anchored,,,,,,,9,0fd683ed20bb6ac5,3: Very wrong
allenai/OLMo-2-0325-32B-Instruct,b96024342a77a69aa0dda815c3454a671f477463,v2,11,Care,sampled,9,3.0,,nan,1,False,False,anchored,,,,,,,9,d4bb3aae295025d7,3: Very wrong
allenai/OLMo-2-0325-32B-Instruct,b96024342a77a69aa0dda815c3454a671f477463,v2,12,Care,sampled,9,3.0,,nan,1,False,False,anchored,,,,,,,9,81561e7177a4e54a,3: Very wrong
allenai/OLMo-2-0325-32B-Instruct,b96024342a77a69aa0dda815c3454a671f477463,v2,13,Care,sampled,9,2.0,,nan,1,False,False,anchored,,,,,,,9,8eb3a30665be02a2,2: Somewhat wrong
allenai/OLMo-2-0325-32B-Instruct,b96024342a77a69aa0dda815c3454a671f477463,v2,14,Care,sampled,9,3.0,,nan,1,False,False,anchored,,,,,,,9,b4aec18bf6f5051e,3: Very wrong
allenai/OLMo-2-0325-32B-Instruct,b96024342a77a69aa0dda815c3454a671f477463,v2,15,Care,sampled,9,2.0,,nan,1,False,False,anchored,,,,,,,9,5c1b5e3e595ef0ee,2: Somewhat wrong
allenai/OLMo-2-0325-32B-Instruct,b96024342a77a69aa0dda815c3454a671f477463,v2,16,Care,sampled,9,3.0,,nan,1,False,False,anchored,,,,,,,9,95504516f123c9d8,3: Very wrong
allenai/OLMo-2-0325-32B-Instruct,b96024342a77a69aa0dda815c3454a671f477463,v2,17,Fairness,sampled,9,3.0,,nan,1,False,False,anchored,,,,,,,9,b19fbec958482d1f,3: Very wrong
allenai/OLMo-2-0325-32B-Instruct,b96024342a77a69aa0dda815c3454a671f477463,v2,18,Fairness,sampled,9,3.0,,nan,1,False,False,anchored,,,,,,,9,99666992e14d40fa,3: Very wrong
allenai/OLMo-2-0325-32B-Instruct,b96024342a77a69aa0dda815c3454a671f477463,v2,19,Fairness,sampled,9,2.0,,nan,1,False,False,anchored,,,,,,,9,9cc6a157d328ced8,2: Somewhat wrong
allenai/OLMo-2-0325-32B-Instruct,b96024342a77a69aa0dda815c3454a671f477463,v2,20,Fairness,sampled,9,3.0,,nan,1,False,False,anchored,,,,,,,9,96cb505613052a5c,3: Very wrong
allenai/OLMo-2-0325-32B-Instruct,b96024342a77a69aa0dda815c3454a671f477463,v2,21,Fairness,sampled,9,3.0,,nan,1,False,False,anchored,,,,,,,9,621e63aba89a1914,3: Very wrong
allenai/OLMo-2-0325-32B-Instruct,b96024342a77a69aa0dda815c3454a671f477463,v2,22,Fairness,sampled,9,3.0,,nan,1,False,False,anchored,,,,,,,9,0e1f8c298420863d,3: Very wrong
allenai/OLMo-2-0325-32B-Instruct,b96024342a77a69aa0dda815c3454a671f477463,v2,23,Fairness,sampled,9,4.0,,nan,1,False,False,anchored,,,,,,,9,c1b1c6838ee9d401,4: Extremely wrong
allenai/OLMo-2-0325-32B-Instruct,b96024342a77a69aa0dda815c3454a671f477463,v2,24,Fairness,sampled,9,2.0,,nan,1,False,False,anchored,,,,,,,9,74ef17329d02a486,2: Somewhat wrong
allenai/OLMo-2-0325-32B-Instruct,b96024342a77a69aa0dda815c3454a671f477463,v2,25,Fairness,sampled,9,3.0,,nan,1,False,False,anchored,,,,,,,9,c13161b55a415ec2,3: Very wrong
allenai/OLMo-2-0325-32B-Instruct,b96024342a77a69aa0dda815c3454a671f477463,v2,26,Fairness,sampled,9,3.0,,nan,1,False,False,anchored,,,,,,,9,8a15988e0b58ddc5,3: Very wrong
allenai/OLMo-2-0325-32B-Instruct,b96024342a77a69aa0dda815c3454a671f477463,v2,27,Fairness,sampled,9,4.0,,nan,1,False,False,anchored,,,,,,,9,a86239a9bdd56844,4: Extremely wrong
allenai/OLMo-2-0325-32B-Instruct,b96024342a77a69aa0dda815c3454a671f477463,v2,28,Fairness,sampled,9,3.0,,nan,1,False,False,anchored,,,,,,,9,be944925959f6221,3: Very wrong
allenai/OLMo-2-0325-32B-Instruct,b96024342a77a69aa0dda815c3454a671f477463,v2,29,Fairness,sampled,9,2.0,,nan,1,False,False,anchored,,,,,,,9,2fadc17b158a203f,2: Somewhat wrong
allenai/OLMo-2-0325-32B-Instruct,b96024342a77a69aa0dda815c3454a671f477463,v2,30,Fairness,sampled,9,2.0,,nan,1,False,False,anchored,,,,,,,9,08fd3c392e299c69,2: Somewhat wrong
allenai/OLMo-2-0325-32B-Instruct,b96024342a77a69aa0dda815c3454a671f477463,v2,31,Fairness,sampled,9,3.0,,nan,1,False,False,anchored,,,,,,,9,47696ad153dde837,3: Very wrong
allenai/OLMo-2-0325-32B-Instruct,b96024342a77a69aa0dda815c3454a671f477463,v2,32,Fairness,sampled,9,2.0,,nan,1,False,False,anchored,,,,,,,9,fcd7c1e96dca4c53,2: Somewhat wrong
allenai/OLMo-2-0325-32B-Instruct,b96024342a77a69aa0dda815c3454a671f477463,v2,33,Fairness,sampled,9,3.0,,nan,1,False,False,anchored,,,,,,,9,7e055d5775975ca3,3: Very wrong
allenai/OLMo-2-0325-32B-Instruct,b96024342a77a69aa0dda815c3454a671f477463,v2,34,Loyalty,sampled,9,3.0,,nan,1,False,False,anchored,,,,,,,9,1cb54beea7c9d7eb,3: Very wrong
allenai/OLMo-2-0325-32B-Instruct,b96024342a77a69aa0dda815c3454a671f477463,v2,35,Loyalty,sampled,9,2.0,,nan,1,False,False,anchored,,,,,,,9,c37c206b1f9c3b17,2: Somewhat wrong
allenai/OLMo-2-0325-32B-Instruct,b96024342a77a69aa0dda815c3454a671f477463,v2,36,Loyalty,sampled,9,3.0,,nan,1,False,False,anchored,,,,,,,9,2d1c36217704eea4,3: Very wrong
allenai/OLMo-2-0325-32B-Instruct,b96024342a77a69aa0dda815c3454a671f477463,v2,37,Loyalty,sampled,9,2.0,,nan,1,False,False,anchored,,,,,,,9,55491761a9a6f659,2: Somewhat wrong
allenai/OLMo-2-0325-32B-Instruct,b96024342a77a69aa0dda815c3454a671f477463,v2,38,Loyalty,sampled,9,2.0,,nan,1,False,False,anchored,,,,,,,9,301fc5a4f13664de,2: Somewhat wrong
allenai/OLMo-2-0325-32B-Instruct,b96024342a77a69aa0dda815c3454a671f477463,v2,39,Loyalty,sampled,9,3.0,,nan,1,False,False,anchored,,,,,,,9,aea91e855a6d2f94,3: Very wrong
allenai/OLMo-2-0325-32B-Instruct,b96024342a77a69aa0dda815c3454a671f477463,v2,40,Loyalty,sampled,9,2.0,,nan,1,False,False,anchored,,,,,,,9,c0bb4fb0a3d2bdff,2: Somewhat wrong
allenai/OLMo-2-0325-32B-Instruct,b96024342a77a69aa0dda815c3454a671f477463,v2,41,Loyalty,sampled,9,2.0,,nan,1,False,False,anchored,,,,,,,9,e18f363c6dc19447,2: Somewhat wrong
allenai/OLMo-2-0325-32B-Instruct,b96024342a77a69aa0dda815c3454a671f477463,v2,42,Loyalty,sampled,9,2.0,,nan,1,False,False,anchored,,,,,,,9,535c940f6729bc0a,2: Somewhat wrong
allenai/OLMo-2-0325-32B-Instruct,b96024342a77a69aa0dda815c3454a671f477463,v2,43,Loyalty,sampled,9,3.0,,nan,1,False,False,anchored,,,,,,,9,8465e50533f5353e,3: Very wrong
allenai/OLMo-2-0325-32B-Instruct,b96024342a77a69aa0dda815c3454a671f477463,v2,44,Loyalty,sampled,9,2.0,,nan,1,False,False,anchored,,,,,,,9,0da20221b66b19ff,2: Somewhat wrong
allenai/OLMo-2-0325-32B-Instruct,b96024342a77a69aa0dda815c3454a671f477463,v2,45,Loyalty,sampled,9,3.0,,nan,1,False,False,anchored,,,,,,,9,0c515d1a102e20cb,3: Very wrong
allenai/OLMo-2-0325-32B-Instruct,b96024342a77a69aa0dda815c3454a671f477463,v2,46,Loyalty,sampled,9,2.0,,nan,1,False,False,anchored,,,,,,,9,96bf5653ce516d7f,2: Somewhat wrong
allenai/OLMo-2-0325-32B-Instruct,b96024342a77a69aa0dda815c3454a671f477463,v2,47,Loyalty,sampled,9,2.0,,nan,1,False,False,anchored,,,,,,,9,1ee28b16639683de,2: Somewhat wrong
allenai/OLMo-2-0325-32B-Instruct,b96024342a77a69aa0dda815c3454a671f477463,v2,48,Loyalty,sampled,9,3.0,,nan,1,False,False,anchored,,,,,,,9,605837de353da898,3: Very wrong
allenai/OLMo-2-0325-32B-Instruct,b96024342a77a69aa0dda815c3454a671f477463,v2,49,Loyalty,sampled,9,2.0,,nan,1,False,False,anchored,,,,,,,9,9466a84901f260ba,2: Somewhat wrong
allenai/OLMo-2-0325-32B-Instruct,b96024342a77a69aa0dda815c3454a671f477463,v2,50,Authority,sampled,9,2.0,,nan,1,False,False,anchored,,,,,,,9,8931d2dfd54d71b5,2: Somewhat wrong
allenai/OLMo-2-0325-32B-Instruct,b96024342a77a69aa0dda815c3454a671f477463,v2,51,Authority,sampled,9,2.0,,nan,1,False,False,anchored,,,,,,,9,ddf10c352b196231,2: Somewhat wrong
allenai/OLMo-2-0325-32B-Instruct,b96024342a77a69aa0dda815c3454a671f477463,v2,52,Authority,sampled,9,3.0,,nan,1,False,False,anchored,,,,,,,9,08ff18a2e3cf2f57,3: Very wrong
allenai/OLMo-2-0325-32B-Instruct,b96024342a77a69aa0dda815c3454a671f477463,v2,53,Authority,sampled,9,2.0,,nan,1,False,False,anchored,,,,,,,9,ca23b5ae5c0bf8e3,2: Somewhat wrong
allenai/OLMo-2-0325-32B-Instruct,b96024342a77a69aa0dda815c3454a671f477463,v2,54,Authority,sampled,9,3.0,,nan,1,False,False,anchored,,,,,,,9,dfca96a580d5ab0b,3: Very wrong
allenai/OLMo-2-0325-32B-Instruct,b96024342a77a69aa0dda815c3454a671f477463,v2,55,Authority,sampled,9,2.0,,nan,1,False,False,anchored,,,,,,,9,a9d96d4efd0277b2,2: Somewhat wrong
allenai/OLMo-2-0325-32B-Instruct,b96024342a77a69aa0dda815c3454a671f477463,v2,56,Authority,sampled,9,2.0,,nan,1,False,False,anchored,,,,,,,9,affb8f91b7544f31,2: Somewhat wrong
allenai/OLMo-2-0325-32B-Instruct,b96024342a77a69aa0dda815c3454a671f477463,v2,57,Authority,sampled,9,3.0,,nan,1,False,False,anchored,,,,,,,9,305e06e6816e6e11,3: Very wrong
allenai/OLMo-2-0325-32B-Instruct,b96024342a77a69aa0dda815c3454a671f477463,v2,58,Authority,sampled,9,2.0,,nan,1,False,False,anchored,,,,,,,9,410cf0deb35bb23e,2: Somewhat wrong
allenai/OLMo-2-0325-32B-Instruct,b96024342a77a69aa0dda815c3454a671f477463,v2,59,Authority,sampled,9,2.0,,nan,1,False,False,anchored,,,,,,,9,2e3352ca2ae9408f,2: Somewhat wrong
allenai/OLMo-2-0325-32B-Instruct,b96024342a77a69aa0dda815c3454a671f477463,v2,60,Authority,sampled,9,3.0,,nan,1,False,False,anchored,,,,,,,9,7454dfbaeb240a26,3: Very wrong
allenai/OLMo-2-0325-32B-Instruct,b96024342a77a69aa0dda815c3454a671f477463,v2,61,Authority,sampled,9,3.0,,nan,1,False,False,anchored,,,,,,,9,9d7c0d2df4035e1f,3: Very wrong
allenai/OLMo-2-0325-32B-Instruct,b96024342a77a69aa0dda815c3454a671f477463,v2,62,Authority,sampled,9,2.0,,nan,1,False,False,anchored,,,,,,,9,08a80f0d30942bef,2: Somewhat wrong
allenai/OLMo-2-0325-32B-Instruct,b96024342a77a69aa0dda815c3454a671f477463,v2,63,Authority,sampled,9,3.0,,nan,1,False,False,anchored,,,,,,,9,109d8e18fd7113cf,3: Very wrong
allenai/OLMo-2-0325-32B-Instruct,b96024342a77a69aa0dda815c3454a671f477463,v2,64,Authority,sampled,9,3.0,,nan,1,False,False,anchored,,,,,,,9,ff57f68bbd68e8b9,3: Very wrong
allenai/OLMo-2-0325-32B-Instruct,b96024342a77a69aa0dda815c3454a671f477463,v2,65,Authority,sampled,9,3.0,,nan,1,False,False,anchored,,,,,,,9,e7d7944dfba502b6,3: Very wrong
allenai/OLMo-2-0325-32B-Instruct,b96024342a77a69aa0dda815c3454a671f477463,v2,66,Authority,sampled,9,3.0,,nan,1,False,False,anchored,,,,,,,9,5a24585d4009afe4,3: Very wrong
allenai/OLMo-2-0325-32B-Instruct,b96024342a77a69aa0dda815c3454a671f477463,v2,67,Sanctity,sampled,9,3.0,,nan,1,False,False,anchored,,,,,,,9,dfcca8f8f521f60f,3: Very wrong
allenai/OLMo-2-0325-32B-Instruct,b96024342a77a69aa0dda815c3454a671f477463,v2,68,Sanctity,sampled,9,3.0,,nan,1,False,False,anchored,,,,,,,9,98b30c254db71570,3: Very wrong
allenai/OLMo-2-0325-32B-Instruct,b96024342a77a69aa0dda815c3454a671f477463,v2,69,Sanctity,sampled,9,2.0,,nan,1,False,False,anchored,,,,,,,9,6b74c673fa86da1b,2: Somewhat wrong
allenai/OLMo-2-0325-32B-Instruct,b96024342a77a69aa0dda815c3454a671f477463,v2,70,Sanctity,sampled,9,3.0,,nan,1,False,False,anchored,,,,,,,9,f058f4717dce20b1,3: Very wrong
allenai/OLMo-2-0325-32B-Instruct,b96024342a77a69aa0dda815c3454a671f477463,v2,71,Sanctity,sampled,9,3.0,,nan,1,False,False,anchored,,,,,,,9,411cfffc6f3acf3c,3: Very wrong
allenai/OLMo-2-0325-32B-Instruct,b96024342a77a69aa0dda815c3454a671f477463,v2,72,Sanctity,sampled,9,4.0,,nan,1,False,False,anchored,,,,,,,9,6092ad959e4541d7,4: Extremely wrong
allenai/OLMo-2-0325-32B-Instruct,b96024342a77a69aa0dda815c3454a671f477463,v2,73,Sanctity,sampled,9,3.0,,nan,1,False,False,anchored,,,,,,,9,5bd998c887f9ab76,3: Very wrong
allenai/OLMo-2-0325-32B-Instruct,b96024342a77a69aa0dda815c3454a671f477463,v2,74,Sanctity,sampled,9,3.0,,nan,1,False,False,anchored,,,,,,,9,16c079ef57b3bfe0,3: Very wrong
allenai/OLMo-2-0325-32B-Instruct,b96024342a77a69aa0dda815c3454a671f477463,v2,75,Sanctity,sampled,9,2.0,,nan,1,False,False,anchored,,,,,,,9,cb7b27e58e31e9e6,2: Somewhat wrong
allenai/OLMo-2-0325-32B-Instruct,b96024342a77a69aa0dda815c3454a671f477463,v2,76,Sanctity,sampled,9,3.0,,nan,1,False,False,anchored,,,,,,,9,1e6900340d71af11,3: Very wrong
allenai/OLMo-2-0325-32B-Instruct,b96024342a77a69aa0dda815c3454a671f477463,v2,77,Sanctity,sampled,9,3.0,,nan,1,False,False,anchored,,,,,,,9,efe14cdff76d897d,3: Very wrong
allenai/OLMo-2-0325-32B-Instruct,b96024342a77a69aa0dda815c3454a671f477463,v2,78,Sanctity,sampled,9,3.0,,nan,1,False,False,anchored,,,,,,,9,346d5fbeb5fb1586,3: Very wrong
allenai/OLMo-2-0325-32B-Instruct,b96024342a77a69aa0dda815c3454a671f477463,v2,79,Sanctity,sampled,9,2.0,,nan,1,False,False,anchored,,,,,,,9,b088783a312aea48,2: Somewhat wrong
allenai/OLMo-2-0325-32B-Instruct,b96024342a77a69aa0dda815c3454a671f477463,v2,80,Sanctity,sampled,9,4.0,,nan,1,False,False,anchored,,,,,,,9,3f128f3c827d8324,4: Extremely wrong
allenai/OLMo-2-0325-32B-Instruct,b96024342a77a69aa0dda815c3454a671f477463,v2,81,Sanctity,sampled,9,2.0,,nan,1,False,False,anchored,,,,,,,9,9f839ba4ab8c7d69,2: Somewhat wrong
allenai/OLMo-2-0325-32B-Instruct,b96024342a77a69aa0dda815c3454a671f477463,v2,82,Sanctity,sampled,9,3.0,,nan,1,False,False,anchored,,,,,,,9,e77e1f30d61b4d75,3: Very wrong
allenai/OLMo-2-0325-32B-Instruct,b96024342a77a69aa0dda815c3454a671f477463,v2,83,Sanctity,sampled,9,3.0,,nan,1,False,False,anchored,,,,,,,9,22ea4aae60f364a4,3: Very wrong
allenai/OLMo-2-0325-32B-Instruct,b96024342a77a69aa0dda815c3454a671f477463,v2,84,Liberty,sampled,9,3.0,,nan,1,False,False,anchored,,,,,,,9,d865dde1c9bf280b,3: Very wrong
allenai/OLMo-2-0325-32B-Instruct,b96024342a77a69aa0dda815c3454a671f477463,v2,85,Liberty,sampled,9,3.0,,nan,1,False,False,anchored,,,,,,,9,76362cdaa17dd8d1,3: Very wrong
allenai/OLMo-2-0325-32B-Instruct,b96024342a77a69aa0dda815c3454a671f477463,v2,86,Liberty,sampled,9,4.0,,nan,1,False,False,anchored,,,,,,,9,2e16e93fb64a4aac,4: Extremely wrong
allenai/OLMo-2-0325-32B-Instruct,b96024342a77a69aa0dda815c3454a671f477463,v2,87,Liberty,sampled,9,3.0,,nan,1,False,False,anchored,,,,,,,9,56c69a432bf71c4f,3: Very wrong
allenai/OLMo-2-0325-32B-Instruct,b96024342a77a69aa0dda815c3454a671f477463,v2,88,Liberty,sampled,9,4.0,,nan,1,False,False,anchored,,,,,,,9,a78465769d12516d,4: Extremely wrong
allenai/OLMo-2-0325-32B-Instruct,b96024342a77a69aa0dda815c3454a671f477463,v2,89,Liberty,sampled,9,2.0,,nan,1,False,False,anchored,,,,,,,9,6074fe8daf2abf72,2: Somewhat wrong
allenai/OLMo-2-0325-32B-Instruct,b96024342a77a69aa0dda815c3454a671f477463,v2,90,Liberty,sampled,9,4.0,,nan,1,False,False,anchored,,,,,,,9,87a23058f759caff,4: Extremely wrong
allenai/OLMo-2-0325-32B-Instruct,b96024342a77a69aa0dda815c3454a671f477463,v2,91,Liberty,sampled,9,3.0,,nan,1,False,False,anchored,,,,,,,9,6f1c3c5a3952852d,3: Very wrong
allenai/OLMo-2-0325-32B-Instruct,b96024342a77a69aa0dda815c3454a671f477463,v2,92,Liberty,sampled,9,3.0,,nan,1,False,False,anchored,,,,,,,9,0ee25cb9d8ac4307,3: Very wrong
allenai/OLMo-2-0325-32B-Instruct,b96024342a77a69aa0dda815c3454a671f477463,v2,93,Liberty,sampled,9,3.0,,nan,1,False,False,anchored,,,,,,,9,851f6979159d374e,3: Very wrong
allenai/OLMo-2-0325-32B-Instruct,b96024342a77a69aa0dda815c3454a671f477463,v2,94,Liberty,sampled,9,2.0,,nan,1,False,False,anchored,,,,,,,9,73c98ba465b680cd,2: Somewhat wrong
allenai/OLMo-2-0325-32B-Instruct,b96024342a77a69aa0dda815c3454a671f477463,v2,95,Liberty,sampled,9,3.0,,nan,1,False,False,anchored,,,,,,,9,974ed2df96207fb5,3: Very wrong
allenai/OLMo-2-0325-32B-Instruct,b96024342a77a69aa0dda815c3454a671f477463,v2,96,Liberty,sampled,9,2.0,,nan,1,False,False,anchored,,,,,,,9,8ddc14fc272efd0e,2: Somewhat wrong
allenai/OLMo-2-0325-32B-Instruct,b96024342a77a69aa0dda815c3454a671f477463,v2,97,Liberty,sampled,9,3.0,,nan,1,False,False,anchored,,,,,,,9,0cf209e76edd1937,3: Very wrong
allenai/OLMo-2-0325-32B-Instruct,b96024342a77a69aa0dda815c3454a671f477463,v2,98,Liberty,sampled,9,3.0,,nan,1,False,False,anchored,,,,,,,9,05e6726ffbdc619d,3: Very wrong
allenai/OLMo-2-0325-32B-Instruct,b96024342a77a69aa0dda815c3454a671f477463,v2,99,Liberty,sampled,9,2.0,,nan,1,False,False,anchored,,,,,,,9,b048d298592a7caa,2: Somewhat wrong
allenai/OLMo-2-0325-32B-Instruct,b96024342a77a69aa0dda815c3454a671f477463,v2,100,Liberty,sampled,9,3.0,,nan,1,False,False,anchored,,,,,,,9,d6ea4fef0f7eaab6,3: Very wrong
allenai/OLMo-2-0325-32B-Instruct,b96024342a77a69aa0dda815c3454a671f477463,v2,101,Social Norms,sampled,9,2.0,,nan,1,False,False,anchored,,,,,,,9,c0f2556d47cad904,2: Somewhat wrong
allenai/OLMo-2-0325-32B-Instruct,b96024342a77a69aa0dda815c3454a671f477463,v2,102,Social Norms,sampled,9,2.0,,nan,1,False,False,anchored,,,,,,,9,6e129a06829b4f9d,2: Somewhat wrong
allenai/OLMo-2-0325-32B-Instruct,b96024342a77a69aa0dda815c3454a671f477463,v2,103,Social Norms,sampled,9,2.0,,nan,1,False,False,anchored,,,,,,,9,8eaad61bb135b001,2: Somewhat wrong
allenai/OLMo-2-0325-32B-Instruct,b96024342a77a69aa0dda815c3454a671f477463,v2,104,Social Norms,sampled,9,2.0,,nan,1,False,False,anchored,,,,,,,9,b89312c7146a9ed6,2: Somewhat wrong
allenai/OLMo-2-0325-32B-Instruct,b96024342a77a69aa0dda815c3454a671f477463,v2,105,Social Norms,sampled,9,2.0,,nan,1,False,False,anchored,,,,,,,9,2927c078f4f30936,2: Somewhat wrong
allenai/OLMo-2-0325-32B-Instruct,b96024342a77a69aa0dda815c3454a671f477463,v2,106,Social Norms,sampled,9,2.0,,nan,1,False,False,anchored,,,,,,,9,d63d62b17720e85b,2: Somewhat wrong
allenai/OLMo-2-0325-32B-Instruct,b96024342a77a69aa0dda815c3454a671f477463,v2,107,Social Norms,sampled,9,2.0,,nan,1,False,False,anchored,,,,,,,9,6e4500973d74ee66,2: Somewhat wrong
allenai/OLMo-2-0325-32B-Instruct,b96024342a77a69aa0dda815c3454a671f477463,v2,108,Social Norms,sampled,9,1.0,,nan,1,False,False,anchored,,,,,,,9,e2ff54c3d856340a,1: Not too wrong
allenai/OLMo-2-0325-32B-Instruct,b96024342a77a69aa0dda815c3454a671f477463,v2,109,Social Norms,sampled,9,2.0,,nan,1,False,False,anchored,,,,,,,9,52f27b214be7e471,2: Somewhat wrong
allenai/OLMo-2-0325-32B-Instruct,b96024342a77a69aa0dda815c3454a671f477463,v2,110,Social Norms,sampled,9,2.0,,nan,1,False,False,anchored,,,,,,,9,ce679717135d3cee,2: Somewhat wrong
allenai/OLMo-2-0325-32B-Instruct,b96024342a77a69aa0dda815c3454a671f477463,v2,111,Social Norms,sampled,9,2.0,,nan,1,False,False,anchored,,,,,,,9,aeefc1c069a9d149,2: Somewhat wrong
allenai/OLMo-2-0325-32B-Instruct,b96024342a77a69aa0dda815c3454a671f477463,v2,112,Social Norms,sampled,9,2.0,,nan,1,False,False,anchored,,,,,,,9,4b8eda0c72bc342f,2: Somewhat wrong
allenai/OLMo-2-0325-32B-Instruct,b96024342a77a69aa0dda815c3454a671f477463,v2,113,Social Norms,sampled,9,0.0,,nan,1,False,False,anchored,,,,,,,9,fa13c45d51f2e335,0: Not at all wrong
allenai/OLMo-2-0325-32B-Instruct,b96024342a77a69aa0dda815c3454a671f477463,v2,114,Social Norms,sampled,9,2.0,,nan,1,False,False,anchored,,,,,,,9,0561eb22ac810c75,2: Somewhat wrong
allenai/OLMo-2-0325-32B-Instruct,b96024342a77a69aa0dda815c3454a671f477463,v2,115,Social Norms,sampled,9,2.0,,nan,1,False,False,anchored,,,,,,,9,4476852fd278dc07,2: Somewhat wrong
allenai/OLMo-2-0325-32B-Instruct,b96024342a77a69aa0dda815c3454a671f477463,v2,116,Social Norms,sampled,9,1.0,,nan,1,False,False,anchored,,,,,,,9,e2183951e9981956,1: Not too wrong
