model,revision,harness,item_id,foundation,condition,replicate,score,score_alt_normalisation,logprob_mass,n_options_found,refusal,parse_failed,parse_strategy,token_boundary_clean,emitted_token_id,label_position,surface_form,boundary_shift,degenerate_options,seed,prompt_sha,raw_output
Qwen/Qwen2-7B-Instruct,f2826a00ceef68f0f2b946d945ecc0477ce4450c,v2,1,Care,label,0,3.999975035774206,3.999975035774206,0.999911423284678,5,False,False,,True,,,label,0,,,add09e54f847dca8,
Qwen/Qwen2-7B-Instruct,f2826a00ceef68f0f2b946d945ecc0477ce4450c,v2,2,Care,label,0,2.835607113404156,2.835607113404165,0.9995415899192267,5,False,False,,True,,,label,0,,,d02b48f484c9fd49,
Qwen/Qwen2-7B-Instruct,f2826a00ceef68f0f2b946d945ecc0477ce4450c,v2,3,Care,label,0,3.3207530457816876,3.320753045781686,0.99981319711202,5,False,False,,True,,,label,0,,,e77c696dedb9b296,
Qwen/Qwen2-7B-Instruct,f2826a00ceef68f0f2b946d945ecc0477ce4450c,v2,4,Care,label,0,2.992490492003055,2.9924904920030544,0.9990312368561746,5,False,False,,True,,,label,0,,,dadf494a191d2f13,
Qwen/Qwen2-7B-Instruct,f2826a00ceef68f0f2b946d945ecc0477ce4450c,v2,5,Care,label,0,3.118776587894407,3.118776587894406,0.9998119827975137,5,False,False,,True,,,label,0,,,0b9923ec57337d19,
Qwen/Qwen2-7B-Instruct,f2826a00ceef68f0f2b946d945ecc0477ce4450c,v2,6,Care,label,0,2.182182370989351,2.1821823709893513,0.9987926354951764,5,False,False,,True,,,label,0,,,790adece3c4da7ab,
Qwen/Qwen2-7B-Instruct,f2826a00ceef68f0f2b946d945ecc0477ce4450c,v2,7,Care,label,0,3.9993714015560897,3.9993714015560897,0.9998838205635247,5,False,False,,True,,,label,0,,,345d14a786ab109a,
Qwen/Qwen2-7B-Instruct,f2826a00ceef68f0f2b946d945ecc0477ce4450c,v2,8,Care,label,0,3.9968223106856002,3.9968223106856002,0.9998106528120407,5,False,False,,True,,,label,0,,,5be4a442bb5edd86,
Qwen/Qwen2-7B-Instruct,f2826a00ceef68f0f2b946d945ecc0477ce4450c,v2,9,Care,label,0,3.131069208834387,3.1310692088343863,0.999634799043658,5,False,False,,True,,,label,0,,,e7ce26205a7890a7,
Qwen/Qwen2-7B-Instruct,f2826a00ceef68f0f2b946d945ecc0477ce4450c,v2,10,Care,label,0,3.9997939305673995,3.9997939305673995,0.9998801665986645,5,False,False,,True,,,label,0,,,7373d2cc4d2c27d7,
Qwen/Qwen2-7B-Instruct,f2826a00ceef68f0f2b946d945ecc0477ce4450c,v2,11,Care,label,0,3.999902929462497,3.999902929462497,0.9998824186128008,5,False,False,,True,,,label,0,,,15c66492ec351920,
Qwen/Qwen2-7B-Instruct,f2826a00ceef68f0f2b946d945ecc0477ce4450c,v2,12,Care,label,0,3.8518313972073828,3.851831397207382,0.9995841715796893,5,False,False,,True,,,label,0,,,96a5e8d58cc271a5,
Qwen/Qwen2-7B-Instruct,f2826a00ceef68f0f2b946d945ecc0477ce4450c,v2,13,Care,label,0,2.0644404546195494,2.0644404546195583,0.9987460410269953,5,False,False,,True,,,label,0,,,385dff2177d66657,
Qwen/Qwen2-7B-Instruct,f2826a00ceef68f0f2b946d945ecc0477ce4450c,v2,14,Care,label,0,2.891590678894793,2.8915906788947954,0.9969186563746393,5,False,False,,True,,,label,0,,,bbb67b2a11cd6d48,
Qwen/Qwen2-7B-Instruct,f2826a00ceef68f0f2b946d945ecc0477ce4450c,v2,15,Care,label,0,2.0308296835821773,2.0308296835821777,0.9979427219309618,5,False,False,,True,,,label,0,,,b5ac1afe2446645a,
Qwen/Qwen2-7B-Instruct,f2826a00ceef68f0f2b946d945ecc0477ce4450c,v2,16,Care,label,0,2.3478027629280196,2.347802762928022,0.9992132936707194,5,False,False,,True,,,label,0,,,74dd84997245ee1f,
Qwen/Qwen2-7B-Instruct,f2826a00ceef68f0f2b946d945ecc0477ce4450c,v2,17,Fairness,label,0,3.996825207951344,3.996825207951344,0.9999021787326072,5,False,False,,True,,,label,0,,,081bbdeb27c9d9ba,
Qwen/Qwen2-7B-Instruct,f2826a00ceef68f0f2b946d945ecc0477ce4450c,v2,18,Fairness,label,0,3.3183017593917823,3.3183017593917823,0.9993963401282202,5,False,False,,True,,,label,0,,,8f864c44ad7b8898,
Qwen/Qwen2-7B-Instruct,f2826a00ceef68f0f2b946d945ecc0477ce4450c,v2,19,Fairness,label,0,2.9847297821658043,2.9847297821658048,0.9990577564757677,5,False,False,,True,,,label,0,,,c3b9a40c082b9de1,
Qwen/Qwen2-7B-Instruct,f2826a00ceef68f0f2b946d945ecc0477ce4450c,v2,20,Fairness,label,0,2.0910985771948742,2.091098577194874,0.9987604243569794,5,False,False,,True,,,label,0,,,3918ce1d488b140f,
Qwen/Qwen2-7B-Instruct,f2826a00ceef68f0f2b946d945ecc0477ce4450c,v2,21,Fairness,label,0,3.222379831767305,3.222379831767304,0.999429832542503,5,False,False,,True,,,label,0,,,e7dbcc1c43407f04,
Qwen/Qwen2-7B-Instruct,f2826a00ceef68f0f2b946d945ecc0477ce4450c,v2,22,Fairness,label,0,3.9999676102116846,3.9999676102116846,0.9998129107700249,5,False,False,,True,,,label,0,,,c11a4afee3b09914,
Qwen/Qwen2-7B-Instruct,f2826a00ceef68f0f2b946d945ecc0477ce4450c,v2,23,Fairness,label,0,3.9999471549358256,3.9999471549358256,0.9998181203908715,5,False,False,,True,,,label,0,,,4db4f9d71823acc3,
Qwen/Qwen2-7B-Instruct,f2826a00ceef68f0f2b946d945ecc0477ce4450c,v2,24,Fairness,label,0,3.145625968688995,3.1456259686889947,0.9992258341786845,5,False,False,,True,,,label,0,,,42f0ae82fc584562,
Qwen/Qwen2-7B-Instruct,f2826a00ceef68f0f2b946d945ecc0477ce4450c,v2,25,Fairness,label,0,3.9914132540126226,3.9914132540126226,0.9997758849040893,5,False,False,,True,,,label,0,,,6f98b76fa9e2e97c,
Qwen/Qwen2-7B-Instruct,f2826a00ceef68f0f2b946d945ecc0477ce4450c,v2,26,Fairness,label,0,3.777103159794013,3.7771031597940135,0.9994257805573494,5,False,False,,True,,,label,0,,,1aee3ca950d4a6e4,
Qwen/Qwen2-7B-Instruct,f2826a00ceef68f0f2b946d945ecc0477ce4450c,v2,27,Fairness,label,0,3.754727393258825,3.75472739325883,0.9995339973658811,5,False,False,,True,,,label,0,,,ade18057e1400d65,
Qwen/Qwen2-7B-Instruct,f2826a00ceef68f0f2b946d945ecc0477ce4450c,v2,28,Fairness,label,0,3.9914174926478982,3.9914174926478982,0.9998669351537741,5,False,False,,True,,,label,0,,,b4e9ce6e709fa91c,
Qwen/Qwen2-7B-Instruct,f2826a00ceef68f0f2b946d945ecc0477ce4450c,v2,29,Fairness,label,0,2.6245297519512887,2.624529751951289,0.9964177220643595,5,False,False,,True,,,label,0,,,da64ef21624e20a9,
Qwen/Qwen2-7B-Instruct,f2826a00ceef68f0f2b946d945ecc0477ce4450c,v2,30,Fairness,label,0,3.866988920054633,3.866988920054633,0.9993877926156223,5,False,False,,True,,,label,0,,,d620d38d7aa1adbc,
Qwen/Qwen2-7B-Instruct,f2826a00ceef68f0f2b946d945ecc0477ce4450c,v2,31,Fairness,label,0,3.979646295610048,3.979646295610048,0.9997458392888882,5,False,False,,True,,,label,0,,,f7db8614c705ed1c,
Qwen/Qwen2-7B-Instruct,f2826a00ceef68f0f2b946d945ecc0477ce4450c,v2,32,Fairness,label,0,2.0571744117458786,2.057174411745879,0.9973376384947289,5,False,False,,True,,,label,0,,,e7e9b34bb6f8c18c,
Qwen/Qwen2-7B-Instruct,f2826a00ceef68f0f2b946d945ecc0477ce4450c,v2,33,Fairness,label,0,3.0102474175890848,3.0102474175890848,0.9992553302018573,5,False,False,,True,,,label,0,,,686a1b3efdf36cd5,
Qwen/Qwen2-7B-Instruct,f2826a00ceef68f0f2b946d945ecc0477ce4450c,v2,34,Loyalty,label,0,2.995702517842914,2.995702517842914,0.9996907805736286,5,False,False,,True,,,label,0,,,ef54c6e33f2da7e9,
Qwen/Qwen2-7B-Instruct,f2826a00ceef68f0f2b946d945ecc0477ce4450c,v2,35,Loyalty,label,0,1.7291389504242465,1.729138950424255,0.9971095466070972,5,False,False,,True,,,label,0,,,02880fca6e34aaaa,
Qwen/Qwen2-7B-Instruct,f2826a00ceef68f0f2b946d945ecc0477ce4450c,v2,36,Loyalty,label,0,2.444652179631274,2.444652179631278,0.9954330937808813,5,False,False,,True,,,label,0,,,42b153f9fbe3be60,
Qwen/Qwen2-7B-Instruct,f2826a00ceef68f0f2b946d945ecc0477ce4450c,v2,37,Loyalty,label,0,2.7703027495720733,2.77030274957208,0.9978105857995553,5,False,False,,True,,,label,0,,,84ff0e137301f2f2,
Qwen/Qwen2-7B-Instruct,f2826a00ceef68f0f2b946d945ecc0477ce4450c,v2,38,Loyalty,label,0,2.348772478574884,2.348772478574904,0.9987649312698103,5,False,False,,True,,,label,0,,,220698348b66d31a,
Qwen/Qwen2-7B-Instruct,f2826a00ceef68f0f2b946d945ecc0477ce4450c,v2,39,Loyalty,label,0,2.9758163281425114,2.975816328142511,0.997578471596669,5,False,False,,True,,,label,0,,,a141394d2c6be3ad,
Qwen/Qwen2-7B-Instruct,f2826a00ceef68f0f2b946d945ecc0477ce4450c,v2,40,Loyalty,label,0,2.0022436620007773,2.002243662000783,0.9994373467505354,5,False,False,,True,,,label,0,,,b337bd83fa8dd03d,
Qwen/Qwen2-7B-Instruct,f2826a00ceef68f0f2b946d945ecc0477ce4450c,v2,41,Loyalty,label,0,2.7783642718160966,2.778364271816101,0.9987321988478005,5,False,False,,True,,,label,0,,,f33d6d702f709ab0,
Qwen/Qwen2-7B-Instruct,f2826a00ceef68f0f2b946d945ecc0477ce4450c,v2,42,Loyalty,label,0,2.7961407763106765,2.796140776310681,0.9989654433830819,5,False,False,,True,,,label,0,,,3c48ae06d95915d3,
Qwen/Qwen2-7B-Instruct,f2826a00ceef68f0f2b946d945ecc0477ce4450c,v2,43,Loyalty,label,0,3.866982817798138,3.866982817798137,0.9997807619022606,5,False,False,,True,,,label,0,,,48ff0275c29b6f30,
Qwen/Qwen2-7B-Instruct,f2826a00ceef68f0f2b946d945ecc0477ce4450c,v2,44,Loyalty,label,0,2.202204005118949,2.202204005118951,0.9978953722946686,5,False,False,,True,,,label,0,,,16d72da194af7ef1,
Qwen/Qwen2-7B-Instruct,f2826a00ceef68f0f2b946d945ecc0477ce4450c,v2,45,Loyalty,label,0,3.5612658274491427,3.5612658274491413,0.9994312387494975,5,False,False,,True,,,label,0,,,66b48ba1e5e5a678,
Qwen/Qwen2-7B-Instruct,f2826a00ceef68f0f2b946d945ecc0477ce4450c,v2,46,Loyalty,label,0,2.933543348798121,2.9335433487981244,0.9966305548892287,5,False,False,,True,,,label,0,,,180b0dc07534cdef,
Qwen/Qwen2-7B-Instruct,f2826a00ceef68f0f2b946d945ecc0477ce4450c,v2,47,Loyalty,label,0,3.2214355216835218,3.2214355216835218,0.999194405176154,5,False,False,,True,,,label,0,,,a1f45249f0baea0e,
Qwen/Qwen2-7B-Instruct,f2826a00ceef68f0f2b946d945ecc0477ce4450c,v2,48,Loyalty,label,0,2.096009968907857,2.096009968907861,0.993452282084274,5,False,False,,True,,,label,0,,,152b7cacef3b9c1a,
Qwen/Qwen2-7B-Instruct,f2826a00ceef68f0f2b946d945ecc0477ce4450c,v2,49,Loyalty,label,0,1.9948840656339486,1.9948840656339675,0.9985491323036819,5,False,False,,True,,,label,0,,,715ebfd1e999cc39,
Qwen/Qwen2-7B-Instruct,f2826a00ceef68f0f2b946d945ecc0477ce4450c,v2,50,Authority,label,0,2.8526051220945514,2.8526051220945567,0.9977342408739936,5,False,False,,True,,,label,0,,,8abcaf4cca16f190,
Qwen/Qwen2-7B-Instruct,f2826a00ceef68f0f2b946d945ecc0477ce4450c,v2,51,Authority,label,0,2.4077786962951775,2.4077786962951895,0.9943417109271389,5,False,False,,True,,,label,0,,,7b584e434c7e6b4e,
Qwen/Qwen2-7B-Instruct,f2826a00ceef68f0f2b946d945ecc0477ce4450c,v2,52,Authority,label,0,2.8709586263196742,2.8709586263196933,0.9967694440026778,5,False,False,,True,,,label,0,,,55ab7d0788e63dd3,
Qwen/Qwen2-7B-Instruct,f2826a00ceef68f0f2b946d945ecc0477ce4450c,v2,53,Authority,label,0,3.0151794950648627,3.015179495064864,0.9952719288721983,5,False,False,,True,,,label,0,,,dbcc2789be90b8fd,
Qwen/Qwen2-7B-Instruct,f2826a00ceef68f0f2b946d945ecc0477ce4450c,v2,54,Authority,label,0,1.8635160849494954,1.8635160849495,0.9926077077780905,5,False,False,,True,,,label,0,,,0001accf3401fdda,
Qwen/Qwen2-7B-Instruct,f2826a00ceef68f0f2b946d945ecc0477ce4450c,v2,55,Authority,label,0,3.2096370334683164,3.2096370334683155,0.9974968738170213,5,False,False,,True,,,label,0,,,56034e346a4ce822,
Qwen/Qwen2-7B-Instruct,f2826a00ceef68f0f2b946d945ecc0477ce4450c,v2,56,Authority,label,0,2.952055524479387,2.952055524479392,0.9980585838485899,5,False,False,,True,,,label,0,,,7657ec778a329844,
Qwen/Qwen2-7B-Instruct,f2826a00ceef68f0f2b946d945ecc0477ce4450c,v2,57,Authority,label,0,3.0079638392588874,3.007963839258888,0.9979826237249655,5,False,False,,True,,,label,0,,,1b15795fb3577378,
Qwen/Qwen2-7B-Instruct,f2826a00ceef68f0f2b946d945ecc0477ce4450c,v2,58,Authority,label,0,3.81754694771305,3.817546947713051,0.999467675229784,5,False,False,,True,,,label,0,,,d87d948546b88df6,
Qwen/Qwen2-7B-Instruct,f2826a00ceef68f0f2b946d945ecc0477ce4450c,v2,59,Authority,label,0,3.932445051572968,3.932445051572968,0.9998739423496122,5,False,False,,True,,,label,0,,,4f69934a0b664d29,
Qwen/Qwen2-7B-Instruct,f2826a00ceef68f0f2b946d945ecc0477ce4450c,v2,60,Authority,label,0,2.960130400293308,2.960130400293311,0.9989515020163877,5,False,False,,True,,,label,0,,,18fdedf1fc10cee7,
Qwen/Qwen2-7B-Instruct,f2826a00ceef68f0f2b946d945ecc0477ce4450c,v2,61,Authority,label,0,2.14796603833135,2.1479660383313512,0.9950783952501032,5,False,False,,True,,,label,0,,,9622649cb856cb11,
Qwen/Qwen2-7B-Instruct,f2826a00ceef68f0f2b946d945ecc0477ce4450c,v2,62,Authority,label,0,3.267545655124878,3.267545655124877,0.9991014729469361,5,False,False,,True,,,label,0,,,70a2e213b3fc2bd3,
Qwen/Qwen2-7B-Instruct,f2826a00ceef68f0f2b946d945ecc0477ce4450c,v2,63,Authority,label,0,3.007873116189127,3.0078731161891277,0.9992357824987752,5,False,False,,True,,,label,0,,,137a8ba32cf6e17d,
Qwen/Qwen2-7B-Instruct,f2826a00ceef68f0f2b946d945ecc0477ce4450c,v2,64,Authority,label,0,2.885920666318009,2.885920666318011,0.99921473629153,5,False,False,,True,,,label,0,,,02444589de858800,
Qwen/Qwen2-7B-Instruct,f2826a00ceef68f0f2b946d945ecc0477ce4450c,v2,65,Authority,label,0,1.9256486307587557,1.9256486307587692,0.9914028339560437,5,False,False,,True,,,label,0,,,0a7d30ef4bd9ad06,
Qwen/Qwen2-7B-Instruct,f2826a00ceef68f0f2b946d945ecc0477ce4450c,v2,66,Authority,label,0,2.920727618131377,2.9207276181313815,0.9993027957401921,5,False,False,,True,,,label,0,,,1d7b6c98cee0975b,
Qwen/Qwen2-7B-Instruct,f2826a00ceef68f0f2b946d945ecc0477ce4450c,v2,67,Sanctity,label,0,3.9625398835663153,3.9625398835663153,0.9988651769799938,5,False,False,,True,,,label,0,,,9d8258d9a3f08736,
Qwen/Qwen2-7B-Instruct,f2826a00ceef68f0f2b946d945ecc0477ce4450c,v2,68,Sanctity,label,0,3.1733383120512006,3.1733383120511998,0.9787595708859123,5,False,False,,True,,,label,0,,,48ff1f9e23b1b51c,
Qwen/Qwen2-7B-Instruct,f2826a00ceef68f0f2b946d945ecc0477ce4450c,v2,69,Sanctity,label,0,3.979572245974159,3.979572245974159,0.9991442808040846,5,False,False,,True,,,label,0,,,583bb015eeaf3187,
Qwen/Qwen2-7B-Instruct,f2826a00ceef68f0f2b946d945ecc0477ce4450c,v2,70,Sanctity,label,0,3.9959114162272327,3.9959114162272327,0.9995993554251063,5,False,False,,True,,,label,0,,,dfd495d4f718f08e,
Qwen/Qwen2-7B-Instruct,f2826a00ceef68f0f2b946d945ecc0477ce4450c,v2,71,Sanctity,label,0,3.292997037218268,3.2929970372182673,0.998984440723102,5,False,False,,True,,,label,0,,,f3798504cc679afc,
Qwen/Qwen2-7B-Instruct,f2826a00ceef68f0f2b946d945ecc0477ce4450c,v2,72,Sanctity,label,0,3.9999928030652505,3.9999928030652505,0.9998124285488127,5,False,False,,True,,,label,0,,,6d9364b37fef2993,
Qwen/Qwen2-7B-Instruct,f2826a00ceef68f0f2b946d945ecc0477ce4450c,v2,73,Sanctity,label,0,3.7769780374633197,3.7769780374633193,0.999348298407381,5,False,False,,True,,,label,0,,,623b6cdfcfd1d445,
Qwen/Qwen2-7B-Instruct,f2826a00ceef68f0f2b946d945ecc0477ce4450c,v2,74,Sanctity,label,0,3.9667159342270666,3.9667159342270666,0.9987726327851552,5,False,False,,True,,,label,0,,,6c45351c30bed00e,
Qwen/Qwen2-7B-Instruct,f2826a00ceef68f0f2b946d945ecc0477ce4450c,v2,75,Sanctity,label,0,2.2561431188549435,2.2561431188549532,0.9389339480039705,5,False,False,,True,,,label,0,,,1dd9fe930bd12326,
Qwen/Qwen2-7B-Instruct,f2826a00ceef68f0f2b946d945ecc0477ce4450c,v2,76,Sanctity,label,0,3.9999958798894744,3.9999958798894744,0.9998260264464901,5,False,False,,True,,,label,0,,,801ebe9704a735d2,
Qwen/Qwen2-7B-Instruct,f2826a00ceef68f0f2b946d945ecc0477ce4450c,v2,77,Sanctity,label,0,3.0655739857831588,3.065573985783159,0.9886017123034977,5,False,False,,True,,,label,0,,,023ac6d935c90b33,
Qwen/Qwen2-7B-Instruct,f2826a00ceef68f0f2b946d945ecc0477ce4450c,v2,78,Sanctity,label,0,2.9894106563088645,2.989410656308865,0.9865124967413558,5,False,False,,True,,,label,0,,,00991bef33387a02,
Qwen/Qwen2-7B-Instruct,f2826a00ceef68f0f2b946d945ecc0477ce4450c,v2,79,Sanctity,label,0,1.9958216934072885,1.995821693407289,0.9988766550990872,5,False,False,,True,,,label,0,,,2e94672c5bafb988,
Qwen/Qwen2-7B-Instruct,f2826a00ceef68f0f2b946d945ecc0477ce4450c,v2,80,Sanctity,label,0,3.754465132639322,3.754465132639322,0.999225706068867,5,False,False,,True,,,label,0,,,8854940b70cc4c49,
Qwen/Qwen2-7B-Instruct,f2826a00ceef68f0f2b946d945ecc0477ce4450c,v2,81,Sanctity,label,0,2.2459016976054205,2.245901697605423,0.9823844521654671,5,False,False,,True,,,label,0,,,89e48a6bf1e12fcf,
Qwen/Qwen2-7B-Instruct,f2826a00ceef68f0f2b946d945ecc0477ce4450c,v2,82,Sanctity,label,0,2.2023949583400833,2.2023949583400837,0.9951331866257872,5,False,False,,True,,,label,0,,,0b435b2c16481968,
Qwen/Qwen2-7B-Instruct,f2826a00ceef68f0f2b946d945ecc0477ce4450c,v2,83,Sanctity,label,0,2.500488574321875,2.5004885743218814,0.991492895515944,5,False,False,,True,,,label,0,,,bc6cf192427e33c8,
Qwen/Qwen2-7B-Instruct,f2826a00ceef68f0f2b946d945ecc0477ce4450c,v2,84,Liberty,label,0,3.0255118092662574,3.0255118092662574,0.9993456695493623,5,False,False,,True,,,label,0,,,b1b3854e860d9100,
Qwen/Qwen2-7B-Instruct,f2826a00ceef68f0f2b946d945ecc0477ce4450c,v2,85,Liberty,label,0,1.8498507454063409,1.849850745406356,0.9823901205367555,5,False,False,,True,,,label,0,,,ce20ab84270640b1,
Qwen/Qwen2-7B-Instruct,f2826a00ceef68f0f2b946d945ecc0477ce4450c,v2,86,Liberty,label,0,3.9995066701200437,3.9995066701200437,0.9996539303200406,5,False,False,,True,,,label,0,,,da0d9dddb434135b,
Qwen/Qwen2-7B-Instruct,f2826a00ceef68f0f2b946d945ecc0477ce4450c,v2,87,Liberty,label,0,3.9626317088860135,3.9626317088860126,0.9998503545125637,5,False,False,,True,,,label,0,,,119473ab47a18690,
Qwen/Qwen2-7B-Instruct,f2826a00ceef68f0f2b946d945ecc0477ce4450c,v2,88,Liberty,label,0,3.4370802689107056,3.4370802689107034,0.9987467697733171,5,False,False,,True,,,label,0,,,0b2ffc0615e5d071,
Qwen/Qwen2-7B-Instruct,f2826a00ceef68f0f2b946d945ecc0477ce4450c,v2,89,Liberty,label,0,2.019185285903543,2.0191852859035424,0.9981918235234208,5,False,False,,True,,,label,0,,,51e5131d1ecdf088,
Qwen/Qwen2-7B-Instruct,f2826a00ceef68f0f2b946d945ecc0477ce4450c,v2,90,Liberty,label,0,3.995386232509632,3.995386232509632,0.9996496429437376,5,False,False,,True,,,label,0,,,a360e93e7fa1d757,
Qwen/Qwen2-7B-Instruct,f2826a00ceef68f0f2b946d945ecc0477ce4450c,v2,91,Liberty,label,0,3.999996768342229,3.999996768342229,0.9997563727094022,5,False,False,,True,,,label,0,,,704961020f5ea07d,
Qwen/Qwen2-7B-Instruct,f2826a00ceef68f0f2b946d945ecc0477ce4450c,v2,92,Liberty,label,0,3.9148281470539397,3.9148281470539397,0.9994276782582387,5,False,False,,True,,,label,0,,,8fd2dde7d322fcd7,
Qwen/Qwen2-7B-Instruct,f2826a00ceef68f0f2b946d945ecc0477ce4450c,v2,93,Liberty,label,0,2.3209535862322883,2.3209535862322883,0.9875394130858411,5,False,False,,True,,,label,0,,,2da496a5ce96df9d,
Qwen/Qwen2-7B-Instruct,f2826a00ceef68f0f2b946d945ecc0477ce4450c,v2,94,Liberty,label,0,2.8218985917818284,2.8218985917818245,0.9961882626672284,5,False,False,,True,,,label,0,,,9493b30ead7f5a0f,
Qwen/Qwen2-7B-Instruct,f2826a00ceef68f0f2b946d945ecc0477ce4450c,v2,95,Liberty,label,0,2.9705177295616743,2.9705177295616734,0.9910087670533452,5,False,False,,True,,,label,0,,,1a684fcadd9e89cf,
Qwen/Qwen2-7B-Instruct,f2826a00ceef68f0f2b946d945ecc0477ce4450c,v2,96,Liberty,label,0,1.984354061853269,1.9843540618532702,0.9908280755824509,5,False,False,,True,,,label,0,,,752a1c71fc01a52e,
Qwen/Qwen2-7B-Instruct,f2826a00ceef68f0f2b946d945ecc0477ce4450c,v2,97,Liberty,label,0,1.9922139262316245,1.9922139262316276,0.9964965847228173,5,False,False,,True,,,label,0,,,78236a325230bb93,
Qwen/Qwen2-7B-Instruct,f2826a00ceef68f0f2b946d945ecc0477ce4450c,v2,98,Liberty,label,0,3.999510636498479,3.999510636498479,0.9997302748805169,5,False,False,,True,,,label,0,,,24d9d1d954c03c7a,
Qwen/Qwen2-7B-Instruct,f2826a00ceef68f0f2b946d945ecc0477ce4450c,v2,99,Liberty,label,0,3.9770065510127934,3.9770065510127934,0.9997369594983824,5,False,False,,True,,,label,0,,,18987dfee8219602,
Qwen/Qwen2-7B-Instruct,f2826a00ceef68f0f2b946d945ecc0477ce4450c,v2,100,Liberty,label,0,2.5001818566444833,2.500181856644484,0.9988848368593825,5,False,False,,True,,,label,0,,,cb73f032e5c256e6,
Qwen/Qwen2-7B-Instruct,f2826a00ceef68f0f2b946d945ecc0477ce4450c,v2,101,Social Norms,label,0,1.9409187603447313,1.9409187603447435,0.9882449766416943,5,False,False,,True,,,label,0,,,d73b029f99fc7b91,
Qwen/Qwen2-7B-Instruct,f2826a00ceef68f0f2b946d945ecc0477ce4450c,v2,102,Social Norms,label,0,0.6827447186176697,0.6827447186176762,0.9952149865647159,5,False,False,,True,,,label,0,,,c7662e365cd22eec,
Qwen/Qwen2-7B-Instruct,f2826a00ceef68f0f2b946d945ecc0477ce4450c,v2,103,Social Norms,label,0,1.9270844496867219,1.9270844496867243,0.9829833397816604,5,False,False,,True,,,label,0,,,aee8740edc980e2d,
Qwen/Qwen2-7B-Instruct,f2826a00ceef68f0f2b946d945ecc0477ce4450c,v2,104,Social Norms,label,0,1.6744199074899164,1.674419907489921,0.9917494940122237,5,False,False,,True,,,label,0,,,ae37a93ce11002ed,
Qwen/Qwen2-7B-Instruct,f2826a00ceef68f0f2b946d945ecc0477ce4450c,v2,105,Social Norms,label,0,0.7913663509512096,0.7913663509512173,0.9956956377421089,5,False,False,,True,,,label,0,,,594111d68b18945e,
Qwen/Qwen2-7B-Instruct,f2826a00ceef68f0f2b946d945ecc0477ce4450c,v2,106,Social Norms,label,0,1.8789929545987598,1.8789929545987645,0.9764486257590277,5,False,False,,True,,,label,0,,,2fdb8be96f275ac2,
Qwen/Qwen2-7B-Instruct,f2826a00ceef68f0f2b946d945ecc0477ce4450c,v2,107,Social Norms,label,0,1.4684655006644172,1.4684655006644252,0.9943035275978875,5,False,False,,True,,,label,0,,,24edf6f925d94f05,
Qwen/Qwen2-7B-Instruct,f2826a00ceef68f0f2b946d945ecc0477ce4450c,v2,108,Social Norms,label,0,1.1591091558850997,1.1591091558851014,0.9900219208305385,5,False,False,,True,,,label,0,,,27715cd283df48a0,
Qwen/Qwen2-7B-Instruct,f2826a00ceef68f0f2b946d945ecc0477ce4450c,v2,109,Social Norms,label,0,1.9645503002736882,1.964550300273692,0.9921029796728108,5,False,False,,True,,,label,0,,,dcfc113a808c1bdb,
Qwen/Qwen2-7B-Instruct,f2826a00ceef68f0f2b946d945ecc0477ce4450c,v2,110,Social Norms,label,0,1.8917638040061415,1.8917638040061426,0.9939445868489225,5,False,False,,True,,,label,0,,,f1c0bc960d5937e3,
Qwen/Qwen2-7B-Instruct,f2826a00ceef68f0f2b946d945ecc0477ce4450c,v2,111,Social Norms,label,0,1.025470518087471,1.0254705180874713,0.9988806318594282,5,False,False,,True,,,label,0,,,89c0909c0739fffa,
Qwen/Qwen2-7B-Instruct,f2826a00ceef68f0f2b946d945ecc0477ce4450c,v2,112,Social Norms,label,0,1.2950536625394717,1.2950536625394942,0.9894533398614772,5,False,False,,True,,,label,0,,,8dfc7fd7354cb2e9,
Qwen/Qwen2-7B-Instruct,f2826a00ceef68f0f2b946d945ecc0477ce4450c,v2,113,Social Norms,label,0,0.19906416989118353,0.1990641698911872,0.9840863381730783,5,False,False,,True,,,label,0,,,b3482461ba269d3e,
Qwen/Qwen2-7B-Instruct,f2826a00ceef68f0f2b946d945ecc0477ce4450c,v2,114,Social Norms,label,0,2.222561520874056,2.2225615208740552,0.9991291993048682,5,False,False,,True,,,label,0,,,f60f43d43dc45aa2,
Qwen/Qwen2-7B-Instruct,f2826a00ceef68f0f2b946d945ecc0477ce4450c,v2,115,Social Norms,label,0,0.013458778640256507,0.013458778640256457,0.9988301599229135,5,False,False,,True,,,label,0,,,db10559161b3c6fc,
Qwen/Qwen2-7B-Instruct,f2826a00ceef68f0f2b946d945ecc0477ce4450c,v2,116,Social Norms,label,0,0.4374341951372198,0.4374341951372021,0.9891221211839041,5,False,False,,True,,,label,0,,,20d4044e0980b5e9,
Qwen/Qwen2-7B-Instruct,f2826a00ceef68f0f2b946d945ecc0477ce4450c,v2,1,Care,string_line,0,3.9981274811937433,3.1214408585100633,0.0004311877682248036,5,False,False,,True,,,line,0,,,add09e54f847dca8,
Qwen/Qwen2-7B-Instruct,f2826a00ceef68f0f2b946d945ecc0477ce4450c,v2,2,Care,string_line,0,2.817753003612089,2.209238050953252,0.0015335939943427648,5,False,False,,True,,,line,0,,,d02b48f484c9fd49,
Qwen/Qwen2-7B-Instruct,f2826a00ceef68f0f2b946d945ecc0477ce4450c,v2,3,Care,string_line,0,3.1070067397807057,2.885961255903208,0.005089859457984573,5,False,False,,True,,,line,0,,,e77c696dedb9b296,
Qwen/Qwen2-7B-Instruct,f2826a00ceef68f0f2b946d945ecc0477ce4450c,v2,4,Care,string_line,0,2.9795936402072978,2.5082993324570153,0.003902271149721811,5,False,False,,True,,,line,0,,,dadf494a191d2f13,
Qwen/Qwen2-7B-Instruct,f2826a00ceef68f0f2b946d945ecc0477ce4450c,v2,5,Care,string_line,0,3.075268807248943,2.738396959880985,0.0016207556238751898,5,False,False,,True,,,line,0,,,0b9923ec57337d19,
Qwen/Qwen2-7B-Instruct,f2826a00ceef68f0f2b946d945ecc0477ce4450c,v2,6,Care,string_line,0,2.2931443081216067,1.9878649745574106,0.0010555093367313807,5,False,False,,True,,,line,0,,,790adece3c4da7ab,
Qwen/Qwen2-7B-Instruct,f2826a00ceef68f0f2b946d945ecc0477ce4450c,v2,7,Care,string_line,0,3.9586877944400753,3.0190079847981712,0.00030838912987974574,5,False,False,,True,,,line,0,,,345d14a786ab109a,
Qwen/Qwen2-7B-Instruct,f2826a00ceef68f0f2b946d945ecc0477ce4450c,v2,8,Care,string_line,0,3.9671069816648306,2.9801968736929627,0.00082838210636774,5,False,False,,True,,,line,0,,,5be4a442bb5edd86,
Qwen/Qwen2-7B-Instruct,f2826a00ceef68f0f2b946d945ecc0477ce4450c,v2,9,Care,string_line,0,3.058517374375413,2.7887911892840083,0.003752666825893293,5,False,False,,True,,,line,0,,,e7ce26205a7890a7,
Qwen/Qwen2-7B-Instruct,f2826a00ceef68f0f2b946d945ecc0477ce4450c,v2,10,Care,string_line,0,3.9954181507689595,3.070819349342222,0.0004322635078718715,5,False,False,,True,,,line,0,,,7373d2cc4d2c27d7,
Qwen/Qwen2-7B-Instruct,f2826a00ceef68f0f2b946d945ecc0477ce4450c,v2,11,Care,string_line,0,3.994152572176494,3.036203052849619,0.0002317329848726839,5,False,False,,True,,,line,0,,,15c66492ec351920,
Qwen/Qwen2-7B-Instruct,f2826a00ceef68f0f2b946d945ecc0477ce4450c,v2,12,Care,string_line,0,3.531697471869863,2.8623374727185,0.0012869462471918184,5,False,False,,True,,,line,0,,,96a5e8d58cc271a5,
Qwen/Qwen2-7B-Instruct,f2826a00ceef68f0f2b946d945ecc0477ce4450c,v2,13,Care,string_line,0,2.110553265180954,1.8212848209741568,0.0009954015519872206,5,False,False,,True,,,line,0,,,385dff2177d66657,
Qwen/Qwen2-7B-Instruct,f2826a00ceef68f0f2b946d945ecc0477ce4450c,v2,14,Care,string_line,0,2.9016005205883615,2.3295324283041574,0.0027473255109071704,5,False,False,,True,,,line,0,,,bbb67b2a11cd6d48,
Qwen/Qwen2-7B-Instruct,f2826a00ceef68f0f2b946d945ecc0477ce4450c,v2,15,Care,string_line,0,2.1167440140128715,1.742496790963008,0.0013798318709442,5,False,False,,True,,,line,0,,,b5ac1afe2446645a,
Qwen/Qwen2-7B-Instruct,f2826a00ceef68f0f2b946d945ecc0477ce4450c,v2,16,Care,string_line,0,2.493807544465574,2.045376147803632,0.0013519434218010838,5,False,False,,True,,,line,0,,,74dd84997245ee1f,
Qwen/Qwen2-7B-Instruct,f2826a00ceef68f0f2b946d945ecc0477ce4450c,v2,17,Fairness,string_line,0,3.9404746716874355,3.048968673284962,0.0005857077816319945,5,False,False,,True,,,line,0,,,081bbdeb27c9d9ba,
Qwen/Qwen2-7B-Instruct,f2826a00ceef68f0f2b946d945ecc0477ce4450c,v2,18,Fairness,string_line,0,3.1179036758886847,2.816968713554021,0.004022146602706554,5,False,False,,True,,,line,0,,,8f864c44ad7b8898,
Qwen/Qwen2-7B-Instruct,f2826a00ceef68f0f2b946d945ecc0477ce4450c,v2,19,Fairness,string_line,0,2.9866712397316753,2.502776691813497,0.0040223972995155,5,False,False,,True,,,line,0,,,c3b9a40c082b9de1,
Qwen/Qwen2-7B-Instruct,f2826a00ceef68f0f2b946d945ecc0477ce4450c,v2,20,Fairness,string_line,0,2.138118601490647,1.7660555190620493,0.0015985152875568108,5,False,False,,True,,,line,0,,,3918ce1d488b140f,
Qwen/Qwen2-7B-Instruct,f2826a00ceef68f0f2b946d945ecc0477ce4450c,v2,21,Fairness,string_line,0,3.067245893789406,2.792454915899898,0.0023337192081648896,5,False,False,,True,,,line,0,,,e7dbcc1c43407f04,
Qwen/Qwen2-7B-Instruct,f2826a00ceef68f0f2b946d945ecc0477ce4450c,v2,22,Fairness,string_line,0,3.998090280878326,2.9768617189795292,0.00038051208465730927,5,False,False,,True,,,line,0,,,c11a4afee3b09914,
Qwen/Qwen2-7B-Instruct,f2826a00ceef68f0f2b946d945ecc0477ce4450c,v2,23,Fairness,string_line,0,3.9972073845031466,2.951793395788948,0.00026177935735674523,5,False,False,,True,,,line,0,,,4db4f9d71823acc3,
Qwen/Qwen2-7B-Instruct,f2826a00ceef68f0f2b946d945ecc0477ce4450c,v2,24,Fairness,string_line,0,3.0184467463983675,2.67319786542555,0.003138196816254181,5,False,False,,True,,,line,0,,,42f0ae82fc584562,
Qwen/Qwen2-7B-Instruct,f2826a00ceef68f0f2b946d945ecc0477ce4450c,v2,25,Fairness,string_line,0,3.9051362240017213,2.980498880816573,0.0006856077176400755,5,False,False,,True,,,line,0,,,6f98b76fa9e2e97c,
Qwen/Qwen2-7B-Instruct,f2826a00ceef68f0f2b946d945ecc0477ce4450c,v2,26,Fairness,string_line,0,3.2948292533751333,2.840090030444703,0.0016482540541524382,5,False,False,,True,,,line,0,,,1aee3ca950d4a6e4,
Qwen/Qwen2-7B-Instruct,f2826a00ceef68f0f2b946d945ecc0477ce4450c,v2,27,Fairness,string_line,0,3.320497802845206,2.8112781143514862,0.0014703830950637568,5,False,False,,True,,,line,0,,,ade18057e1400d65,
Qwen/Qwen2-7B-Instruct,f2826a00ceef68f0f2b946d945ecc0477ce4450c,v2,28,Fairness,string_line,0,3.86802827616584,3.011062130716041,0.0006311005436801579,5,False,False,,True,,,line,0,,,b4e9ce6e709fa91c,
Qwen/Qwen2-7B-Instruct,f2826a00ceef68f0f2b946d945ecc0477ce4450c,v2,29,Fairness,string_line,0,2.8850148929409456,2.12163705786954,0.0008276773574951122,5,False,False,,True,,,line,0,,,da64ef21624e20a9,
Qwen/Qwen2-7B-Instruct,f2826a00ceef68f0f2b946d945ecc0477ce4450c,v2,30,Fairness,string_line,0,3.4393497020689545,2.935314574196186,0.0017959761880647694,5,False,False,,True,,,line,0,,,d620d38d7aa1adbc,
Qwen/Qwen2-7B-Instruct,f2826a00ceef68f0f2b946d945ecc0477ce4450c,v2,31,Fairness,string_line,0,3.7779979066132316,2.8555634668753527,0.0006138033977352846,5,False,False,,True,,,line,0,,,f7db8614c705ed1c,
Qwen/Qwen2-7B-Instruct,f2826a00ceef68f0f2b946d945ecc0477ce4450c,v2,32,Fairness,string_line,0,2.115953534503671,1.73997292129325,0.0009966075998917836,5,False,False,,True,,,line,0,,,e7e9b34bb6f8c18c,
Qwen/Qwen2-7B-Instruct,f2826a00ceef68f0f2b946d945ecc0477ce4450c,v2,33,Fairness,string_line,0,3.0023728381658814,2.55225542806362,0.0024656966851627216,5,False,False,,True,,,line,0,,,686a1b3efdf36cd5,
Qwen/Qwen2-7B-Instruct,f2826a00ceef68f0f2b946d945ecc0477ce4450c,v2,34,Loyalty,string_line,0,2.975462612633643,2.493256195654714,0.0036510923207001104,5,False,False,,True,,,line,0,,,ef54c6e33f2da7e9,
Qwen/Qwen2-7B-Instruct,f2826a00ceef68f0f2b946d945ecc0477ce4450c,v2,35,Loyalty,string_line,0,1.7415454297059656,1.4398107408004475,0.00397552211463943,5,False,False,,True,,,line,0,,,02880fca6e34aaaa,
Qwen/Qwen2-7B-Instruct,f2826a00ceef68f0f2b946d945ecc0477ce4450c,v2,36,Loyalty,string_line,0,2.627024180065069,2.0197910358441042,0.002231805831642882,5,False,False,,True,,,line,0,,,42b153f9fbe3be60,
Qwen/Qwen2-7B-Instruct,f2826a00ceef68f0f2b946d945ecc0477ce4450c,v2,37,Loyalty,string_line,0,2.9760970180522115,2.296292898952503,0.001756855653969951,5,False,False,,True,,,line,0,,,84ff0e137301f2f2,
Qwen/Qwen2-7B-Instruct,f2826a00ceef68f0f2b946d945ecc0477ce4450c,v2,38,Loyalty,string_line,0,2.3759480117047183,1.966348486768444,0.001572778424980345,5,False,False,,True,,,line,0,,,220698348b66d31a,
Qwen/Qwen2-7B-Instruct,f2826a00ceef68f0f2b946d945ecc0477ce4450c,v2,39,Loyalty,string_line,0,2.9718353685837333,2.396834090084737,0.0027207240664658167,5,False,False,,True,,,line,0,,,a141394d2c6be3ad,
Qwen/Qwen2-7B-Instruct,f2826a00ceef68f0f2b946d945ecc0477ce4450c,v2,40,Loyalty,string_line,0,2.0346483618126667,1.5891590015590185,0.0011117767149858527,5,False,False,,True,,,line,0,,,b337bd83fa8dd03d,
Qwen/Qwen2-7B-Instruct,f2826a00ceef68f0f2b946d945ecc0477ce4450c,v2,41,Loyalty,string_line,0,2.9249848973608765,2.3537964087162146,0.00562524860901637,5,False,False,,True,,,line,0,,,f33d6d702f709ab0,
Qwen/Qwen2-7B-Instruct,f2826a00ceef68f0f2b946d945ecc0477ce4450c,v2,42,Loyalty,string_line,0,2.968291560837499,2.2810686054549674,0.002311870300571395,5,False,False,,True,,,line,0,,,3c48ae06d95915d3,
Qwen/Qwen2-7B-Instruct,f2826a00ceef68f0f2b946d945ecc0477ce4450c,v2,43,Loyalty,string_line,0,3.469293368183246,2.8680099872321185,0.0007948722096291916,5,False,False,,True,,,line,0,,,48ff0275c29b6f30,
Qwen/Qwen2-7B-Instruct,f2826a00ceef68f0f2b946d945ecc0477ce4450c,v2,44,Loyalty,string_line,0,2.296422700156566,2.0167603263555436,0.0015008419800889808,5,False,False,,True,,,line,0,,,16d72da194af7ef1,
Qwen/Qwen2-7B-Instruct,f2826a00ceef68f0f2b946d945ecc0477ce4450c,v2,45,Loyalty,string_line,0,3.163211487558268,2.785461331171751,0.0016634831207945429,5,False,False,,True,,,line,0,,,66b48ba1e5e5a678,
Qwen/Qwen2-7B-Instruct,f2826a00ceef68f0f2b946d945ecc0477ce4450c,v2,46,Loyalty,string_line,0,2.9369123312068304,2.286580278040723,0.003988777920571874,5,False,False,,True,,,line,0,,,180b0dc07534cdef,
Qwen/Qwen2-7B-Instruct,f2826a00ceef68f0f2b946d945ecc0477ce4450c,v2,47,Loyalty,string_line,0,3.073849722101733,2.700735031794372,0.003023146096684163,5,False,False,,True,,,line,0,,,a1f45249f0baea0e,
Qwen/Qwen2-7B-Instruct,f2826a00ceef68f0f2b946d945ecc0477ce4450c,v2,48,Loyalty,string_line,0,2.1238055769304567,1.7080829518580798,0.0034313966808463643,5,False,False,,True,,,line,0,,,152b7cacef3b9c1a,
Qwen/Qwen2-7B-Instruct,f2826a00ceef68f0f2b946d945ecc0477ce4450c,v2,49,Loyalty,string_line,0,2.061111287465671,1.6568585292225355,0.0009195459072067328,5,False,False,,True,,,line,0,,,715ebfd1e999cc39,
Qwen/Qwen2-7B-Instruct,f2826a00ceef68f0f2b946d945ecc0477ce4450c,v2,50,Authority,string_line,0,2.9403644083210065,2.340447248037246,0.0036810091809314043,5,False,False,,True,,,line,0,,,8abcaf4cca16f190,
Qwen/Qwen2-7B-Instruct,f2826a00ceef68f0f2b946d945ecc0477ce4450c,v2,51,Authority,string_line,0,2.343270923317727,1.8655336431807101,0.002541127118689905,5,False,False,,True,,,line,0,,,7b584e434c7e6b4e,
Qwen/Qwen2-7B-Instruct,f2826a00ceef68f0f2b946d945ecc0477ce4450c,v2,52,Authority,string_line,0,2.83732072517578,2.353299602016872,0.008849141368442275,5,False,False,,True,,,line,0,,,55ab7d0788e63dd3,
Qwen/Qwen2-7B-Instruct,f2826a00ceef68f0f2b946d945ecc0477ce4450c,v2,53,Authority,string_line,0,3.0044109136022388,2.544465071071327,0.002795053159181258,5,False,False,,True,,,line,0,,,dbcc2789be90b8fd,
Qwen/Qwen2-7B-Instruct,f2826a00ceef68f0f2b946d945ecc0477ce4450c,v2,54,Authority,string_line,0,1.467925683706964,1.3400147681081926,0.0007829315528596169,5,False,False,,True,,,line,0,,,0001accf3401fdda,
Qwen/Qwen2-7B-Instruct,f2826a00ceef68f0f2b946d945ecc0477ce4450c,v2,55,Authority,string_line,0,3.0242420720838954,2.5388687131613508,0.005889702250605652,5,False,False,,True,,,line,0,,,56034e346a4ce822,
Qwen/Qwen2-7B-Instruct,f2826a00ceef68f0f2b946d945ecc0477ce4450c,v2,56,Authority,string_line,0,2.960902976586979,2.5159859863246052,0.011605532798176823,5,False,False,,True,,,line,0,,,7657ec778a329844,
Qwen/Qwen2-7B-Instruct,f2826a00ceef68f0f2b946d945ecc0477ce4450c,v2,57,Authority,string_line,0,2.9944267263193605,2.519146175772229,0.004006560082410852,5,False,False,,True,,,line,0,,,1b15795fb3577378,
Qwen/Qwen2-7B-Instruct,f2826a00ceef68f0f2b946d945ecc0477ce4450c,v2,58,Authority,string_line,0,3.592935727960611,2.940732911058766,0.000977665658184482,5,False,False,,True,,,line,0,,,d87d948546b88df6,
Qwen/Qwen2-7B-Instruct,f2826a00ceef68f0f2b946d945ecc0477ce4450c,v2,59,Authority,string_line,0,3.6243965705083268,3.024109795886889,0.0017457566597972292,5,False,False,,True,,,line,0,,,4f69934a0b664d29,
Qwen/Qwen2-7B-Instruct,f2826a00ceef68f0f2b946d945ecc0477ce4450c,v2,60,Authority,string_line,0,2.9204681640920542,2.4586693696226236,0.006129216435800049,5,False,False,,True,,,line,0,,,18fdedf1fc10cee7,
Qwen/Qwen2-7B-Instruct,f2826a00ceef68f0f2b946d945ecc0477ce4450c,v2,61,Authority,string_line,0,2.29287896147144,1.969543235483105,0.0014051036387340255,5,False,False,,True,,,line,0,,,9622649cb856cb11,
Qwen/Qwen2-7B-Instruct,f2826a00ceef68f0f2b946d945ecc0477ce4450c,v2,62,Authority,string_line,0,3.067093144114312,2.8007095760716214,0.004087552568421755,5,False,False,,True,,,line,0,,,70a2e213b3fc2bd3,
Qwen/Qwen2-7B-Instruct,f2826a00ceef68f0f2b946d945ecc0477ce4450c,v2,63,Authority,string_line,0,2.9906131484793166,2.501670136403855,0.0021775580908501573,5,False,False,,True,,,line,0,,,137a8ba32cf6e17d,
Qwen/Qwen2-7B-Instruct,f2826a00ceef68f0f2b946d945ecc0477ce4450c,v2,64,Authority,string_line,0,2.9504830503263015,2.3989488552563576,0.0015799301877201057,5,False,False,,True,,,line,0,,,02444589de858800,
Qwen/Qwen2-7B-Instruct,f2826a00ceef68f0f2b946d945ecc0477ce4450c,v2,65,Authority,string_line,0,1.8415810787751568,1.4406901716983902,0.0021556318306452413,5,False,False,,True,,,line,0,,,0a7d30ef4bd9ad06,
Qwen/Qwen2-7B-Instruct,f2826a00ceef68f0f2b946d945ecc0477ce4450c,v2,66,Authority,string_line,0,2.842293429831194,2.34462475057276,0.0034701215484325603,5,False,False,,True,,,line,0,,,1d7b6c98cee0975b,
Qwen/Qwen2-7B-Instruct,f2826a00ceef68f0f2b946d945ecc0477ce4450c,v2,67,Sanctity,string_line,0,3.797579391067706,2.7309096394859864,0.00045765615776863005,5,False,False,,True,,,line,0,,,9d8258d9a3f08736,
Qwen/Qwen2-7B-Instruct,f2826a00ceef68f0f2b946d945ecc0477ce4450c,v2,68,Sanctity,string_line,0,3.044744040882022,2.470815352107334,0.0029197875779338523,5,False,False,,True,,,line,0,,,48ff1f9e23b1b51c,
Qwen/Qwen2-7B-Instruct,f2826a00ceef68f0f2b946d945ecc0477ce4450c,v2,69,Sanctity,string_line,0,3.880658574935036,2.823147809267364,0.000613985690189499,5,False,False,,True,,,line,0,,,583bb015eeaf3187,
Qwen/Qwen2-7B-Instruct,f2826a00ceef68f0f2b946d945ecc0477ce4450c,v2,70,Sanctity,string_line,0,3.9768635685367815,2.810274494559042,0.0005631017653514153,5,False,False,,True,,,line,0,,,dfd495d4f718f08e,
Qwen/Qwen2-7B-Instruct,f2826a00ceef68f0f2b946d945ecc0477ce4450c,v2,71,Sanctity,string_line,0,3.1612892133883967,2.723298190954408,0.0034425174978511704,5,False,False,,True,,,line,0,,,f3798504cc679afc,
Qwen/Qwen2-7B-Instruct,f2826a00ceef68f0f2b946d945ecc0477ce4450c,v2,72,Sanctity,string_line,0,3.9994377206478213,2.7693644260682873,0.00010889617059480968,5,False,False,,True,,,line,0,,,6d9364b37fef2993,
Qwen/Qwen2-7B-Instruct,f2826a00ceef68f0f2b946d945ecc0477ce4450c,v2,73,Sanctity,string_line,0,3.377215718411981,2.8298551314286313,0.0012867626591265356,5,False,False,,True,,,line,0,,,623b6cdfcfd1d445,
Qwen/Qwen2-7B-Instruct,f2826a00ceef68f0f2b946d945ecc0477ce4450c,v2,74,Sanctity,string_line,0,3.8156388992469803,2.6756965190657787,0.0008384067326471685,5,False,False,,True,,,line,0,,,6c45351c30bed00e,
Qwen/Qwen2-7B-Instruct,f2826a00ceef68f0f2b946d945ecc0477ce4450c,v2,75,Sanctity,string_line,0,2.282735972660405,1.7246236805394535,0.00197500855344434,5,False,False,,True,,,line,0,,,1dd9fe930bd12326,
Qwen/Qwen2-7B-Instruct,f2826a00ceef68f0f2b946d945ecc0477ce4450c,v2,76,Sanctity,string_line,0,3.9997667161381587,2.8282095915631764,0.00013978951460624596,5,False,False,,True,,,line,0,,,801ebe9704a735d2,
Qwen/Qwen2-7B-Instruct,f2826a00ceef68f0f2b946d945ecc0477ce4450c,v2,77,Sanctity,string_line,0,2.988590025655862,2.3102919171747214,0.0023900584231629097,5,False,False,,True,,,line,0,,,023ac6d935c90b33,
Qwen/Qwen2-7B-Instruct,f2826a00ceef68f0f2b946d945ecc0477ce4450c,v2,78,Sanctity,string_line,0,2.9910162122196873,2.3218825562496184,0.001111433416759691,5,False,False,,True,,,line,0,,,00991bef33387a02,
Qwen/Qwen2-7B-Instruct,f2826a00ceef68f0f2b946d945ecc0477ce4450c,v2,79,Sanctity,string_line,0,1.9586166412654054,1.5148752770687925,0.000361926643117904,5,False,False,,True,,,line,0,,,2e94672c5bafb988,
Qwen/Qwen2-7B-Instruct,f2826a00ceef68f0f2b946d945ecc0477ce4450c,v2,80,Sanctity,string_line,0,3.4986329364933897,2.8153358867548537,0.0015568346783423539,5,False,False,,True,,,line,0,,,8854940b70cc4c49,
Qwen/Qwen2-7B-Instruct,f2826a00ceef68f0f2b946d945ecc0477ce4450c,v2,81,Sanctity,string_line,0,2.267841139124854,1.900127384403811,0.0028496878475804364,5,False,False,,True,,,line,0,,,89e48a6bf1e12fcf,
Qwen/Qwen2-7B-Instruct,f2826a00ceef68f0f2b946d945ecc0477ce4450c,v2,82,Sanctity,string_line,0,2.654704880506157,1.9579215258564613,0.00041720997942429377,5,False,False,,True,,,line,0,,,0b435b2c16481968,
Qwen/Qwen2-7B-Instruct,f2826a00ceef68f0f2b946d945ecc0477ce4450c,v2,83,Sanctity,string_line,0,2.59290761674038,2.12895322935799,0.0018269715924875936,5,False,False,,True,,,line,0,,,bc6cf192427e33c8,
Qwen/Qwen2-7B-Instruct,f2826a00ceef68f0f2b946d945ecc0477ce4450c,v2,84,Liberty,string_line,0,3.019614678591955,2.6205881471771426,0.002793552897427587,5,False,False,,True,,,line,0,,,b1b3854e860d9100,
Qwen/Qwen2-7B-Instruct,f2826a00ceef68f0f2b946d945ecc0477ce4450c,v2,85,Liberty,string_line,0,1.8314200528113134,1.2949880855110403,0.0027820075207402152,5,False,False,,True,,,line,0,,,ce20ab84270640b1,
Qwen/Qwen2-7B-Instruct,f2826a00ceef68f0f2b946d945ecc0477ce4450c,v2,86,Liberty,string_line,0,3.974554998561177,2.903646105566327,0.0004999757986337305,5,False,False,,True,,,line,0,,,da0d9dddb434135b,
Qwen/Qwen2-7B-Instruct,f2826a00ceef68f0f2b946d945ecc0477ce4450c,v2,87,Liberty,string_line,0,3.7982624929155686,2.980342504772147,0.0005189048914628814,5,False,False,,True,,,line,0,,,119473ab47a18690,
Qwen/Qwen2-7B-Instruct,f2826a00ceef68f0f2b946d945ecc0477ce4450c,v2,88,Liberty,string_line,0,3.2432311195603893,2.7570871730212305,0.0016254052876409316,5,False,False,,True,,,line,0,,,0b2ffc0615e5d071,
Qwen/Qwen2-7B-Instruct,f2826a00ceef68f0f2b946d945ecc0477ce4450c,v2,89,Liberty,string_line,0,2.05539050448285,1.803965491058238,0.0037473841259040696,5,False,False,,True,,,line,0,,,51e5131d1ecdf088,
Qwen/Qwen2-7B-Instruct,f2826a00ceef68f0f2b946d945ecc0477ce4450c,v2,90,Liberty,string_line,0,3.932769528383121,2.976591433715509,0.00045913196495823944,5,False,False,,True,,,line,0,,,a360e93e7fa1d757,
Qwen/Qwen2-7B-Instruct,f2826a00ceef68f0f2b946d945ecc0477ce4450c,v2,91,Liberty,string_line,0,3.9998243181311492,2.996979798207535,0.0005525570717679986,5,False,False,,True,,,line,0,,,704961020f5ea07d,
Qwen/Qwen2-7B-Instruct,f2826a00ceef68f0f2b946d945ecc0477ce4450c,v2,92,Liberty,string_line,0,3.679658655067243,2.938945038427178,0.0012249772616056264,5,False,False,,True,,,line,0,,,8fd2dde7d322fcd7,
Qwen/Qwen2-7B-Instruct,f2826a00ceef68f0f2b946d945ecc0477ce4450c,v2,93,Liberty,string_line,0,2.377471175603507,2.103087401224774,0.004965637211767596,5,False,False,,True,,,line,0,,,2da496a5ce96df9d,
Qwen/Qwen2-7B-Instruct,f2826a00ceef68f0f2b946d945ecc0477ce4450c,v2,94,Liberty,string_line,0,2.908096887561499,2.203896384579959,0.0017345913938531686,5,False,False,,True,,,line,0,,,9493b30ead7f5a0f,
Qwen/Qwen2-7B-Instruct,f2826a00ceef68f0f2b946d945ecc0477ce4450c,v2,95,Liberty,string_line,0,2.960636916648897,2.4786132221101,0.004578080963442247,5,False,False,,True,,,line,0,,,1a684fcadd9e89cf,
Qwen/Qwen2-7B-Instruct,f2826a00ceef68f0f2b946d945ecc0477ce4450c,v2,96,Liberty,string_line,0,1.9797610353435284,1.472486237347725,0.003153199704278717,5,False,False,,True,,,line,0,,,752a1c71fc01a52e,
Qwen/Qwen2-7B-Instruct,f2826a00ceef68f0f2b946d945ecc0477ce4450c,v2,97,Liberty,string_line,0,1.9768992524636992,1.50704200956265,0.0012064656596056493,5,False,False,,True,,,line,0,,,78236a325230bb93,
Qwen/Qwen2-7B-Instruct,f2826a00ceef68f0f2b946d945ecc0477ce4450c,v2,98,Liberty,string_line,0,3.984320968925554,3.0953877050847804,0.000495127939865702,5,False,False,,True,,,line,0,,,24d9d1d954c03c7a,
Qwen/Qwen2-7B-Instruct,f2826a00ceef68f0f2b946d945ecc0477ce4450c,v2,99,Liberty,string_line,0,3.8363243000290432,2.9554844966556044,0.0010636553419184557,5,False,False,,True,,,line,0,,,18987dfee8219602,
Qwen/Qwen2-7B-Instruct,f2826a00ceef68f0f2b946d945ecc0477ce4450c,v2,100,Liberty,string_line,0,2.731118044652166,2.1851386093976624,0.0010257800236580673,5,False,False,,True,,,line,0,,,cb73f032e5c256e6,
Qwen/Qwen2-7B-Instruct,f2826a00ceef68f0f2b946d945ecc0477ce4450c,v2,101,Social Norms,string_line,0,1.7121914415027604,1.443137218463727,0.0018268140240321898,5,False,False,,True,,,line,0,,,d73b029f99fc7b91,
Qwen/Qwen2-7B-Instruct,f2826a00ceef68f0f2b946d945ecc0477ce4450c,v2,102,Social Norms,string_line,0,0.47052966883653113,0.9991079535154248,0.004141107026215792,5,False,False,,True,,,line,0,,,c7662e365cd22eec,
Qwen/Qwen2-7B-Instruct,f2826a00ceef68f0f2b946d945ecc0477ce4450c,v2,103,Social Norms,string_line,0,1.8522752100704327,1.356501296858865,0.004314880922578147,5,False,False,,True,,,line,0,,,aee8740edc980e2d,
Qwen/Qwen2-7B-Instruct,f2826a00ceef68f0f2b946d945ecc0477ce4450c,v2,104,Social Norms,string_line,0,1.4238770773448106,1.1647227526080672,0.003813456819336472,5,False,False,,True,,,line,0,,,ae37a93ce11002ed,
Qwen/Qwen2-7B-Instruct,f2826a00ceef68f0f2b946d945ecc0477ce4450c,v2,105,Social Norms,string_line,0,0.5007465153472934,0.9798010456010906,0.009186305182098094,5,False,False,,True,,,line,0,,,594111d68b18945e,
Qwen/Qwen2-7B-Instruct,f2826a00ceef68f0f2b946d945ecc0477ce4450c,v2,106,Social Norms,string_line,0,1.8185389275904447,1.4429233582842695,0.002578107969372831,5,False,False,,True,,,line,0,,,2fdb8be96f275ac2,
Qwen/Qwen2-7B-Instruct,f2826a00ceef68f0f2b946d945ecc0477ce4450c,v2,107,Social Norms,string_line,0,1.1418879062139573,1.2033061664139943,0.008388400076930355,5,False,False,,True,,,line,0,,,24edf6f925d94f05,
Qwen/Qwen2-7B-Instruct,f2826a00ceef68f0f2b946d945ecc0477ce4450c,v2,108,Social Norms,string_line,0,0.808859338307816,1.0457417828198803,0.001956191912626593,5,False,False,,True,,,line,0,,,27715cd283df48a0,
Qwen/Qwen2-7B-Instruct,f2826a00ceef68f0f2b946d945ecc0477ce4450c,v2,109,Social Norms,string_line,0,1.8796443317840403,1.5096307153518116,0.0014842306628259298,5,False,False,,True,,,line,0,,,dcfc113a808c1bdb,
Qwen/Qwen2-7B-Instruct,f2826a00ceef68f0f2b946d945ecc0477ce4450c,v2,110,Social Norms,string_line,0,1.491497865211515,1.3103124102187091,0.002438181251943604,5,False,False,,True,,,line,0,,,f1c0bc960d5937e3,
Qwen/Qwen2-7B-Instruct,f2826a00ceef68f0f2b946d945ecc0477ce4450c,v2,111,Social Norms,string_line,0,0.9422452613642541,1.0683416838095223,0.005866354930446554,5,False,False,,True,,,line,0,,,89c0909c0739fffa,
Qwen/Qwen2-7B-Instruct,f2826a00ceef68f0f2b946d945ecc0477ce4450c,v2,112,Social Norms,string_line,0,1.0596377618906871,1.1094407193218352,0.005112240120823036,5,False,False,,True,,,line,0,,,8dfc7fd7354cb2e9,
Qwen/Qwen2-7B-Instruct,f2826a00ceef68f0f2b946d945ecc0477ce4450c,v2,113,Social Norms,string_line,0,0.18681963163708545,1.0012084191862607,0.004025962803709731,5,False,False,,True,,,line,0,,,b3482461ba269d3e,
Qwen/Qwen2-7B-Instruct,f2826a00ceef68f0f2b946d945ecc0477ce4450c,v2,114,Social Norms,string_line,0,2.319447745522368,2.0135194559558607,0.002496205098989817,5,False,False,,True,,,line,0,,,f60f43d43dc45aa2,
Qwen/Qwen2-7B-Instruct,f2826a00ceef68f0f2b946d945ecc0477ce4450c,v2,115,Social Norms,string_line,0,0.014855762640822397,0.7190152888415764,0.005922308944946872,5,False,False,,True,,,line,0,,,db10559161b3c6fc,
Qwen/Qwen2-7B-Instruct,f2826a00ceef68f0f2b946d945ecc0477ce4450c,v2,116,Social Norms,string_line,0,0.591860819529023,1.0661586768664997,0.003196226331219895,5,False,False,,True,,,line,0,,,20d4044e0980b5e9,
Qwen/Qwen2-7B-Instruct,f2826a00ceef68f0f2b946d945ecc0477ce4450c,v2,1,Care,string_bare,0,3.1691950141539778,2.052276606411863,7.159070036586966e-07,5,False,False,,True,,,bare,0,,,add09e54f847dca8,
Qwen/Qwen2-7B-Instruct,f2826a00ceef68f0f2b946d945ecc0477ce4450c,v2,2,Care,string_bare,0,1.8512108469121231,1.420144084173324,3.2742428182242815e-05,5,False,False,,True,,,bare,0,,,d02b48f484c9fd49,
Qwen/Qwen2-7B-Instruct,f2826a00ceef68f0f2b946d945ecc0477ce4450c,v2,3,Care,string_bare,0,3.088438086547703,2.0774055732848633,2.409855343740697e-05,5,False,False,,True,,,bare,0,,,e77c696dedb9b296,
Qwen/Qwen2-7B-Instruct,f2826a00ceef68f0f2b946d945ecc0477ce4450c,v2,4,Care,string_bare,0,1.6255692980319572,1.393099181908836,3.2973189008310086e-05,5,False,False,,True,,,bare,0,,,dadf494a191d2f13,
Qwen/Qwen2-7B-Instruct,f2826a00ceef68f0f2b946d945ecc0477ce4450c,v2,5,Care,string_bare,0,2.4611848343535074,1.675417468973129,7.737957695959639e-06,5,False,False,,True,,,bare,0,,,0b9923ec57337d19,
Qwen/Qwen2-7B-Instruct,f2826a00ceef68f0f2b946d945ecc0477ce4450c,v2,6,Care,string_bare,0,1.4102072395715373,1.1343499269884103,0.0001330133954165061,5,False,False,,True,,,bare,0,,,790adece3c4da7ab,
Qwen/Qwen2-7B-Instruct,f2826a00ceef68f0f2b946d945ecc0477ce4450c,v2,7,Care,string_bare,0,2.804588192476636,2.0836403776600205,9.219068518203653e-07,5,False,False,,True,,,bare,0,,,345d14a786ab109a,
Qwen/Qwen2-7B-Instruct,f2826a00ceef68f0f2b946d945ecc0477ce4450c,v2,8,Care,string_bare,0,3.3564433003314615,2.355585561067419,1.723885412456254e-05,5,False,False,,True,,,bare,0,,,5be4a442bb5edd86,
Qwen/Qwen2-7B-Instruct,f2826a00ceef68f0f2b946d945ecc0477ce4450c,v2,9,Care,string_bare,0,2.0601000660068913,1.8199668635075674,1.4791180543947681e-05,5,False,False,,True,,,bare,0,,,e7ce26205a7890a7,
Qwen/Qwen2-7B-Instruct,f2826a00ceef68f0f2b946d945ecc0477ce4450c,v2,10,Care,string_bare,0,2.972635301471659,2.0250609300056217,1.2218598689451456e-06,5,False,False,,True,,,bare,0,,,7373d2cc4d2c27d7,
Qwen/Qwen2-7B-Instruct,f2826a00ceef68f0f2b946d945ecc0477ce4450c,v2,11,Care,string_bare,0,3.025813986104645,2.045831331333293,7.347843407237811e-07,5,False,False,,True,,,bare,0,,,15c66492ec351920,
Qwen/Qwen2-7B-Instruct,f2826a00ceef68f0f2b946d945ecc0477ce4450c,v2,12,Care,string_bare,0,2.6517714129327308,1.9026351624182096,6.998841390456452e-06,5,False,False,,True,,,bare,0,,,96a5e8d58cc271a5,
Qwen/Qwen2-7B-Instruct,f2826a00ceef68f0f2b946d945ecc0477ce4450c,v2,13,Care,string_bare,0,1.6328786138508253,1.2363576646823373,6.022220652311875e-05,5,False,False,,True,,,bare,0,,,385dff2177d66657,
Qwen/Qwen2-7B-Instruct,f2826a00ceef68f0f2b946d945ecc0477ce4450c,v2,14,Care,string_bare,0,1.673273878503392,1.4707250537943042,8.370592057059913e-05,5,False,False,,True,,,bare,0,,,bbb67b2a11cd6d48,
Qwen/Qwen2-7B-Instruct,f2826a00ceef68f0f2b946d945ecc0477ce4450c,v2,15,Care,string_bare,0,1.1037305217411282,0.9991037258136068,0.00021529789508774192,5,False,False,,True,,,bare,0,,,b5ac1afe2446645a,
Qwen/Qwen2-7B-Instruct,f2826a00ceef68f0f2b946d945ecc0477ce4450c,v2,16,Care,string_bare,0,1.7560711391647303,1.2756241885517439,8.726925380710331e-05,5,False,False,,True,,,bare,0,,,74dd84997245ee1f,
Qwen/Qwen2-7B-Instruct,f2826a00ceef68f0f2b946d945ecc0477ce4450c,v2,17,Fairness,string_bare,0,2.694395891698128,1.8212804208638491,1.4784377284852467e-06,5,False,False,,True,,,bare,0,,,081bbdeb27c9d9ba,
Qwen/Qwen2-7B-Instruct,f2826a00ceef68f0f2b946d945ecc0477ce4450c,v2,18,Fairness,string_bare,0,2.086199255143367,1.6701011499170646,1.5191779602378158e-05,5,False,False,,True,,,bare,0,,,8f864c44ad7b8898,
Qwen/Qwen2-7B-Instruct,f2826a00ceef68f0f2b946d945ecc0477ce4450c,v2,19,Fairness,string_bare,0,1.4292151374340385,1.4684214998320366,6.571440205469916e-05,5,False,False,,True,,,bare,0,,,c3b9a40c082b9de1,
Qwen/Qwen2-7B-Instruct,f2826a00ceef68f0f2b946d945ecc0477ce4450c,v2,20,Fairness,string_bare,0,1.346557427426762,1.0345920001034923,4.8963675069020004e-05,5,False,False,,True,,,bare,0,,,3918ce1d488b140f,
Qwen/Qwen2-7B-Instruct,f2826a00ceef68f0f2b946d945ecc0477ce4450c,v2,21,Fairness,string_bare,0,2.4111755834504756,1.6732662061390817,9.293733430806184e-06,5,False,False,,True,,,bare,0,,,e7dbcc1c43407f04,
Qwen/Qwen2-7B-Instruct,f2826a00ceef68f0f2b946d945ecc0477ce4450c,v2,22,Fairness,string_bare,0,3.258546347951727,2.09615271791918,6.708527377214446e-06,5,False,False,,True,,,bare,0,,,c11a4afee3b09914,
Qwen/Qwen2-7B-Instruct,f2826a00ceef68f0f2b946d945ecc0477ce4450c,v2,23,Fairness,string_bare,0,3.223144584953092,2.044191632248074,2.8280204281597795e-06,5,False,False,,True,,,bare,0,,,4db4f9d71823acc3,
Qwen/Qwen2-7B-Instruct,f2826a00ceef68f0f2b946d945ecc0477ce4450c,v2,24,Fairness,string_bare,0,1.9424143824309517,1.698835835536954,1.1734798152402965e-05,5,False,False,,True,,,bare,0,,,42f0ae82fc584562,
Qwen/Qwen2-7B-Instruct,f2826a00ceef68f0f2b946d945ecc0477ce4450c,v2,25,Fairness,string_bare,0,2.5408844116243614,1.7522134853076379,1.815960725506849e-06,5,False,False,,True,,,bare,0,,,6f98b76fa9e2e97c,
Qwen/Qwen2-7B-Instruct,f2826a00ceef68f0f2b946d945ecc0477ce4450c,v2,26,Fairness,string_bare,0,1.9619932011069758,1.6232015219898075,7.276645829854062e-06,5,False,False,,True,,,bare,0,,,1aee3ca950d4a6e4,
Qwen/Qwen2-7B-Instruct,f2826a00ceef68f0f2b946d945ecc0477ce4450c,v2,27,Fairness,string_bare,0,2.611956723489135,1.6572709499588751,7.359462831597688e-06,5,False,False,,True,,,bare,0,,,ade18057e1400d65,
Qwen/Qwen2-7B-Instruct,f2826a00ceef68f0f2b946d945ecc0477ce4450c,v2,28,Fairness,string_bare,0,2.9490301268721413,1.7735874570552832,1.826089950162305e-06,5,False,False,,True,,,bare,0,,,b4e9ce6e709fa91c,
Qwen/Qwen2-7B-Instruct,f2826a00ceef68f0f2b946d945ecc0477ce4450c,v2,29,Fairness,string_bare,0,1.111473934593622,1.1067994569133695,0.0002595101990145411,5,False,False,,True,,,bare,0,,,da64ef21624e20a9,
Qwen/Qwen2-7B-Instruct,f2826a00ceef68f0f2b946d945ecc0477ce4450c,v2,30,Fairness,string_bare,0,2.338103720781457,1.670769300175283,7.237425165389443e-06,5,False,False,,True,,,bare,0,,,d620d38d7aa1adbc,
Qwen/Qwen2-7B-Instruct,f2826a00ceef68f0f2b946d945ecc0477ce4450c,v2,31,Fairness,string_bare,0,3.017010401444583,1.9691659144467397,6.010337637748774e-06,5,False,False,,True,,,bare,0,,,f7db8614c705ed1c,
Qwen/Qwen2-7B-Instruct,f2826a00ceef68f0f2b946d945ecc0477ce4450c,v2,32,Fairness,string_bare,0,1.4733631484034613,1.2408389885300501,0.0001692245465990113,5,False,False,,True,,,bare,0,,,e7e9b34bb6f8c18c,
Qwen/Qwen2-7B-Instruct,f2826a00ceef68f0f2b946d945ecc0477ce4450c,v2,33,Fairness,string_bare,0,1.718823229280779,1.317402064022477,6.110100427899724e-06,5,False,False,,True,,,bare,0,,,686a1b3efdf36cd5,
Qwen/Qwen2-7B-Instruct,f2826a00ceef68f0f2b946d945ecc0477ce4450c,v2,34,Loyalty,string_bare,0,1.8173034598355624,1.4506787803124959,3.0232422902746152e-05,5,False,False,,True,,,bare,0,,,ef54c6e33f2da7e9,
Qwen/Qwen2-7B-Instruct,f2826a00ceef68f0f2b946d945ecc0477ce4450c,v2,35,Loyalty,string_bare,0,1.2222636919222323,0.9692125489029085,0.00017401579823288246,5,False,False,,True,,,bare,0,,,02880fca6e34aaaa,
Qwen/Qwen2-7B-Instruct,f2826a00ceef68f0f2b946d945ecc0477ce4450c,v2,36,Loyalty,string_bare,0,1.2553864318943275,1.1387719375460736,0.00010130412677749599,5,False,False,,True,,,bare,0,,,42b153f9fbe3be60,
Qwen/Qwen2-7B-Instruct,f2826a00ceef68f0f2b946d945ecc0477ce4450c,v2,37,Loyalty,string_bare,0,1.133188377619582,1.1679536503078907,8.617597149102099e-05,5,False,False,,True,,,bare,0,,,84ff0e137301f2f2,
Qwen/Qwen2-7B-Instruct,f2826a00ceef68f0f2b946d945ecc0477ce4450c,v2,38,Loyalty,string_bare,0,1.669749272925799,1.3357968267478033,5.862887350541938e-05,5,False,False,,True,,,bare,0,,,220698348b66d31a,
Qwen/Qwen2-7B-Instruct,f2826a00ceef68f0f2b946d945ecc0477ce4450c,v2,39,Loyalty,string_bare,0,1.2503864187261515,1.2146944677385367,4.0108342258549365e-05,5,False,False,,True,,,bare,0,,,a141394d2c6be3ad,
Qwen/Qwen2-7B-Instruct,f2826a00ceef68f0f2b946d945ecc0477ce4450c,v2,40,Loyalty,string_bare,0,1.201888032864214,1.0341574225748205,7.985337634170446e-05,5,False,False,,True,,,bare,0,,,b337bd83fa8dd03d,
Qwen/Qwen2-7B-Instruct,f2826a00ceef68f0f2b946d945ecc0477ce4450c,v2,41,Loyalty,string_bare,0,1.5306009530241362,1.326658650134684,5.347025932595763e-05,5,False,False,,True,,,bare,0,,,f33d6d702f709ab0,
Qwen/Qwen2-7B-Instruct,f2826a00ceef68f0f2b946d945ecc0477ce4450c,v2,42,Loyalty,string_bare,0,1.1940038664005725,1.1695871904076278,2.8256058073860447e-05,5,False,False,,True,,,bare,0,,,3c48ae06d95915d3,
Qwen/Qwen2-7B-Instruct,f2826a00ceef68f0f2b946d945ecc0477ce4450c,v2,43,Loyalty,string_bare,0,2.147033580457084,1.5590906312663506,5.7091373630325026e-06,5,False,False,,True,,,bare,0,,,48ff0275c29b6f30,
Qwen/Qwen2-7B-Instruct,f2826a00ceef68f0f2b946d945ecc0477ce4450c,v2,44,Loyalty,string_bare,0,1.3867952593537847,1.1725289483230894,8.475378684724038e-05,5,False,False,,True,,,bare,0,,,16d72da194af7ef1,
Qwen/Qwen2-7B-Instruct,f2826a00ceef68f0f2b946d945ecc0477ce4450c,v2,45,Loyalty,string_bare,0,1.6990469018741823,1.6263103407862347,1.1906751553455968e-05,5,False,False,,True,,,bare,0,,,66b48ba1e5e5a678,
Qwen/Qwen2-7B-Instruct,f2826a00ceef68f0f2b946d945ecc0477ce4450c,v2,46,Loyalty,string_bare,0,1.3052812554775617,1.123478432574782,2.625471886879768e-05,5,False,False,,True,,,bare,0,,,180b0dc07534cdef,
Qwen/Qwen2-7B-Instruct,f2826a00ceef68f0f2b946d945ecc0477ce4450c,v2,47,Loyalty,string_bare,0,2.294399160327801,1.6203173974658767,1.8390080321407588e-05,5,False,False,,True,,,bare,0,,,a1f45249f0baea0e,
Qwen/Qwen2-7B-Instruct,f2826a00ceef68f0f2b946d945ecc0477ce4450c,v2,48,Loyalty,string_bare,0,1.0452998576707462,0.9234867088047081,0.00021800542102909607,5,False,False,,True,,,bare,0,,,152b7cacef3b9c1a,
Qwen/Qwen2-7B-Instruct,f2826a00ceef68f0f2b946d945ecc0477ce4450c,v2,49,Loyalty,string_bare,0,1.423580635165113,0.9826557723337895,0.00011612307051130819,5,False,False,,True,,,bare,0,,,715ebfd1e999cc39,
Qwen/Qwen2-7B-Instruct,f2826a00ceef68f0f2b946d945ecc0477ce4450c,v2,50,Authority,string_bare,0,1.616924210865402,1.3395333524588544,3.531747723929096e-05,5,False,False,,True,,,bare,0,,,8abcaf4cca16f190,
Qwen/Qwen2-7B-Instruct,f2826a00ceef68f0f2b946d945ecc0477ce4450c,v2,51,Authority,string_bare,0,1.0679912147451323,0.9162282992619397,0.00016751754675022092,5,False,False,,True,,,bare,0,,,7b584e434c7e6b4e,
Qwen/Qwen2-7B-Instruct,f2826a00ceef68f0f2b946d945ecc0477ce4450c,v2,52,Authority,string_bare,0,1.455572806487627,1.342876916937133,7.407646918093689e-05,5,False,False,,True,,,bare,0,,,55ab7d0788e63dd3,
Qwen/Qwen2-7B-Instruct,f2826a00ceef68f0f2b946d945ecc0477ce4450c,v2,53,Authority,string_bare,0,1.4193650276461647,1.360302750847802,2.6891923791866456e-05,5,False,False,,True,,,bare,0,,,dbcc2789be90b8fd,
Qwen/Qwen2-7B-Instruct,f2826a00ceef68f0f2b946d945ecc0477ce4450c,v2,54,Authority,string_bare,0,1.2297732902910161,1.0703746854750353,0.00042341987753266027,5,False,False,,True,,,bare,0,,,0001accf3401fdda,
Qwen/Qwen2-7B-Instruct,f2826a00ceef68f0f2b946d945ecc0477ce4450c,v2,55,Authority,string_bare,0,1.1877689002396692,1.3216667719753534,0.0001279048353917892,5,False,False,,True,,,bare,0,,,56034e346a4ce822,
Qwen/Qwen2-7B-Instruct,f2826a00ceef68f0f2b946d945ecc0477ce4450c,v2,56,Authority,string_bare,0,1.554902692592841,1.524169411352689,2.953788845894542e-05,5,False,False,,True,,,bare,0,,,7657ec778a329844,
Qwen/Qwen2-7B-Instruct,f2826a00ceef68f0f2b946d945ecc0477ce4450c,v2,57,Authority,string_bare,0,1.403204463722875,1.3825468555946085,2.0623285196317536e-05,5,False,False,,True,,,bare,0,,,1b15795fb3577378,
Qwen/Qwen2-7B-Instruct,f2826a00ceef68f0f2b946d945ecc0477ce4450c,v2,58,Authority,string_bare,0,2.9789954372707124,2.028452746621164,1.5486202443278735e-05,5,False,False,,True,,,bare,0,,,d87d948546b88df6,
Qwen/Qwen2-7B-Instruct,f2826a00ceef68f0f2b946d945ecc0477ce4450c,v2,59,Authority,string_bare,0,3.3310117409159603,2.3208227784841546,1.6037301273897515e-05,5,False,False,,True,,,bare,0,,,4f69934a0b664d29,
Qwen/Qwen2-7B-Instruct,f2826a00ceef68f0f2b946d945ecc0477ce4450c,v2,60,Authority,string_bare,0,1.596653476794548,1.4096157418858937,2.499892931903539e-05,5,False,False,,True,,,bare,0,,,18fdedf1fc10cee7,
Qwen/Qwen2-7B-Instruct,f2826a00ceef68f0f2b946d945ecc0477ce4450c,v2,61,Authority,string_bare,0,1.5857678471128411,1.2569782742614688,4.7632362044343406e-05,5,False,False,,True,,,bare,0,,,9622649cb856cb11,
Qwen/Qwen2-7B-Instruct,f2826a00ceef68f0f2b946d945ecc0477ce4450c,v2,62,Authority,string_bare,0,1.8330496803295735,1.6774696745692868,1.7600961108818234e-05,5,False,False,,True,,,bare,0,,,70a2e213b3fc2bd3,
Qwen/Qwen2-7B-Instruct,f2826a00ceef68f0f2b946d945ecc0477ce4450c,v2,63,Authority,string_bare,0,1.4427731158335597,1.3531937746137748,1.9128368350278926e-05,5,False,False,,True,,,bare,0,,,137a8ba32cf6e17d,
Qwen/Qwen2-7B-Instruct,f2826a00ceef68f0f2b946d945ecc0477ce4450c,v2,64,Authority,string_bare,0,1.5581478440341763,1.407625728411532,1.5495492029369416e-05,5,False,False,,True,,,bare,0,,,02444589de858800,
Qwen/Qwen2-7B-Instruct,f2826a00ceef68f0f2b946d945ecc0477ce4450c,v2,65,Authority,string_bare,0,1.2025337800463862,1.0379714183366493,0.00020468554561820448,5,False,False,,True,,,bare,0,,,0a7d30ef4bd9ad06,
Qwen/Qwen2-7B-Instruct,f2826a00ceef68f0f2b946d945ecc0477ce4450c,v2,66,Authority,string_bare,0,1.7733434545219,1.4667603763067463,2.386097437783068e-05,5,False,False,,True,,,bare,0,,,1d7b6c98cee0975b,
Qwen/Qwen2-7B-Instruct,f2826a00ceef68f0f2b946d945ecc0477ce4450c,v2,67,Sanctity,string_bare,0,1.8825691026973677,1.4098453041123526,3.807202922414272e-05,5,False,False,,True,,,bare,0,,,9d8258d9a3f08736,
Qwen/Qwen2-7B-Instruct,f2826a00ceef68f0f2b946d945ecc0477ce4450c,v2,68,Sanctity,string_bare,0,1.0547581015667102,1.1943021231081303,0.001147608145659018,5,False,False,,True,,,bare,0,,,48ff1f9e23b1b51c,
Qwen/Qwen2-7B-Instruct,f2826a00ceef68f0f2b946d945ecc0477ce4450c,v2,69,Sanctity,string_bare,0,2.3201038202622732,1.6791156073468572,1.2747770107404486e-05,5,False,False,,True,,,bare,0,,,583bb015eeaf3187,
Qwen/Qwen2-7B-Instruct,f2826a00ceef68f0f2b946d945ecc0477ce4450c,v2,70,Sanctity,string_bare,0,2.692557164234518,1.6587700597638175,1.0743865581149047e-05,5,False,False,,True,,,bare,0,,,dfd495d4f718f08e,
Qwen/Qwen2-7B-Instruct,f2826a00ceef68f0f2b946d945ecc0477ce4450c,v2,71,Sanctity,string_bare,0,2.225725698062326,1.6180463328201777,1.8805722462508106e-05,5,False,False,,True,,,bare,0,,,f3798504cc679afc,
Qwen/Qwen2-7B-Instruct,f2826a00ceef68f0f2b946d945ecc0477ce4450c,v2,72,Sanctity,string_bare,0,3.4329680016379602,2.1002326471115738,2.5891896544197197e-06,5,False,False,,True,,,bare,0,,,6d9364b37fef2993,
Qwen/Qwen2-7B-Instruct,f2826a00ceef68f0f2b946d945ecc0477ce4450c,v2,73,Sanctity,string_bare,0,2.116449049040584,1.6680470826536733,1.5407674048829403e-05,5,False,False,,True,,,bare,0,,,623b6cdfcfd1d445,
Qwen/Qwen2-7B-Instruct,f2826a00ceef68f0f2b946d945ecc0477ce4450c,v2,74,Sanctity,string_bare,0,1.584284566459889,1.414830944621155,1.757982967263343e-05,5,False,False,,True,,,bare,0,,,6c45351c30bed00e,
Qwen/Qwen2-7B-Instruct,f2826a00ceef68f0f2b946d945ecc0477ce4450c,v2,75,Sanctity,string_bare,0,1.1265077973632667,0.9411407948776699,0.0004293828231342041,5,False,False,,True,,,bare,0,,,1dd9fe930bd12326,
Qwen/Qwen2-7B-Instruct,f2826a00ceef68f0f2b946d945ecc0477ce4450c,v2,76,Sanctity,string_bare,0,3.6378742698426523,2.4184411068428266,7.493972262321633e-06,5,False,False,,True,,,bare,0,,,801ebe9704a735d2,
Qwen/Qwen2-7B-Instruct,f2826a00ceef68f0f2b946d945ecc0477ce4450c,v2,77,Sanctity,string_bare,0,1.0107748970558448,0.9695784373961406,0.0005622917083446921,5,False,False,,True,,,bare,0,,,023ac6d935c90b33,
Qwen/Qwen2-7B-Instruct,f2826a00ceef68f0f2b946d945ecc0477ce4450c,v2,78,Sanctity,string_bare,0,1.016479499878907,0.9407963018597528,0.00016222077378402132,5,False,False,,True,,,bare,0,,,00991bef33387a02,
Qwen/Qwen2-7B-Instruct,f2826a00ceef68f0f2b946d945ecc0477ce4450c,v2,79,Sanctity,string_bare,0,1.4133014421448369,0.9777064903142527,3.7980775937009326e-05,5,False,False,,True,,,bare,0,,,2e94672c5bafb988,
Qwen/Qwen2-7B-Instruct,f2826a00ceef68f0f2b946d945ecc0477ce4450c,v2,80,Sanctity,string_bare,0,1.6993076843715473,1.5397746637157161,2.3393342975524986e-05,5,False,False,,True,,,bare,0,,,8854940b70cc4c49,
Qwen/Qwen2-7B-Instruct,f2826a00ceef68f0f2b946d945ecc0477ce4450c,v2,81,Sanctity,string_bare,0,1.0960731490666886,0.926257879448626,0.00011031754882415689,5,False,False,,True,,,bare,0,,,89e48a6bf1e12fcf,
Qwen/Qwen2-7B-Instruct,f2826a00ceef68f0f2b946d945ecc0477ce4450c,v2,82,Sanctity,string_bare,0,1.2094811557066907,1.0906571147857467,0.00015646432451606746,5,False,False,,True,,,bare,0,,,0b435b2c16481968,
Qwen/Qwen2-7B-Instruct,f2826a00ceef68f0f2b946d945ecc0477ce4450c,v2,83,Sanctity,string_bare,0,1.3377880211355306,1.2220343621824985,0.00011574520773191978,5,False,False,,True,,,bare,0,,,bc6cf192427e33c8,
Qwen/Qwen2-7B-Instruct,f2826a00ceef68f0f2b946d945ecc0477ce4450c,v2,84,Liberty,string_bare,0,1.8417292113456127,1.5199395814789256,1.742032017125398e-05,5,False,False,,True,,,bare,0,,,b1b3854e860d9100,
Qwen/Qwen2-7B-Instruct,f2826a00ceef68f0f2b946d945ecc0477ce4450c,v2,85,Liberty,string_bare,0,1.1347001055141546,0.9777245964165907,0.0013585961990578049,5,False,False,,True,,,bare,0,,,ce20ab84270640b1,
Qwen/Qwen2-7B-Instruct,f2826a00ceef68f0f2b946d945ecc0477ce4450c,v2,86,Liberty,string_bare,0,2.3856169645170353,1.7793720810891676,5.341453890578678e-06,5,False,False,,True,,,bare,0,,,da0d9dddb434135b,
Qwen/Qwen2-7B-Instruct,f2826a00ceef68f0f2b946d945ecc0477ce4450c,v2,87,Liberty,string_bare,0,1.6551466839848252,1.6004288344923039,2.625984406955306e-06,5,False,False,,True,,,bare,0,,,119473ab47a18690,
Qwen/Qwen2-7B-Instruct,f2826a00ceef68f0f2b946d945ecc0477ce4450c,v2,88,Liberty,string_bare,0,1.346160706042619,1.4255666723551257,2.3347126156027074e-05,5,False,False,,True,,,bare,0,,,0b2ffc0615e5d071,
Qwen/Qwen2-7B-Instruct,f2826a00ceef68f0f2b946d945ecc0477ce4450c,v2,89,Liberty,string_bare,0,1.4122000403392225,1.1573417035575064,5.1635991360850666e-05,5,False,False,,True,,,bare,0,,,51e5131d1ecdf088,
Qwen/Qwen2-7B-Instruct,f2826a00ceef68f0f2b946d945ecc0477ce4450c,v2,90,Liberty,string_bare,0,3.383993547862741,2.2597043223982496,1.2832728022555415e-05,5,False,False,,True,,,bare,0,,,a360e93e7fa1d757,
Qwen/Qwen2-7B-Instruct,f2826a00ceef68f0f2b946d945ecc0477ce4450c,v2,91,Liberty,string_bare,0,3.6503160701952138,2.350304826169079,1.2613823038642553e-05,5,False,False,,True,,,bare,0,,,704961020f5ea07d,
Qwen/Qwen2-7B-Instruct,f2826a00ceef68f0f2b946d945ecc0477ce4450c,v2,92,Liberty,string_bare,0,2.184847373563289,1.7001818365390784,9.586524795544428e-06,5,False,False,,True,,,bare,0,,,8fd2dde7d322fcd7,
Qwen/Qwen2-7B-Instruct,f2826a00ceef68f0f2b946d945ecc0477ce4450c,v2,93,Liberty,string_bare,0,1.3831426944820817,1.1865363965589835,0.0005223338639821566,5,False,False,,True,,,bare,0,,,2da496a5ce96df9d,
Qwen/Qwen2-7B-Instruct,f2826a00ceef68f0f2b946d945ecc0477ce4450c,v2,94,Liberty,string_bare,0,1.3068030872698408,1.2200780001299936,7.176494876525221e-05,5,False,False,,True,,,bare,0,,,9493b30ead7f5a0f,
Qwen/Qwen2-7B-Instruct,f2826a00ceef68f0f2b946d945ecc0477ce4450c,v2,95,Liberty,string_bare,0,1.2350309846156848,1.2307957757886352,8.385481010764756e-05,5,False,False,,True,,,bare,0,,,1a684fcadd9e89cf,
Qwen/Qwen2-7B-Instruct,f2826a00ceef68f0f2b946d945ecc0477ce4450c,v2,96,Liberty,string_bare,0,1.3277520432493841,1.0224689886422846,0.0003017223044369615,5,False,False,,True,,,bare,0,,,752a1c71fc01a52e,
Qwen/Qwen2-7B-Instruct,f2826a00ceef68f0f2b946d945ecc0477ce4450c,v2,97,Liberty,string_bare,0,1.2712185290542566,1.0596692071457414,6.112461260025453e-05,5,False,False,,True,,,bare,0,,,78236a325230bb93,
Qwen/Qwen2-7B-Instruct,f2826a00ceef68f0f2b946d945ecc0477ce4450c,v2,98,Liberty,string_bare,0,2.949182637029258,1.9932364014253963,2.273524337816447e-06,5,False,False,,True,,,bare,0,,,24d9d1d954c03c7a,
Qwen/Qwen2-7B-Instruct,f2826a00ceef68f0f2b946d945ecc0477ce4450c,v2,99,Liberty,string_bare,0,2.2516302027497788,1.6953922695267887,6.65503263253628e-06,5,False,False,,True,,,bare,0,,,18987dfee8219602,
Qwen/Qwen2-7B-Instruct,f2826a00ceef68f0f2b946d945ecc0477ce4450c,v2,100,Liberty,string_bare,0,1.856637746523899,1.3422153380493393,0.00015380910356982796,5,False,False,,True,,,bare,0,,,cb73f032e5c256e6,
Qwen/Qwen2-7B-Instruct,f2826a00ceef68f0f2b946d945ecc0477ce4450c,v2,101,Social Norms,string_bare,0,0.9882309451230369,0.8765186102901052,0.00265387121141829,5,False,False,,True,,,bare,0,,,d73b029f99fc7b91,
Qwen/Qwen2-7B-Instruct,f2826a00ceef68f0f2b946d945ecc0477ce4450c,v2,102,Social Norms,string_bare,0,0.744641943549253,0.5981520569558526,0.0010460401915524168,5,False,False,,True,,,bare,0,,,c7662e365cd22eec,
Qwen/Qwen2-7B-Instruct,f2826a00ceef68f0f2b946d945ecc0477ce4450c,v2,103,Social Norms,string_bare,0,1.108375053449102,0.9896198336047588,0.0006498723976872358,5,False,False,,True,,,bare,0,,,aee8740edc980e2d,
Qwen/Qwen2-7B-Instruct,f2826a00ceef68f0f2b946d945ecc0477ce4450c,v2,104,Social Norms,string_bare,0,0.9220252495822138,0.715809972004255,0.0003713647523605766,5,False,False,,True,,,bare,0,,,ae37a93ce11002ed,
Qwen/Qwen2-7B-Instruct,f2826a00ceef68f0f2b946d945ecc0477ce4450c,v2,105,Social Norms,string_bare,0,0.6919506813308026,0.5628776828881035,0.0006761417741459835,5,False,False,,True,,,bare,0,,,594111d68b18945e,
Qwen/Qwen2-7B-Instruct,f2826a00ceef68f0f2b946d945ecc0477ce4450c,v2,106,Social Norms,string_bare,0,1.0482036553225673,0.9128096736183858,0.0005901919349094132,5,False,False,,True,,,bare,0,,,2fdb8be96f275ac2,
Qwen/Qwen2-7B-Instruct,f2826a00ceef68f0f2b946d945ecc0477ce4450c,v2,107,Social Norms,string_bare,0,1.0398787326896997,0.8769857292387818,0.000252404211248447,5,False,False,,True,,,bare,0,,,24edf6f925d94f05,
Qwen/Qwen2-7B-Instruct,f2826a00ceef68f0f2b946d945ecc0477ce4450c,v2,108,Social Norms,string_bare,0,0.8845316321168862,0.7104828529829824,0.0005375959775174917,5,False,False,,True,,,bare,0,,,27715cd283df48a0,
Qwen/Qwen2-7B-Instruct,f2826a00ceef68f0f2b946d945ecc0477ce4450c,v2,109,Social Norms,string_bare,0,1.0932276500709313,0.9355195214551331,0.0001918821367719671,5,False,False,,True,,,bare,0,,,dcfc113a808c1bdb,
Qwen/Qwen2-7B-Instruct,f2826a00ceef68f0f2b946d945ecc0477ce4450c,v2,110,Social Norms,string_bare,0,1.0083355312505435,0.8792385076688701,0.0005006509746283043,5,False,False,,True,,,bare,0,,,f1c0bc960d5937e3,
Qwen/Qwen2-7B-Instruct,f2826a00ceef68f0f2b946d945ecc0477ce4450c,v2,111,Social Norms,string_bare,0,0.9602915596493798,0.6988829879345786,0.00013573195490622128,5,False,False,,True,,,bare,0,,,89c0909c0739fffa,
Qwen/Qwen2-7B-Instruct,f2826a00ceef68f0f2b946d945ecc0477ce4450c,v2,112,Social Norms,string_bare,0,0.9237834571777754,0.6936228586314883,0.0013190397495343998,5,False,False,,True,,,bare,0,,,8dfc7fd7354cb2e9,
Qwen/Qwen2-7B-Instruct,f2826a00ceef68f0f2b946d945ecc0477ce4450c,v2,113,Social Norms,string_bare,0,0.3811264697972981,0.44107661976615115,0.01097947080460028,5,False,False,,True,,,bare,0,,,b3482461ba269d3e,
Qwen/Qwen2-7B-Instruct,f2826a00ceef68f0f2b946d945ecc0477ce4450c,v2,114,Social Norms,string_bare,0,1.496079602030224,1.1657851698674992,4.313389716149916e-05,5,False,False,,True,,,bare,0,,,f60f43d43dc45aa2,
Qwen/Qwen2-7B-Instruct,f2826a00ceef68f0f2b946d945ecc0477ce4450c,v2,115,Social Norms,string_bare,0,0.25350717766506964,0.3625997478142661,0.00013765935467419994,5,False,False,,True,,,bare,0,,,db10559161b3c6fc,
Qwen/Qwen2-7B-Instruct,f2826a00ceef68f0f2b946d945ecc0477ce4450c,v2,116,Social Norms,string_bare,0,0.6545210430618837,0.5163877268512925,0.005062895653695838,5,False,False,,True,,,bare,0,,,20d4044e0980b5e9,
Qwen/Qwen2-7B-Instruct,f2826a00ceef68f0f2b946d945ecc0477ce4450c,v2,1,Care,cloze,0,2.874399778552381,2.3918616334985217,0.06110837249055979,5,False,False,,True,,,bare,0,,,2a0a63b7265495b2,
Qwen/Qwen2-7B-Instruct,f2826a00ceef68f0f2b946d945ecc0477ce4450c,v2,2,Care,cloze,0,1.8290871962458444,1.4128672584150097,0.04136042824675151,5,False,False,,True,,,bare,0,,,1c69baf6e82e7437,
Qwen/Qwen2-7B-Instruct,f2826a00ceef68f0f2b946d945ecc0477ce4450c,v2,3,Care,cloze,0,3.039782055119997,2.578878028485955,0.11544459850017638,5,False,False,,True,,,bare,0,,,4fd455da3c6a547f,
Qwen/Qwen2-7B-Instruct,f2826a00ceef68f0f2b946d945ecc0477ce4450c,v2,4,Care,cloze,0,1.6523536029622596,1.3346331180497604,0.024574073434240732,5,False,False,,True,,,bare,0,,,c92f33e2b2f6c23f,
Qwen/Qwen2-7B-Instruct,f2826a00ceef68f0f2b946d945ecc0477ce4450c,v2,5,Care,cloze,0,2.2249425962455103,1.9727730725306012,0.06720442855749713,5,False,False,,True,,,bare,0,,,0a5889f2aeb62ae6,
Qwen/Qwen2-7B-Instruct,f2826a00ceef68f0f2b946d945ecc0477ce4450c,v2,6,Care,cloze,0,1.5648357658941228,1.2273980762332097,0.048979480472360296,5,False,False,,True,,,bare,0,,,5b036f043bdb60bd,
Qwen/Qwen2-7B-Instruct,f2826a00ceef68f0f2b946d945ecc0477ce4450c,v2,7,Care,cloze,0,1.9559305534012568,1.519536538341338,0.08144143443775814,5,False,False,,True,,,bare,0,,,4a1e9d6c7aea09e4,
Qwen/Qwen2-7B-Instruct,f2826a00ceef68f0f2b946d945ecc0477ce4450c,v2,8,Care,cloze,0,3.0631328469829637,2.6082709573263743,0.0768468400312886,5,False,False,,True,,,bare,0,,,852035aff0d52e1e,
Qwen/Qwen2-7B-Instruct,f2826a00ceef68f0f2b946d945ecc0477ce4450c,v2,9,Care,cloze,0,1.9574402155296413,1.5643164732292507,0.08976056590635499,5,False,False,,True,,,bare,0,,,4220d721bbe9c6f0,
Qwen/Qwen2-7B-Instruct,f2826a00ceef68f0f2b946d945ecc0477ce4450c,v2,10,Care,cloze,0,2.033887477655648,1.6215921326106828,0.03039421933404967,5,False,False,,True,,,bare,0,,,8d9758e668d42837,
Qwen/Qwen2-7B-Instruct,f2826a00ceef68f0f2b946d945ecc0477ce4450c,v2,11,Care,cloze,0,2.8240262268630034,2.323364398911371,0.054691718678635426,5,False,False,,True,,,bare,0,,,7b55df0204d00cb0,
Qwen/Qwen2-7B-Instruct,f2826a00ceef68f0f2b946d945ecc0477ce4450c,v2,12,Care,cloze,0,2.5515568156607147,1.7624681337419745,0.011370199107527314,5,False,False,,True,,,bare,0,,,4a942a989b3ab9c6,
Qwen/Qwen2-7B-Instruct,f2826a00ceef68f0f2b946d945ecc0477ce4450c,v2,13,Care,cloze,0,1.9353466713899434,1.4040246808952133,0.1251136410268759,5,False,False,,True,,,bare,0,,,e0ba43f3015ca4dd,
Qwen/Qwen2-7B-Instruct,f2826a00ceef68f0f2b946d945ecc0477ce4450c,v2,14,Care,cloze,0,1.9074903905663052,1.4043182396796343,0.07664023291603393,5,False,False,,True,,,bare,0,,,4f7424f2d9b4d913,
Qwen/Qwen2-7B-Instruct,f2826a00ceef68f0f2b946d945ecc0477ce4450c,v2,15,Care,cloze,0,1.7029482457199916,1.2027449083756854,0.1268940989094755,5,False,False,,True,,,bare,0,,,c36acffe705c85dd,
Qwen/Qwen2-7B-Instruct,f2826a00ceef68f0f2b946d945ecc0477ce4450c,v2,16,Care,cloze,0,2.0371869569161536,1.6821295623614725,0.05530046288684887,5,False,False,,True,,,bare,0,,,94f9f271c5463b3f,
Qwen/Qwen2-7B-Instruct,f2826a00ceef68f0f2b946d945ecc0477ce4450c,v2,17,Fairness,cloze,0,2.2194744646840037,1.9517672681425688,0.021566132542120548,5,False,False,,True,,,bare,0,,,77d79e9c03cd8770,
Qwen/Qwen2-7B-Instruct,f2826a00ceef68f0f2b946d945ecc0477ce4450c,v2,18,Fairness,cloze,0,1.9438489736433273,1.534502530277731,0.06209964783864921,5,False,False,,True,,,bare,0,,,a32751a7e81e6e43,
Qwen/Qwen2-7B-Instruct,f2826a00ceef68f0f2b946d945ecc0477ce4450c,v2,19,Fairness,cloze,0,1.9766842518309875,1.556333775584495,0.206505604288441,5,False,False,,True,,,bare,0,,,95369e417f111feb,
Qwen/Qwen2-7B-Instruct,f2826a00ceef68f0f2b946d945ecc0477ce4450c,v2,20,Fairness,cloze,0,1.897650232156614,1.3422212341156838,0.17365746036398835,5,False,False,,True,,,bare,0,,,14b0327b3562665a,
Qwen/Qwen2-7B-Instruct,f2826a00ceef68f0f2b946d945ecc0477ce4450c,v2,21,Fairness,cloze,0,1.8739799363040162,1.4130593137368177,0.04407899966991129,5,False,False,,True,,,bare,0,,,b702dc421248760b,
Qwen/Qwen2-7B-Instruct,f2826a00ceef68f0f2b946d945ecc0477ce4450c,v2,22,Fairness,cloze,0,2.963698211369298,2.4023277612952643,0.0552039180910145,5,False,False,,True,,,bare,0,,,7af2e60c042da667,
Qwen/Qwen2-7B-Instruct,f2826a00ceef68f0f2b946d945ecc0477ce4450c,v2,23,Fairness,cloze,0,2.193282103272201,1.844381841125652,0.034730995264594784,5,False,False,,True,,,bare,0,,,b91bc32471d4e7e5,
Qwen/Qwen2-7B-Instruct,f2826a00ceef68f0f2b946d945ecc0477ce4450c,v2,24,Fairness,cloze,0,1.9619273201719496,1.5160816714819898,0.16656170031671055,5,False,False,,True,,,bare,0,,,daccf07a275358c4,
Qwen/Qwen2-7B-Instruct,f2826a00ceef68f0f2b946d945ecc0477ce4450c,v2,25,Fairness,cloze,0,1.9906172357914136,1.6717536246521894,0.22511974230326628,5,False,False,,True,,,bare,0,,,78f3505e593510b9,
Qwen/Qwen2-7B-Instruct,f2826a00ceef68f0f2b946d945ecc0477ce4450c,v2,26,Fairness,cloze,0,1.9313171079836708,1.4383941300628251,0.16061274170273004,5,False,False,,True,,,bare,0,,,fd5dd0fd058eb0c7,
Qwen/Qwen2-7B-Instruct,f2826a00ceef68f0f2b946d945ecc0477ce4450c,v2,27,Fairness,cloze,0,1.9427411619628898,1.4033748790367324,0.0739936909120559,5,False,False,,True,,,bare,0,,,ea60744c880fe7fe,
Qwen/Qwen2-7B-Instruct,f2826a00ceef68f0f2b946d945ecc0477ce4450c,v2,28,Fairness,cloze,0,2.1268613783111974,1.8425874440741494,0.04107972546716009,5,False,False,,True,,,bare,0,,,353c191fd06761c3,
Qwen/Qwen2-7B-Instruct,f2826a00ceef68f0f2b946d945ecc0477ce4450c,v2,29,Fairness,cloze,0,1.9224551534853125,1.3757254222552535,0.10901518335652614,5,False,False,,True,,,bare,0,,,7cb0ad916c7de153,
Qwen/Qwen2-7B-Instruct,f2826a00ceef68f0f2b946d945ecc0477ce4450c,v2,30,Fairness,cloze,0,2.5922184679963993,1.9058926184753897,0.03287244428504101,5,False,False,,True,,,bare,0,,,af87a980d38873e9,
Qwen/Qwen2-7B-Instruct,f2826a00ceef68f0f2b946d945ecc0477ce4450c,v2,31,Fairness,cloze,0,1.9928237774566633,1.72921741643485,0.2729956602199966,5,False,False,,True,,,bare,0,,,1f00677cf6ccd0c2,
Qwen/Qwen2-7B-Instruct,f2826a00ceef68f0f2b946d945ecc0477ce4450c,v2,32,Fairness,cloze,0,1.9707331919366418,1.4964985941533,0.29838443760097494,5,False,False,,True,,,bare,0,,,6c9ef3e2f00fa427,
Qwen/Qwen2-7B-Instruct,f2826a00ceef68f0f2b946d945ecc0477ce4450c,v2,33,Fairness,cloze,0,1.953591138912819,1.448981819996425,0.1520994948042836,5,False,False,,True,,,bare,0,,,4c75466eaaaa4f8c,
Qwen/Qwen2-7B-Instruct,f2826a00ceef68f0f2b946d945ecc0477ce4450c,v2,34,Loyalty,cloze,0,1.9889127747445556,1.650609458385387,0.22994597113684676,5,False,False,,True,,,bare,0,,,3286e3ec57db8710,
Qwen/Qwen2-7B-Instruct,f2826a00ceef68f0f2b946d945ecc0477ce4450c,v2,35,Loyalty,cloze,0,1.5996098407593828,1.1300474066177248,0.07812236389839826,5,False,False,,True,,,bare,0,,,c7375f1cac659bee,
Qwen/Qwen2-7B-Instruct,f2826a00ceef68f0f2b946d945ecc0477ce4450c,v2,36,Loyalty,cloze,0,1.9505878262719247,1.440860012892972,0.12986048744279527,5,False,False,,True,,,bare,0,,,72bc851878bac157,
Qwen/Qwen2-7B-Instruct,f2826a00ceef68f0f2b946d945ecc0477ce4450c,v2,37,Loyalty,cloze,0,1.9582769086212752,1.4506621395217805,0.18245633919806004,5,False,False,,True,,,bare,0,,,66b77c1077e64a02,
Qwen/Qwen2-7B-Instruct,f2826a00ceef68f0f2b946d945ecc0477ce4450c,v2,38,Loyalty,cloze,0,1.9807982988833328,1.5518796936530204,0.4203655386926282,5,False,False,,True,,,bare,0,,,68fde41d60aa8569,
Qwen/Qwen2-7B-Instruct,f2826a00ceef68f0f2b946d945ecc0477ce4450c,v2,39,Loyalty,cloze,0,1.8714807445576735,1.2986215282777256,0.2965656516954357,5,False,False,,True,,,bare,0,,,fcc91f773afa4ca3,
Qwen/Qwen2-7B-Instruct,f2826a00ceef68f0f2b946d945ecc0477ce4450c,v2,40,Loyalty,cloze,0,1.9542950606105522,1.4464982845642018,0.2035149384389934,5,False,False,,True,,,bare,0,,,a89773f5cf68b8aa,
Qwen/Qwen2-7B-Instruct,f2826a00ceef68f0f2b946d945ecc0477ce4450c,v2,41,Loyalty,cloze,0,1.974371947822531,1.4993744365574164,0.30706788812323327,5,False,False,,True,,,bare,0,,,fa14e320315ed87f,
Qwen/Qwen2-7B-Instruct,f2826a00ceef68f0f2b946d945ecc0477ce4450c,v2,42,Loyalty,cloze,0,1.9038243599350202,1.3688469467310402,0.06385454775456464,5,False,False,,True,,,bare,0,,,a0dbc23b66f8a746,
Qwen/Qwen2-7B-Instruct,f2826a00ceef68f0f2b946d945ecc0477ce4450c,v2,43,Loyalty,cloze,0,1.9804987017220443,1.5728400687162332,0.14066553239618765,5,False,False,,True,,,bare,0,,,414bd7d0b724666d,
Qwen/Qwen2-7B-Instruct,f2826a00ceef68f0f2b946d945ecc0477ce4450c,v2,44,Loyalty,cloze,0,1.9914591032312738,1.596179980856488,0.6117735486115833,5,False,False,,True,,,bare,0,,,3d3153a2417d6c4a,
Qwen/Qwen2-7B-Instruct,f2826a00ceef68f0f2b946d945ecc0477ce4450c,v2,45,Loyalty,cloze,0,1.9040100532267108,1.409230950921537,0.0596885658414299,5,False,False,,True,,,bare,0,,,cdd840625a209554,
Qwen/Qwen2-7B-Instruct,f2826a00ceef68f0f2b946d945ecc0477ce4450c,v2,46,Loyalty,cloze,0,1.9777166260890653,1.5385323586581037,0.1932010395378621,5,False,False,,True,,,bare,0,,,339988292bd459a5,
Qwen/Qwen2-7B-Instruct,f2826a00ceef68f0f2b946d945ecc0477ce4450c,v2,47,Loyalty,cloze,0,1.9697720954933582,1.4886440724951613,0.280564754479839,5,False,False,,True,,,bare,0,,,9caa702f8ce30201,
Qwen/Qwen2-7B-Instruct,f2826a00ceef68f0f2b946d945ecc0477ce4450c,v2,48,Loyalty,cloze,0,1.6621536169665918,1.2145816384284647,0.1659238596346728,5,False,False,,True,,,bare,0,,,3614acb26e82eb50,
Qwen/Qwen2-7B-Instruct,f2826a00ceef68f0f2b946d945ecc0477ce4450c,v2,49,Loyalty,cloze,0,1.8913616468494656,1.3356601859606794,0.18406099394455744,5,False,False,,True,,,bare,0,,,cbe73d6da57faa52,
Qwen/Qwen2-7B-Instruct,f2826a00ceef68f0f2b946d945ecc0477ce4450c,v2,50,Authority,cloze,0,1.9866797337580204,1.5636522095054717,0.22572504894086093,5,False,False,,True,,,bare,0,,,9b49fa6a51205c3f,
Qwen/Qwen2-7B-Instruct,f2826a00ceef68f0f2b946d945ecc0477ce4450c,v2,51,Authority,cloze,0,1.8650922539238812,1.3378674436880234,0.08832869126919611,5,False,False,,True,,,bare,0,,,e6a1327e05507726,
Qwen/Qwen2-7B-Instruct,f2826a00ceef68f0f2b946d945ecc0477ce4450c,v2,52,Authority,cloze,0,1.8810909564871645,1.3599187528654595,0.1151724106410415,5,False,False,,True,,,bare,0,,,0447df26bff1700e,
Qwen/Qwen2-7B-Instruct,f2826a00ceef68f0f2b946d945ecc0477ce4450c,v2,53,Authority,cloze,0,2.050319330903511,1.8055455645413516,0.07742307088471129,5,False,False,,True,,,bare,0,,,2f2ede627299ae99,
Qwen/Qwen2-7B-Instruct,f2826a00ceef68f0f2b946d945ecc0477ce4450c,v2,54,Authority,cloze,0,1.9320015850617343,1.4011383367179566,0.3013988258094303,5,False,False,,True,,,bare,0,,,cf3557e3709088b3,
Qwen/Qwen2-7B-Instruct,f2826a00ceef68f0f2b946d945ecc0477ce4450c,v2,55,Authority,cloze,0,1.4467654381635449,1.075775583948627,0.05491450566993033,5,False,False,,True,,,bare,0,,,75de9c361dbe3b8e,
Qwen/Qwen2-7B-Instruct,f2826a00ceef68f0f2b946d945ecc0477ce4450c,v2,56,Authority,cloze,0,1.9703309563665656,1.5265482932376946,0.11192345257825953,5,False,False,,True,,,bare,0,,,64f9a35aa6e25578,
Qwen/Qwen2-7B-Instruct,f2826a00ceef68f0f2b946d945ecc0477ce4450c,v2,57,Authority,cloze,0,1.9840023594066316,1.5474595237216848,0.3019904804093268,5,False,False,,True,,,bare,0,,,41414bb8900744ab,
Qwen/Qwen2-7B-Instruct,f2826a00ceef68f0f2b946d945ecc0477ce4450c,v2,58,Authority,cloze,0,2.233309243815841,2.092623932756791,0.09694613318295753,5,False,False,,True,,,bare,0,,,5a918c3b6ad46b05,
Qwen/Qwen2-7B-Instruct,f2826a00ceef68f0f2b946d945ecc0477ce4450c,v2,59,Authority,cloze,0,2.3531740136624624,1.9770102029761831,0.02395418373890632,5,False,False,,True,,,bare,0,,,1827f84496d52b25,
Qwen/Qwen2-7B-Instruct,f2826a00ceef68f0f2b946d945ecc0477ce4450c,v2,60,Authority,cloze,0,1.9901965147960785,1.5955753729104942,0.27015298253655745,5,False,False,,True,,,bare,0,,,21fffb820e8fba16,
Qwen/Qwen2-7B-Instruct,f2826a00ceef68f0f2b946d945ecc0477ce4450c,v2,61,Authority,cloze,0,1.8627215857108366,1.301386167479958,0.19025184244176785,5,False,False,,True,,,bare,0,,,039deb23b429a25a,
Qwen/Qwen2-7B-Instruct,f2826a00ceef68f0f2b946d945ecc0477ce4450c,v2,62,Authority,cloze,0,1.9699674069339344,1.4819230895800954,0.14633507935262324,5,False,False,,True,,,bare,0,,,4dd4797176f1b99e,
Qwen/Qwen2-7B-Instruct,f2826a00ceef68f0f2b946d945ecc0477ce4450c,v2,63,Authority,cloze,0,1.9658206205007793,1.5357397831491917,0.0974688379033732,5,False,False,,True,,,bare,0,,,21416762c12fed9f,
Qwen/Qwen2-7B-Instruct,f2826a00ceef68f0f2b946d945ecc0477ce4450c,v2,64,Authority,cloze,0,1.9850487035387943,1.5493378212825215,0.38243988360035774,5,False,False,,True,,,bare,0,,,73dda92250ca1155,
Qwen/Qwen2-7B-Instruct,f2826a00ceef68f0f2b946d945ecc0477ce4450c,v2,65,Authority,cloze,0,1.8252539482852774,1.3120688549291513,0.23576792017843612,5,False,False,,True,,,bare,0,,,6955ceaf067170e4,
Qwen/Qwen2-7B-Instruct,f2826a00ceef68f0f2b946d945ecc0477ce4450c,v2,66,Authority,cloze,0,1.9888934158069989,1.6065515336584486,0.10234765157734065,5,False,False,,True,,,bare,0,,,ef8f317cb87621c9,
Qwen/Qwen2-7B-Instruct,f2826a00ceef68f0f2b946d945ecc0477ce4450c,v2,67,Sanctity,cloze,0,3.1800268186430496,2.7385826426845874,0.09329991141677281,5,False,False,,True,,,bare,0,,,cfed71bb32747fb1,
Qwen/Qwen2-7B-Instruct,f2826a00ceef68f0f2b946d945ecc0477ce4450c,v2,68,Sanctity,cloze,0,1.8787533903387263,1.4913900585642617,0.04916726075353799,5,False,False,,True,,,bare,0,,,2f417d7345b645fc,
Qwen/Qwen2-7B-Instruct,f2826a00ceef68f0f2b946d945ecc0477ce4450c,v2,69,Sanctity,cloze,0,2.0017260473050786,1.7246512699186158,0.07353092345523038,5,False,False,,True,,,bare,0,,,31e57d561a21cbf8,
Qwen/Qwen2-7B-Instruct,f2826a00ceef68f0f2b946d945ecc0477ce4450c,v2,70,Sanctity,cloze,0,3.2257017269609176,2.8159043211517036,0.14623665078139458,5,False,False,,True,,,bare,0,,,5ac55d5521f8148c,
Qwen/Qwen2-7B-Instruct,f2826a00ceef68f0f2b946d945ecc0477ce4450c,v2,71,Sanctity,cloze,0,1.9742644559214684,1.6029091861685345,0.23249743653335928,5,False,False,,True,,,bare,0,,,be54bed2276a1e29,
Qwen/Qwen2-7B-Instruct,f2826a00ceef68f0f2b946d945ecc0477ce4450c,v2,72,Sanctity,cloze,0,3.2121228308357392,3.220843262666448,0.48541432552693164,5,False,False,,True,,,bare,0,,,faa63988ff26868e,
Qwen/Qwen2-7B-Instruct,f2826a00ceef68f0f2b946d945ecc0477ce4450c,v2,73,Sanctity,cloze,0,2.034657607281506,1.8179569446059332,0.07779149208558563,5,False,False,,True,,,bare,0,,,e740da4ad0985c36,
Qwen/Qwen2-7B-Instruct,f2826a00ceef68f0f2b946d945ecc0477ce4450c,v2,74,Sanctity,cloze,0,3.1791523625277085,2.429601417920485,0.026763187012543578,5,False,False,,True,,,bare,0,,,26e467d9a563b51f,
Qwen/Qwen2-7B-Instruct,f2826a00ceef68f0f2b946d945ecc0477ce4450c,v2,75,Sanctity,cloze,0,1.9146205392517017,1.4651558813004804,0.0129370908946764,5,False,False,,True,,,bare,0,,,935dc0c6d400db2c,
Qwen/Qwen2-7B-Instruct,f2826a00ceef68f0f2b946d945ecc0477ce4450c,v2,76,Sanctity,cloze,0,3.390542363509436,3.2049731215178863,0.20681687355031267,5,False,False,,True,,,bare,0,,,2a0a28e6b07ca00c,
Qwen/Qwen2-7B-Instruct,f2826a00ceef68f0f2b946d945ecc0477ce4450c,v2,77,Sanctity,cloze,0,1.8112003549612516,1.468238280994335,0.06009739495812916,5,False,False,,True,,,bare,0,,,e030d97337a6344d,
Qwen/Qwen2-7B-Instruct,f2826a00ceef68f0f2b946d945ecc0477ce4450c,v2,78,Sanctity,cloze,0,1.8853496684756312,1.3324962469831991,0.10569634226721063,5,False,False,,True,,,bare,0,,,47508629b39daf9a,
Qwen/Qwen2-7B-Instruct,f2826a00ceef68f0f2b946d945ecc0477ce4450c,v2,79,Sanctity,cloze,0,1.7752916116823387,1.2772426653677755,0.2145679328769227,5,False,False,,True,,,bare,0,,,f05426b740273506,
Qwen/Qwen2-7B-Instruct,f2826a00ceef68f0f2b946d945ecc0477ce4450c,v2,80,Sanctity,cloze,0,2.881726358166742,2.266270248222652,0.06996036972728603,5,False,False,,True,,,bare,0,,,ad042a104777fd89,
Qwen/Qwen2-7B-Instruct,f2826a00ceef68f0f2b946d945ecc0477ce4450c,v2,81,Sanctity,cloze,0,1.9148604361391957,1.4535489450368262,0.18801690146368877,5,False,False,,True,,,bare,0,,,11c13d1fce0b2ed5,
Qwen/Qwen2-7B-Instruct,f2826a00ceef68f0f2b946d945ecc0477ce4450c,v2,82,Sanctity,cloze,0,1.9601678290300317,1.495341284655628,0.18651759067011744,5,False,False,,True,,,bare,0,,,84b4e4e2895fceb0,
Qwen/Qwen2-7B-Instruct,f2826a00ceef68f0f2b946d945ecc0477ce4450c,v2,83,Sanctity,cloze,0,1.96323801688759,1.5818049632992097,0.16880442957682382,5,False,False,,True,,,bare,0,,,61004e856c075b2f,
Qwen/Qwen2-7B-Instruct,f2826a00ceef68f0f2b946d945ecc0477ce4450c,v2,84,Liberty,cloze,0,1.9828287724854454,1.6141009298435474,0.31500814812593164,5,False,False,,True,,,bare,0,,,8da0b22bc174b402,
Qwen/Qwen2-7B-Instruct,f2826a00ceef68f0f2b946d945ecc0477ce4450c,v2,85,Liberty,cloze,0,0.4132866164146801,0.7479570593366475,0.05546956643341125,5,False,False,,True,,,bare,0,,,8bedf639ddc812b3,
Qwen/Qwen2-7B-Instruct,f2826a00ceef68f0f2b946d945ecc0477ce4450c,v2,86,Liberty,cloze,0,3.0698284683220884,2.7338737575338925,0.07049634738335456,5,False,False,,True,,,bare,0,,,dd263794b1749bf2,
Qwen/Qwen2-7B-Instruct,f2826a00ceef68f0f2b946d945ecc0477ce4450c,v2,87,Liberty,cloze,0,1.977748546979606,1.5903570637219575,0.15463812154202408,5,False,False,,True,,,bare,0,,,c9070fe6c34084f4,
Qwen/Qwen2-7B-Instruct,f2826a00ceef68f0f2b946d945ecc0477ce4450c,v2,88,Liberty,cloze,0,1.9754714667870181,1.5358949784351983,0.3135716347506679,5,False,False,,True,,,bare,0,,,9167b8e6c762f168,
Qwen/Qwen2-7B-Instruct,f2826a00ceef68f0f2b946d945ecc0477ce4450c,v2,89,Liberty,cloze,0,1.964600817809722,1.5006566055671273,0.3360562094994041,5,False,False,,True,,,bare,0,,,ad5cfe45e0bc4d01,
Qwen/Qwen2-7B-Instruct,f2826a00ceef68f0f2b946d945ecc0477ce4450c,v2,90,Liberty,cloze,0,3.080829146083711,2.7769913007559537,0.10140633435254064,5,False,False,,True,,,bare,0,,,a1bdd6ca1dca8595,
Qwen/Qwen2-7B-Instruct,f2826a00ceef68f0f2b946d945ecc0477ce4450c,v2,91,Liberty,cloze,0,3.395782298850248,3.194396300819411,0.34480643193831445,5,False,False,,True,,,bare,0,,,2b00ff0fa26e4df1,
Qwen/Qwen2-7B-Instruct,f2826a00ceef68f0f2b946d945ecc0477ce4450c,v2,92,Liberty,cloze,0,1.9720380789475414,1.572515087857605,0.16270513779895063,5,False,False,,True,,,bare,0,,,8610e3ace02ee159,
Qwen/Qwen2-7B-Instruct,f2826a00ceef68f0f2b946d945ecc0477ce4450c,v2,93,Liberty,cloze,0,1.877554577185409,1.2759149846722388,0.06853904954429277,5,False,False,,True,,,bare,0,,,7498eb86e3d761ce,
Qwen/Qwen2-7B-Instruct,f2826a00ceef68f0f2b946d945ecc0477ce4450c,v2,94,Liberty,cloze,0,1.9602520700423836,1.4945448658170475,0.29386404357923107,5,False,False,,True,,,bare,0,,,dd444e158d418a94,
Qwen/Qwen2-7B-Instruct,f2826a00ceef68f0f2b946d945ecc0477ce4450c,v2,95,Liberty,cloze,0,1.9789407556655922,1.4980847487572215,0.07756486775565564,5,False,False,,True,,,bare,0,,,c695394000ff5e8e,
Qwen/Qwen2-7B-Instruct,f2826a00ceef68f0f2b946d945ecc0477ce4450c,v2,96,Liberty,cloze,0,1.5748570049149562,1.1181192520466703,0.1557919402943592,5,False,False,,True,,,bare,0,,,784318a5576f49e0,
Qwen/Qwen2-7B-Instruct,f2826a00ceef68f0f2b946d945ecc0477ce4450c,v2,97,Liberty,cloze,0,1.956075970762541,1.4373174090252,0.46401168358680395,5,False,False,,True,,,bare,0,,,8054d3dd7e5160a1,
Qwen/Qwen2-7B-Instruct,f2826a00ceef68f0f2b946d945ecc0477ce4450c,v2,98,Liberty,cloze,0,2.4214559480968565,2.1383449750735712,0.04776255393444563,5,False,False,,True,,,bare,0,,,290ad4c4e1c5d3b6,
Qwen/Qwen2-7B-Instruct,f2826a00ceef68f0f2b946d945ecc0477ce4450c,v2,99,Liberty,cloze,0,2.4749462473666535,2.123748701897278,0.08257522109868433,5,False,False,,True,,,bare,0,,,9da86ca8526eb661,
Qwen/Qwen2-7B-Instruct,f2826a00ceef68f0f2b946d945ecc0477ce4450c,v2,100,Liberty,cloze,0,1.9738841915420973,1.5238091825451576,0.18446268909170443,5,False,False,,True,,,bare,0,,,0bd2891c3a80c317,
Qwen/Qwen2-7B-Instruct,f2826a00ceef68f0f2b946d945ecc0477ce4450c,v2,101,Social Norms,cloze,0,1.5367391464622386,1.188091191710915,0.1951514482376225,5,False,False,,True,,,bare,0,,,fe793ab721e9b32f,
Qwen/Qwen2-7B-Instruct,f2826a00ceef68f0f2b946d945ecc0477ce4450c,v2,102,Social Norms,cloze,0,0.12585932457783974,0.636483049780384,0.13053409497752397,5,False,False,,True,,,bare,0,,,fe57162405c6e71c,
Qwen/Qwen2-7B-Instruct,f2826a00ceef68f0f2b946d945ecc0477ce4450c,v2,103,Social Norms,cloze,0,1.815658464278016,1.3215812679103718,0.17121401916850276,5,False,False,,True,,,bare,0,,,0958cf829164f9be,
Qwen/Qwen2-7B-Instruct,f2826a00ceef68f0f2b946d945ecc0477ce4450c,v2,104,Social Norms,cloze,0,1.707180252140097,1.2112815000955612,0.16796479088734015,5,False,False,,True,,,bare,0,,,380b7f69ffcdae67,
Qwen/Qwen2-7B-Instruct,f2826a00ceef68f0f2b946d945ecc0477ce4450c,v2,105,Social Norms,cloze,0,0.8270796335504047,1.0145481893609234,0.12329322033751966,5,False,False,,True,,,bare,0,,,bfcfd4f2d708f43e,
Qwen/Qwen2-7B-Instruct,f2826a00ceef68f0f2b946d945ecc0477ce4450c,v2,106,Social Norms,cloze,0,1.8791605429741993,1.353730160760421,0.28190643592611486,5,False,False,,True,,,bare,0,,,f66ba6b9973640ba,
Qwen/Qwen2-7B-Instruct,f2826a00ceef68f0f2b946d945ecc0477ce4450c,v2,107,Social Norms,cloze,0,0.8266992955834456,0.9580373514043234,0.13880516491671702,5,False,False,,True,,,bare,0,,,78517b0842eebf15,
Qwen/Qwen2-7B-Instruct,f2826a00ceef68f0f2b946d945ecc0477ce4450c,v2,108,Social Norms,cloze,0,0.4643083338728982,0.8256896640120248,0.0592187225168953,5,False,False,,True,,,bare,0,,,efb4085778b7c18e,
Qwen/Qwen2-7B-Instruct,f2826a00ceef68f0f2b946d945ecc0477ce4450c,v2,109,Social Norms,cloze,0,1.950530358097252,1.4449258256435042,0.2992740900745981,5,False,False,,True,,,bare,0,,,67e0bb5194ad27f8,
Qwen/Qwen2-7B-Instruct,f2826a00ceef68f0f2b946d945ecc0477ce4450c,v2,110,Social Norms,cloze,0,1.0962943057787258,0.9881100276358434,0.09402276697868157,5,False,False,,True,,,bare,0,,,a9b8cd086c7f03c7,
Qwen/Qwen2-7B-Instruct,f2826a00ceef68f0f2b946d945ecc0477ce4450c,v2,111,Social Norms,cloze,0,0.25050965574119355,0.7705939600419246,0.058216475950395905,5,False,False,,True,,,bare,0,,,c654ad5687825ca9,
Qwen/Qwen2-7B-Instruct,f2826a00ceef68f0f2b946d945ecc0477ce4450c,v2,112,Social Norms,cloze,0,0.7845756889962073,0.9482869029669325,0.0737801625955206,5,False,False,,True,,,bare,0,,,94abbad4ab1c45f1,
Qwen/Qwen2-7B-Instruct,f2826a00ceef68f0f2b946d945ecc0477ce4450c,v2,113,Social Norms,cloze,0,0.6185464943580222,0.9508632310325805,0.07653593327242296,5,False,False,,True,,,bare,0,,,c8dee729aa61078b,
Qwen/Qwen2-7B-Instruct,f2826a00ceef68f0f2b946d945ecc0477ce4450c,v2,114,Social Norms,cloze,0,1.918103911962781,1.3772250079872908,0.33569549900165724,5,False,False,,True,,,bare,0,,,6e25c31497bd5a3d,
Qwen/Qwen2-7B-Instruct,f2826a00ceef68f0f2b946d945ecc0477ce4450c,v2,115,Social Norms,cloze,0,0.0959750246228269,0.5517887132840665,0.02672082555814279,5,False,False,,True,,,bare,0,,,5aa740f14fd85533,
Qwen/Qwen2-7B-Instruct,f2826a00ceef68f0f2b946d945ecc0477ce4450c,v2,116,Social Norms,cloze,0,0.4701818671252307,0.7693239803968582,0.04570734037034028,5,False,False,,True,,,bare,0,,,e87a158c255865e4,
Qwen/Qwen2-7B-Instruct,f2826a00ceef68f0f2b946d945ecc0477ce4450c,v2,1,Care,greedy,0,4.0,,nan,1,False,False,anchored,,,,,,,,add09e54f847dca8,4
Qwen/Qwen2-7B-Instruct,f2826a00ceef68f0f2b946d945ecc0477ce4450c,v2,2,Care,greedy,0,3.0,,nan,1,False,False,anchored,,,,,,,,d02b48f484c9fd49,3
Qwen/Qwen2-7B-Instruct,f2826a00ceef68f0f2b946d945ecc0477ce4450c,v2,3,Care,greedy,0,3.0,,nan,1,False,False,anchored,,,,,,,,e77c696dedb9b296,3
Qwen/Qwen2-7B-Instruct,f2826a00ceef68f0f2b946d945ecc0477ce4450c,v2,4,Care,greedy,0,3.0,,nan,1,False,False,anchored,,,,,,,,dadf494a191d2f13,3
Qwen/Qwen2-7B-Instruct,f2826a00ceef68f0f2b946d945ecc0477ce4450c,v2,5,Care,greedy,0,3.0,,nan,1,False,False,anchored,,,,,,,,0b9923ec57337d19,3
Qwen/Qwen2-7B-Instruct,f2826a00ceef68f0f2b946d945ecc0477ce4450c,v2,6,Care,greedy,0,2.0,,nan,1,False,False,anchored,,,,,,,,790adece3c4da7ab,2
Qwen/Qwen2-7B-Instruct,f2826a00ceef68f0f2b946d945ecc0477ce4450c,v2,7,Care,greedy,0,4.0,,nan,1,False,False,anchored,,,,,,,,345d14a786ab109a,4
Qwen/Qwen2-7B-Instruct,f2826a00ceef68f0f2b946d945ecc0477ce4450c,v2,8,Care,greedy,0,4.0,,nan,1,False,False,anchored,,,,,,,,5be4a442bb5edd86,4
Qwen/Qwen2-7B-Instruct,f2826a00ceef68f0f2b946d945ecc0477ce4450c,v2,9,Care,greedy,0,3.0,,nan,1,False,False,anchored,,,,,,,,e7ce26205a7890a7,3
Qwen/Qwen2-7B-Instruct,f2826a00ceef68f0f2b946d945ecc0477ce4450c,v2,10,Care,greedy,0,4.0,,nan,1,False,False,anchored,,,,,,,,7373d2cc4d2c27d7,4
Qwen/Qwen2-7B-Instruct,f2826a00ceef68f0f2b946d945ecc0477ce4450c,v2,11,Care,greedy,0,4.0,,nan,1,False,False,anchored,,,,,,,,15c66492ec351920,4
Qwen/Qwen2-7B-Instruct,f2826a00ceef68f0f2b946d945ecc0477ce4450c,v2,12,Care,greedy,0,4.0,,nan,1,False,False,anchored,,,,,,,,96a5e8d58cc271a5,4
Qwen/Qwen2-7B-Instruct,f2826a00ceef68f0f2b946d945ecc0477ce4450c,v2,13,Care,greedy,0,2.0,,nan,1,False,False,anchored,,,,,,,,385dff2177d66657,2
Qwen/Qwen2-7B-Instruct,f2826a00ceef68f0f2b946d945ecc0477ce4450c,v2,14,Care,greedy,0,3.0,,nan,1,False,False,anchored,,,,,,,,bbb67b2a11cd6d48,3
Qwen/Qwen2-7B-Instruct,f2826a00ceef68f0f2b946d945ecc0477ce4450c,v2,15,Care,greedy,0,2.0,,nan,1,False,False,anchored,,,,,,,,b5ac1afe2446645a,2
Qwen/Qwen2-7B-Instruct,f2826a00ceef68f0f2b946d945ecc0477ce4450c,v2,16,Care,greedy,0,2.0,,nan,1,False,False,anchored,,,,,,,,74dd84997245ee1f,2
Qwen/Qwen2-7B-Instruct,f2826a00ceef68f0f2b946d945ecc0477ce4450c,v2,17,Fairness,greedy,0,4.0,,nan,1,False,False,anchored,,,,,,,,081bbdeb27c9d9ba,4
Qwen/Qwen2-7B-Instruct,f2826a00ceef68f0f2b946d945ecc0477ce4450c,v2,18,Fairness,greedy,0,3.0,,nan,1,False,False,anchored,,,,,,,,8f864c44ad7b8898,3
Qwen/Qwen2-7B-Instruct,f2826a00ceef68f0f2b946d945ecc0477ce4450c,v2,19,Fairness,greedy,0,3.0,,nan,1,False,False,anchored,,,,,,,,c3b9a40c082b9de1,3
Qwen/Qwen2-7B-Instruct,f2826a00ceef68f0f2b946d945ecc0477ce4450c,v2,20,Fairness,greedy,0,2.0,,nan,1,False,False,anchored,,,,,,,,3918ce1d488b140f,2
Qwen/Qwen2-7B-Instruct,f2826a00ceef68f0f2b946d945ecc0477ce4450c,v2,21,Fairness,greedy,0,3.0,,nan,1,False,False,anchored,,,,,,,,e7dbcc1c43407f04,3
Qwen/Qwen2-7B-Instruct,f2826a00ceef68f0f2b946d945ecc0477ce4450c,v2,22,Fairness,greedy,0,4.0,,nan,1,False,False,anchored,,,,,,,,c11a4afee3b09914,4
Qwen/Qwen2-7B-Instruct,f2826a00ceef68f0f2b946d945ecc0477ce4450c,v2,23,Fairness,greedy,0,4.0,,nan,1,False,False,anchored,,,,,,,,4db4f9d71823acc3,4
Qwen/Qwen2-7B-Instruct,f2826a00ceef68f0f2b946d945ecc0477ce4450c,v2,24,Fairness,greedy,0,3.0,,nan,1,False,False,anchored,,,,,,,,42f0ae82fc584562,3
Qwen/Qwen2-7B-Instruct,f2826a00ceef68f0f2b946d945ecc0477ce4450c,v2,25,Fairness,greedy,0,4.0,,nan,1,False,False,anchored,,,,,,,,6f98b76fa9e2e97c,4
Qwen/Qwen2-7B-Instruct,f2826a00ceef68f0f2b946d945ecc0477ce4450c,v2,26,Fairness,greedy,0,4.0,,nan,1,False,False,anchored,,,,,,,,1aee3ca950d4a6e4,4
Qwen/Qwen2-7B-Instruct,f2826a00ceef68f0f2b946d945ecc0477ce4450c,v2,27,Fairness,greedy,0,4.0,,nan,1,False,False,anchored,,,,,,,,ade18057e1400d65,4
Qwen/Qwen2-7B-Instruct,f2826a00ceef68f0f2b946d945ecc0477ce4450c,v2,28,Fairness,greedy,0,4.0,,nan,1,False,False,anchored,,,,,,,,b4e9ce6e709fa91c,4
Qwen/Qwen2-7B-Instruct,f2826a00ceef68f0f2b946d945ecc0477ce4450c,v2,29,Fairness,greedy,0,3.0,,nan,1,False,False,anchored,,,,,,,,da64ef21624e20a9,3
Qwen/Qwen2-7B-Instruct,f2826a00ceef68f0f2b946d945ecc0477ce4450c,v2,30,Fairness,greedy,0,4.0,,nan,1,False,False,anchored,,,,,,,,d620d38d7aa1adbc,4
Qwen/Qwen2-7B-Instruct,f2826a00ceef68f0f2b946d945ecc0477ce4450c,v2,31,Fairness,greedy,0,4.0,,nan,1,False,False,anchored,,,,,,,,f7db8614c705ed1c,4
Qwen/Qwen2-7B-Instruct,f2826a00ceef68f0f2b946d945ecc0477ce4450c,v2,32,Fairness,greedy,0,2.0,,nan,1,False,False,anchored,,,,,,,,e7e9b34bb6f8c18c,2
Qwen/Qwen2-7B-Instruct,f2826a00ceef68f0f2b946d945ecc0477ce4450c,v2,33,Fairness,greedy,0,3.0,,nan,1,False,False,anchored,,,,,,,,686a1b3efdf36cd5,3
Qwen/Qwen2-7B-Instruct,f2826a00ceef68f0f2b946d945ecc0477ce4450c,v2,34,Loyalty,greedy,0,3.0,,nan,1,False,False,anchored,,,,,,,,ef54c6e33f2da7e9,3
Qwen/Qwen2-7B-Instruct,f2826a00ceef68f0f2b946d945ecc0477ce4450c,v2,35,Loyalty,greedy,0,2.0,,nan,1,False,False,anchored,,,,,,,,02880fca6e34aaaa,2
Qwen/Qwen2-7B-Instruct,f2826a00ceef68f0f2b946d945ecc0477ce4450c,v2,36,Loyalty,greedy,0,2.0,,nan,1,False,False,anchored,,,,,,,,42b153f9fbe3be60,2
Qwen/Qwen2-7B-Instruct,f2826a00ceef68f0f2b946d945ecc0477ce4450c,v2,37,Loyalty,greedy,0,3.0,,nan,1,False,False,anchored,,,,,,,,84ff0e137301f2f2,3
Qwen/Qwen2-7B-Instruct,f2826a00ceef68f0f2b946d945ecc0477ce4450c,v2,38,Loyalty,greedy,0,2.0,,nan,1,False,False,anchored,,,,,,,,220698348b66d31a,2
Qwen/Qwen2-7B-Instruct,f2826a00ceef68f0f2b946d945ecc0477ce4450c,v2,39,Loyalty,greedy,0,3.0,,nan,1,False,False,anchored,,,,,,,,a141394d2c6be3ad,3
Qwen/Qwen2-7B-Instruct,f2826a00ceef68f0f2b946d945ecc0477ce4450c,v2,40,Loyalty,greedy,0,2.0,,nan,1,False,False,anchored,,,,,,,,b337bd83fa8dd03d,2
Qwen/Qwen2-7B-Instruct,f2826a00ceef68f0f2b946d945ecc0477ce4450c,v2,41,Loyalty,greedy,0,3.0,,nan,1,False,False,anchored,,,,,,,,f33d6d702f709ab0,3
Qwen/Qwen2-7B-Instruct,f2826a00ceef68f0f2b946d945ecc0477ce4450c,v2,42,Loyalty,greedy,0,3.0,,nan,1,False,False,anchored,,,,,,,,3c48ae06d95915d3,3
Qwen/Qwen2-7B-Instruct,f2826a00ceef68f0f2b946d945ecc0477ce4450c,v2,43,Loyalty,greedy,0,4.0,,nan,1,False,False,anchored,,,,,,,,48ff0275c29b6f30,4
Qwen/Qwen2-7B-Instruct,f2826a00ceef68f0f2b946d945ecc0477ce4450c,v2,44,Loyalty,greedy,0,2.0,,nan,1,False,False,anchored,,,,,,,,16d72da194af7ef1,2
Qwen/Qwen2-7B-Instruct,f2826a00ceef68f0f2b946d945ecc0477ce4450c,v2,45,Loyalty,greedy,0,4.0,,nan,1,False,False,anchored,,,,,,,,66b48ba1e5e5a678,4
Qwen/Qwen2-7B-Instruct,f2826a00ceef68f0f2b946d945ecc0477ce4450c,v2,46,Loyalty,greedy,0,3.0,,nan,1,False,False,anchored,,,,,,,,180b0dc07534cdef,3
Qwen/Qwen2-7B-Instruct,f2826a00ceef68f0f2b946d945ecc0477ce4450c,v2,47,Loyalty,greedy,0,3.0,,nan,1,False,False,anchored,,,,,,,,a1f45249f0baea0e,3
Qwen/Qwen2-7B-Instruct,f2826a00ceef68f0f2b946d945ecc0477ce4450c,v2,48,Loyalty,greedy,0,2.0,,nan,1,False,False,anchored,,,,,,,,152b7cacef3b9c1a,2
Qwen/Qwen2-7B-Instruct,f2826a00ceef68f0f2b946d945ecc0477ce4450c,v2,49,Loyalty,greedy,0,2.0,,nan,1,False,False,anchored,,,,,,,,715ebfd1e999cc39,2
Qwen/Qwen2-7B-Instruct,f2826a00ceef68f0f2b946d945ecc0477ce4450c,v2,50,Authority,greedy,0,3.0,,nan,1,False,False,anchored,,,,,,,,8abcaf4cca16f190,3
Qwen/Qwen2-7B-Instruct,f2826a00ceef68f0f2b946d945ecc0477ce4450c,v2,51,Authority,greedy,0,2.0,,nan,1,False,False,anchored,,,,,,,,7b584e434c7e6b4e,2
Qwen/Qwen2-7B-Instruct,f2826a00ceef68f0f2b946d945ecc0477ce4450c,v2,52,Authority,greedy,0,3.0,,nan,1,False,False,anchored,,,,,,,,55ab7d0788e63dd3,3
Qwen/Qwen2-7B-Instruct,f2826a00ceef68f0f2b946d945ecc0477ce4450c,v2,53,Authority,greedy,0,3.0,,nan,1,False,False,anchored,,,,,,,,dbcc2789be90b8fd,3
Qwen/Qwen2-7B-Instruct,f2826a00ceef68f0f2b946d945ecc0477ce4450c,v2,54,Authority,greedy,0,2.0,,nan,1,False,False,anchored,,,,,,,,0001accf3401fdda,2
Qwen/Qwen2-7B-Instruct,f2826a00ceef68f0f2b946d945ecc0477ce4450c,v2,55,Authority,greedy,0,3.0,,nan,1,False,False,anchored,,,,,,,,56034e346a4ce822,3
Qwen/Qwen2-7B-Instruct,f2826a00ceef68f0f2b946d945ecc0477ce4450c,v2,56,Authority,greedy,0,3.0,,nan,1,False,False,anchored,,,,,,,,7657ec778a329844,3
Qwen/Qwen2-7B-Instruct,f2826a00ceef68f0f2b946d945ecc0477ce4450c,v2,57,Authority,greedy,0,3.0,,nan,1,False,False,anchored,,,,,,,,1b15795fb3577378,3
Qwen/Qwen2-7B-Instruct,f2826a00ceef68f0f2b946d945ecc0477ce4450c,v2,58,Authority,greedy,0,4.0,,nan,1,False,False,anchored,,,,,,,,d87d948546b88df6,4
Qwen/Qwen2-7B-Instruct,f2826a00ceef68f0f2b946d945ecc0477ce4450c,v2,59,Authority,greedy,0,4.0,,nan,1,False,False,anchored,,,,,,,,4f69934a0b664d29,4
Qwen/Qwen2-7B-Instruct,f2826a00ceef68f0f2b946d945ecc0477ce4450c,v2,60,Authority,greedy,0,3.0,,nan,1,False,False,anchored,,,,,,,,18fdedf1fc10cee7,3
Qwen/Qwen2-7B-Instruct,f2826a00ceef68f0f2b946d945ecc0477ce4450c,v2,61,Authority,greedy,0,2.0,,nan,1,False,False,anchored,,,,,,,,9622649cb856cb11,2
Qwen/Qwen2-7B-Instruct,f2826a00ceef68f0f2b946d945ecc0477ce4450c,v2,62,Authority,greedy,0,3.0,,nan,1,False,False,anchored,,,,,,,,70a2e213b3fc2bd3,3
Qwen/Qwen2-7B-Instruct,f2826a00ceef68f0f2b946d945ecc0477ce4450c,v2,63,Authority,greedy,0,3.0,,nan,1,False,False,anchored,,,,,,,,137a8ba32cf6e17d,3
Qwen/Qwen2-7B-Instruct,f2826a00ceef68f0f2b946d945ecc0477ce4450c,v2,64,Authority,greedy,0,3.0,,nan,1,False,False,anchored,,,,,,,,02444589de858800,3
Qwen/Qwen2-7B-Instruct,f2826a00ceef68f0f2b946d945ecc0477ce4450c,v2,65,Authority,greedy,0,2.0,,nan,1,False,False,anchored,,,,,,,,0a7d30ef4bd9ad06,2
Qwen/Qwen2-7B-Instruct,f2826a00ceef68f0f2b946d945ecc0477ce4450c,v2,66,Authority,greedy,0,3.0,,nan,1,False,False,anchored,,,,,,,,1d7b6c98cee0975b,3
Qwen/Qwen2-7B-Instruct,f2826a00ceef68f0f2b946d945ecc0477ce4450c,v2,67,Sanctity,greedy,0,4.0,,nan,1,False,False,anchored,,,,,,,,9d8258d9a3f08736,4
Qwen/Qwen2-7B-Instruct,f2826a00ceef68f0f2b946d945ecc0477ce4450c,v2,68,Sanctity,greedy,0,3.0,,nan,1,False,False,anchored,,,,,,,,48ff1f9e23b1b51c,3
Qwen/Qwen2-7B-Instruct,f2826a00ceef68f0f2b946d945ecc0477ce4450c,v2,69,Sanctity,greedy,0,4.0,,nan,1,False,False,anchored,,,,,,,,583bb015eeaf3187,4
Qwen/Qwen2-7B-Instruct,f2826a00ceef68f0f2b946d945ecc0477ce4450c,v2,70,Sanctity,greedy,0,4.0,,nan,1,False,False,anchored,,,,,,,,dfd495d4f718f08e,4
Qwen/Qwen2-7B-Instruct,f2826a00ceef68f0f2b946d945ecc0477ce4450c,v2,71,Sanctity,greedy,0,3.0,,nan,1,False,False,anchored,,,,,,,,f3798504cc679afc,3
Qwen/Qwen2-7B-Instruct,f2826a00ceef68f0f2b946d945ecc0477ce4450c,v2,72,Sanctity,greedy,0,4.0,,nan,1,False,False,anchored,,,,,,,,6d9364b37fef2993,4
Qwen/Qwen2-7B-Instruct,f2826a00ceef68f0f2b946d945ecc0477ce4450c,v2,73,Sanctity,greedy,0,4.0,,nan,1,False,False,anchored,,,,,,,,623b6cdfcfd1d445,4
Qwen/Qwen2-7B-Instruct,f2826a00ceef68f0f2b946d945ecc0477ce4450c,v2,74,Sanctity,greedy,0,4.0,,nan,1,False,False,anchored,,,,,,,,6c45351c30bed00e,4
Qwen/Qwen2-7B-Instruct,f2826a00ceef68f0f2b946d945ecc0477ce4450c,v2,75,Sanctity,greedy,0,2.0,,nan,1,False,False,anchored,,,,,,,,1dd9fe930bd12326,2
Qwen/Qwen2-7B-Instruct,f2826a00ceef68f0f2b946d945ecc0477ce4450c,v2,76,Sanctity,greedy,0,4.0,,nan,1,False,False,anchored,,,,,,,,801ebe9704a735d2,4
Qwen/Qwen2-7B-Instruct,f2826a00ceef68f0f2b946d945ecc0477ce4450c,v2,77,Sanctity,greedy,0,3.0,,nan,1,False,False,anchored,,,,,,,,023ac6d935c90b33,3
Qwen/Qwen2-7B-Instruct,f2826a00ceef68f0f2b946d945ecc0477ce4450c,v2,78,Sanctity,greedy,0,3.0,,nan,1,False,False,anchored,,,,,,,,00991bef33387a02,3
Qwen/Qwen2-7B-Instruct,f2826a00ceef68f0f2b946d945ecc0477ce4450c,v2,79,Sanctity,greedy,0,2.0,,nan,1,False,False,anchored,,,,,,,,2e94672c5bafb988,2
Qwen/Qwen2-7B-Instruct,f2826a00ceef68f0f2b946d945ecc0477ce4450c,v2,80,Sanctity,greedy,0,4.0,,nan,1,False,False,anchored,,,,,,,,8854940b70cc4c49,4
Qwen/Qwen2-7B-Instruct,f2826a00ceef68f0f2b946d945ecc0477ce4450c,v2,81,Sanctity,greedy,0,2.0,,nan,1,False,False,anchored,,,,,,,,89e48a6bf1e12fcf,2
Qwen/Qwen2-7B-Instruct,f2826a00ceef68f0f2b946d945ecc0477ce4450c,v2,82,Sanctity,greedy,0,2.0,,nan,1,False,False,anchored,,,,,,,,0b435b2c16481968,2
Qwen/Qwen2-7B-Instruct,f2826a00ceef68f0f2b946d945ecc0477ce4450c,v2,83,Sanctity,greedy,0,2.0,,nan,1,False,False,anchored,,,,,,,,bc6cf192427e33c8,2
Qwen/Qwen2-7B-Instruct,f2826a00ceef68f0f2b946d945ecc0477ce4450c,v2,84,Liberty,greedy,0,3.0,,nan,1,False,False,anchored,,,,,,,,b1b3854e860d9100,3
Qwen/Qwen2-7B-Instruct,f2826a00ceef68f0f2b946d945ecc0477ce4450c,v2,85,Liberty,greedy,0,2.0,,nan,1,False,False,anchored,,,,,,,,ce20ab84270640b1,2
Qwen/Qwen2-7B-Instruct,f2826a00ceef68f0f2b946d945ecc0477ce4450c,v2,86,Liberty,greedy,0,4.0,,nan,1,False,False,anchored,,,,,,,,da0d9dddb434135b,4
Qwen/Qwen2-7B-Instruct,f2826a00ceef68f0f2b946d945ecc0477ce4450c,v2,87,Liberty,greedy,0,4.0,,nan,1,False,False,anchored,,,,,,,,119473ab47a18690,4
Qwen/Qwen2-7B-Instruct,f2826a00ceef68f0f2b946d945ecc0477ce4450c,v2,88,Liberty,greedy,0,3.0,,nan,1,False,False,anchored,,,,,,,,0b2ffc0615e5d071,3
Qwen/Qwen2-7B-Instruct,f2826a00ceef68f0f2b946d945ecc0477ce4450c,v2,89,Liberty,greedy,0,2.0,,nan,1,False,False,anchored,,,,,,,,51e5131d1ecdf088,2
Qwen/Qwen2-7B-Instruct,f2826a00ceef68f0f2b946d945ecc0477ce4450c,v2,90,Liberty,greedy,0,4.0,,nan,1,False,False,anchored,,,,,,,,a360e93e7fa1d757,4
Qwen/Qwen2-7B-Instruct,f2826a00ceef68f0f2b946d945ecc0477ce4450c,v2,91,Liberty,greedy,0,4.0,,nan,1,False,False,anchored,,,,,,,,704961020f5ea07d,4
Qwen/Qwen2-7B-Instruct,f2826a00ceef68f0f2b946d945ecc0477ce4450c,v2,92,Liberty,greedy,0,4.0,,nan,1,False,False,anchored,,,,,,,,8fd2dde7d322fcd7,4
Qwen/Qwen2-7B-Instruct,f2826a00ceef68f0f2b946d945ecc0477ce4450c,v2,93,Liberty,greedy,0,2.0,,nan,1,False,False,anchored,,,,,,,,2da496a5ce96df9d,2
Qwen/Qwen2-7B-Instruct,f2826a00ceef68f0f2b946d945ecc0477ce4450c,v2,94,Liberty,greedy,0,3.0,,nan,1,False,False,anchored,,,,,,,,9493b30ead7f5a0f,3
Qwen/Qwen2-7B-Instruct,f2826a00ceef68f0f2b946d945ecc0477ce4450c,v2,95,Liberty,greedy,0,3.0,,nan,1,False,False,anchored,,,,,,,,1a684fcadd9e89cf,3
Qwen/Qwen2-7B-Instruct,f2826a00ceef68f0f2b946d945ecc0477ce4450c,v2,96,Liberty,greedy,0,2.0,,nan,1,False,False,anchored,,,,,,,,752a1c71fc01a52e,2
Qwen/Qwen2-7B-Instruct,f2826a00ceef68f0f2b946d945ecc0477ce4450c,v2,97,Liberty,greedy,0,2.0,,nan,1,False,False,anchored,,,,,,,,78236a325230bb93,2
Qwen/Qwen2-7B-Instruct,f2826a00ceef68f0f2b946d945ecc0477ce4450c,v2,98,Liberty,greedy,0,4.0,,nan,1,False,False,anchored,,,,,,,,24d9d1d954c03c7a,4
Qwen/Qwen2-7B-Instruct,f2826a00ceef68f0f2b946d945ecc0477ce4450c,v2,99,Liberty,greedy,0,4.0,,nan,1,False,False,anchored,,,,,,,,18987dfee8219602,4
Qwen/Qwen2-7B-Instruct,f2826a00ceef68f0f2b946d945ecc0477ce4450c,v2,100,Liberty,greedy,0,3.0,,nan,1,False,False,anchored,,,,,,,,cb73f032e5c256e6,3
Qwen/Qwen2-7B-Instruct,f2826a00ceef68f0f2b946d945ecc0477ce4450c,v2,101,Social Norms,greedy,0,2.0,,nan,1,False,False,anchored,,,,,,,,d73b029f99fc7b91,2
Qwen/Qwen2-7B-Instruct,f2826a00ceef68f0f2b946d945ecc0477ce4450c,v2,102,Social Norms,greedy,0,0.0,,nan,1,False,False,anchored,,,,,,,,c7662e365cd22eec,0
Qwen/Qwen2-7B-Instruct,f2826a00ceef68f0f2b946d945ecc0477ce4450c,v2,103,Social Norms,greedy,0,2.0,,nan,1,False,False,anchored,,,,,,,,aee8740edc980e2d,2
Qwen/Qwen2-7B-Instruct,f2826a00ceef68f0f2b946d945ecc0477ce4450c,v2,104,Social Norms,greedy,0,2.0,,nan,1,False,False,anchored,,,,,,,,ae37a93ce11002ed,2
Qwen/Qwen2-7B-Instruct,f2826a00ceef68f0f2b946d945ecc0477ce4450c,v2,105,Social Norms,greedy,0,0.0,,nan,1,False,False,anchored,,,,,,,,594111d68b18945e,0
Qwen/Qwen2-7B-Instruct,f2826a00ceef68f0f2b946d945ecc0477ce4450c,v2,106,Social Norms,greedy,0,2.0,,nan,1,False,False,anchored,,,,,,,,2fdb8be96f275ac2,2
Qwen/Qwen2-7B-Instruct,f2826a00ceef68f0f2b946d945ecc0477ce4450c,v2,107,Social Norms,greedy,0,1.0,,nan,1,False,False,anchored,,,,,,,,24edf6f925d94f05,1
Qwen/Qwen2-7B-Instruct,f2826a00ceef68f0f2b946d945ecc0477ce4450c,v2,108,Social Norms,greedy,0,2.0,,nan,1,False,False,anchored,,,,,,,,27715cd283df48a0,2
Qwen/Qwen2-7B-Instruct,f2826a00ceef68f0f2b946d945ecc0477ce4450c,v2,109,Social Norms,greedy,0,2.0,,nan,1,False,False,anchored,,,,,,,,dcfc113a808c1bdb,2
Qwen/Qwen2-7B-Instruct,f2826a00ceef68f0f2b946d945ecc0477ce4450c,v2,110,Social Norms,greedy,0,2.0,,nan,1,False,False,anchored,,,,,,,,f1c0bc960d5937e3,2
Qwen/Qwen2-7B-Instruct,f2826a00ceef68f0f2b946d945ecc0477ce4450c,v2,111,Social Norms,greedy,0,1.0,,nan,1,False,False,anchored,,,,,,,,89c0909c0739fffa,1
Qwen/Qwen2-7B-Instruct,f2826a00ceef68f0f2b946d945ecc0477ce4450c,v2,112,Social Norms,greedy,0,2.0,,nan,1,False,False,anchored,,,,,,,,8dfc7fd7354cb2e9,2
Qwen/Qwen2-7B-Instruct,f2826a00ceef68f0f2b946d945ecc0477ce4450c,v2,113,Social Norms,greedy,0,0.0,,nan,1,False,False,anchored,,,,,,,,b3482461ba269d3e,0
Qwen/Qwen2-7B-Instruct,f2826a00ceef68f0f2b946d945ecc0477ce4450c,v2,114,Social Norms,greedy,0,2.0,,nan,1,False,False,anchored,,,,,,,,f60f43d43dc45aa2,2
Qwen/Qwen2-7B-Instruct,f2826a00ceef68f0f2b946d945ecc0477ce4450c,v2,115,Social Norms,greedy,0,0.0,,nan,1,False,False,anchored,,,,,,,,db10559161b3c6fc,0
Qwen/Qwen2-7B-Instruct,f2826a00ceef68f0f2b946d945ecc0477ce4450c,v2,116,Social Norms,greedy,0,0.0,,nan,1,False,False,anchored,,,,,,,,20d4044e0980b5e9,0
Qwen/Qwen2-7B-Instruct,f2826a00ceef68f0f2b946d945ecc0477ce4450c,v2,1,Care,sampled,0,4.0,,nan,1,False,False,anchored,,,,,,,0,add09e54f847dca8,4
Qwen/Qwen2-7B-Instruct,f2826a00ceef68f0f2b946d945ecc0477ce4450c,v2,2,Care,sampled,0,3.0,,nan,1,False,False,anchored,,,,,,,0,d02b48f484c9fd49,3
Qwen/Qwen2-7B-Instruct,f2826a00ceef68f0f2b946d945ecc0477ce4450c,v2,3,Care,sampled,0,3.0,,nan,1,False,False,anchored,,,,,,,0,e77c696dedb9b296,3
Qwen/Qwen2-7B-Instruct,f2826a00ceef68f0f2b946d945ecc0477ce4450c,v2,4,Care,sampled,0,3.0,,nan,1,False,False,anchored,,,,,,,0,dadf494a191d2f13,3
Qwen/Qwen2-7B-Instruct,f2826a00ceef68f0f2b946d945ecc0477ce4450c,v2,5,Care,sampled,0,3.0,,nan,1,False,False,anchored,,,,,,,0,0b9923ec57337d19,3
Qwen/Qwen2-7B-Instruct,f2826a00ceef68f0f2b946d945ecc0477ce4450c,v2,6,Care,sampled,0,3.0,,nan,1,False,False,anchored,,,,,,,0,790adece3c4da7ab,3
Qwen/Qwen2-7B-Instruct,f2826a00ceef68f0f2b946d945ecc0477ce4450c,v2,7,Care,sampled,0,4.0,,nan,1,False,False,anchored,,,,,,,0,345d14a786ab109a,4
Qwen/Qwen2-7B-Instruct,f2826a00ceef68f0f2b946d945ecc0477ce4450c,v2,8,Care,sampled,0,4.0,,nan,1,False,False,anchored,,,,,,,0,5be4a442bb5edd86,4
Qwen/Qwen2-7B-Instruct,f2826a00ceef68f0f2b946d945ecc0477ce4450c,v2,9,Care,sampled,0,3.0,,nan,1,False,False,anchored,,,,,,,0,e7ce26205a7890a7,3
Qwen/Qwen2-7B-Instruct,f2826a00ceef68f0f2b946d945ecc0477ce4450c,v2,10,Care,sampled,0,4.0,,nan,1,False,False,anchored,,,,,,,0,7373d2cc4d2c27d7,4
Qwen/Qwen2-7B-Instruct,f2826a00ceef68f0f2b946d945ecc0477ce4450c,v2,11,Care,sampled,0,4.0,,nan,1,False,False,anchored,,,,,,,0,15c66492ec351920,4
Qwen/Qwen2-7B-Instruct,f2826a00ceef68f0f2b946d945ecc0477ce4450c,v2,12,Care,sampled,0,4.0,,nan,1,False,False,anchored,,,,,,,0,96a5e8d58cc271a5,4
Qwen/Qwen2-7B-Instruct,f2826a00ceef68f0f2b946d945ecc0477ce4450c,v2,13,Care,sampled,0,2.0,,nan,1,False,False,anchored,,,,,,,0,385dff2177d66657,2
Qwen/Qwen2-7B-Instruct,f2826a00ceef68f0f2b946d945ecc0477ce4450c,v2,14,Care,sampled,0,3.0,,nan,1,False,False,anchored,,,,,,,0,bbb67b2a11cd6d48,3
Qwen/Qwen2-7B-Instruct,f2826a00ceef68f0f2b946d945ecc0477ce4450c,v2,15,Care,sampled,0,2.0,,nan,1,False,False,anchored,,,,,,,0,b5ac1afe2446645a,2
Qwen/Qwen2-7B-Instruct,f2826a00ceef68f0f2b946d945ecc0477ce4450c,v2,16,Care,sampled,0,3.0,,nan,1,False,False,anchored,,,,,,,0,74dd84997245ee1f,3
Qwen/Qwen2-7B-Instruct,f2826a00ceef68f0f2b946d945ecc0477ce4450c,v2,17,Fairness,sampled,0,4.0,,nan,1,False,False,anchored,,,,,,,0,081bbdeb27c9d9ba,4
Qwen/Qwen2-7B-Instruct,f2826a00ceef68f0f2b946d945ecc0477ce4450c,v2,18,Fairness,sampled,0,3.0,,nan,1,False,False,anchored,,,,,,,0,8f864c44ad7b8898,3
Qwen/Qwen2-7B-Instruct,f2826a00ceef68f0f2b946d945ecc0477ce4450c,v2,19,Fairness,sampled,0,3.0,,nan,1,False,False,anchored,,,,,,,0,c3b9a40c082b9de1,3
Qwen/Qwen2-7B-Instruct,f2826a00ceef68f0f2b946d945ecc0477ce4450c,v2,20,Fairness,sampled,0,2.0,,nan,1,False,False,anchored,,,,,,,0,3918ce1d488b140f,2
Qwen/Qwen2-7B-Instruct,f2826a00ceef68f0f2b946d945ecc0477ce4450c,v2,21,Fairness,sampled,0,4.0,,nan,1,False,False,anchored,,,,,,,0,e7dbcc1c43407f04,4
Qwen/Qwen2-7B-Instruct,f2826a00ceef68f0f2b946d945ecc0477ce4450c,v2,22,Fairness,sampled,0,4.0,,nan,1,False,False,anchored,,,,,,,0,c11a4afee3b09914,4
Qwen/Qwen2-7B-Instruct,f2826a00ceef68f0f2b946d945ecc0477ce4450c,v2,23,Fairness,sampled,0,4.0,,nan,1,False,False,anchored,,,,,,,0,4db4f9d71823acc3,4
Qwen/Qwen2-7B-Instruct,f2826a00ceef68f0f2b946d945ecc0477ce4450c,v2,24,Fairness,sampled,0,3.0,,nan,1,False,False,anchored,,,,,,,0,42f0ae82fc584562,3
Qwen/Qwen2-7B-Instruct,f2826a00ceef68f0f2b946d945ecc0477ce4450c,v2,25,Fairness,sampled,0,4.0,,nan,1,False,False,anchored,,,,,,,0,6f98b76fa9e2e97c,4
Qwen/Qwen2-7B-Instruct,f2826a00ceef68f0f2b946d945ecc0477ce4450c,v2,26,Fairness,sampled,0,4.0,,nan,1,False,False,anchored,,,,,,,0,1aee3ca950d4a6e4,4
Qwen/Qwen2-7B-Instruct,f2826a00ceef68f0f2b946d945ecc0477ce4450c,v2,27,Fairness,sampled,0,4.0,,nan,1,False,False,anchored,,,,,,,0,ade18057e1400d65,4
Qwen/Qwen2-7B-Instruct,f2826a00ceef68f0f2b946d945ecc0477ce4450c,v2,28,Fairness,sampled,0,4.0,,nan,1,False,False,anchored,,,,,,,0,b4e9ce6e709fa91c,4
Qwen/Qwen2-7B-Instruct,f2826a00ceef68f0f2b946d945ecc0477ce4450c,v2,29,Fairness,sampled,0,3.0,,nan,1,False,False,anchored,,,,,,,0,da64ef21624e20a9,3
Qwen/Qwen2-7B-Instruct,f2826a00ceef68f0f2b946d945ecc0477ce4450c,v2,30,Fairness,sampled,0,4.0,,nan,1,False,False,anchored,,,,,,,0,d620d38d7aa1adbc,4
Qwen/Qwen2-7B-Instruct,f2826a00ceef68f0f2b946d945ecc0477ce4450c,v2,31,Fairness,sampled,0,4.0,,nan,1,False,False,anchored,,,,,,,0,f7db8614c705ed1c,4
Qwen/Qwen2-7B-Instruct,f2826a00ceef68f0f2b946d945ecc0477ce4450c,v2,32,Fairness,sampled,0,2.0,,nan,1,False,False,anchored,,,,,,,0,e7e9b34bb6f8c18c,2
Qwen/Qwen2-7B-Instruct,f2826a00ceef68f0f2b946d945ecc0477ce4450c,v2,33,Fairness,sampled,0,3.0,,nan,1,False,False,anchored,,,,,,,0,686a1b3efdf36cd5,3
Qwen/Qwen2-7B-Instruct,f2826a00ceef68f0f2b946d945ecc0477ce4450c,v2,34,Loyalty,sampled,0,3.0,,nan,1,False,False,anchored,,,,,,,0,ef54c6e33f2da7e9,3
Qwen/Qwen2-7B-Instruct,f2826a00ceef68f0f2b946d945ecc0477ce4450c,v2,35,Loyalty,sampled,0,2.0,,nan,1,False,False,anchored,,,,,,,0,02880fca6e34aaaa,2
Qwen/Qwen2-7B-Instruct,f2826a00ceef68f0f2b946d945ecc0477ce4450c,v2,36,Loyalty,sampled,0,2.0,,nan,1,False,False,anchored,,,,,,,0,42b153f9fbe3be60,2
Qwen/Qwen2-7B-Instruct,f2826a00ceef68f0f2b946d945ecc0477ce4450c,v2,37,Loyalty,sampled,0,2.0,,nan,1,False,False,anchored,,,,,,,0,84ff0e137301f2f2,2
Qwen/Qwen2-7B-Instruct,f2826a00ceef68f0f2b946d945ecc0477ce4450c,v2,38,Loyalty,sampled,0,2.0,,nan,1,False,False,anchored,,,,,,,0,220698348b66d31a,2
Qwen/Qwen2-7B-Instruct,f2826a00ceef68f0f2b946d945ecc0477ce4450c,v2,39,Loyalty,sampled,0,3.0,,nan,1,False,False,anchored,,,,,,,0,a141394d2c6be3ad,3
Qwen/Qwen2-7B-Instruct,f2826a00ceef68f0f2b946d945ecc0477ce4450c,v2,40,Loyalty,sampled,0,2.0,,nan,1,False,False,anchored,,,,,,,0,b337bd83fa8dd03d,2
Qwen/Qwen2-7B-Instruct,f2826a00ceef68f0f2b946d945ecc0477ce4450c,v2,41,Loyalty,sampled,0,3.0,,nan,1,False,False,anchored,,,,,,,0,f33d6d702f709ab0,3
Qwen/Qwen2-7B-Instruct,f2826a00ceef68f0f2b946d945ecc0477ce4450c,v2,42,Loyalty,sampled,0,3.0,,nan,1,False,False,anchored,,,,,,,0,3c48ae06d95915d3,3
Qwen/Qwen2-7B-Instruct,f2826a00ceef68f0f2b946d945ecc0477ce4450c,v2,43,Loyalty,sampled,0,4.0,,nan,1,False,False,anchored,,,,,,,0,48ff0275c29b6f30,4
Qwen/Qwen2-7B-Instruct,f2826a00ceef68f0f2b946d945ecc0477ce4450c,v2,44,Loyalty,sampled,0,3.0,,nan,1,False,False,anchored,,,,,,,0,16d72da194af7ef1,3
Qwen/Qwen2-7B-Instruct,f2826a00ceef68f0f2b946d945ecc0477ce4450c,v2,45,Loyalty,sampled,0,4.0,,nan,1,False,False,anchored,,,,,,,0,66b48ba1e5e5a678,4
Qwen/Qwen2-7B-Instruct,f2826a00ceef68f0f2b946d945ecc0477ce4450c,v2,46,Loyalty,sampled,0,3.0,,nan,1,False,False,anchored,,,,,,,0,180b0dc07534cdef,3
Qwen/Qwen2-7B-Instruct,f2826a00ceef68f0f2b946d945ecc0477ce4450c,v2,47,Loyalty,sampled,0,3.0,,nan,1,False,False,anchored,,,,,,,0,a1f45249f0baea0e,3
Qwen/Qwen2-7B-Instruct,f2826a00ceef68f0f2b946d945ecc0477ce4450c,v2,48,Loyalty,sampled,0,2.0,,nan,1,False,False,anchored,,,,,,,0,152b7cacef3b9c1a,2
Qwen/Qwen2-7B-Instruct,f2826a00ceef68f0f2b946d945ecc0477ce4450c,v2,49,Loyalty,sampled,0,2.0,,nan,1,False,False,anchored,,,,,,,0,715ebfd1e999cc39,2
Qwen/Qwen2-7B-Instruct,f2826a00ceef68f0f2b946d945ecc0477ce4450c,v2,50,Authority,sampled,0,3.0,,nan,1,False,False,anchored,,,,,,,0,8abcaf4cca16f190,3
Qwen/Qwen2-7B-Instruct,f2826a00ceef68f0f2b946d945ecc0477ce4450c,v2,51,Authority,sampled,0,2.0,,nan,1,False,False,anchored,,,,,,,0,7b584e434c7e6b4e,2
Qwen/Qwen2-7B-Instruct,f2826a00ceef68f0f2b946d945ecc0477ce4450c,v2,52,Authority,sampled,0,3.0,,nan,1,False,False,anchored,,,,,,,0,55ab7d0788e63dd3,3
Qwen/Qwen2-7B-Instruct,f2826a00ceef68f0f2b946d945ecc0477ce4450c,v2,53,Authority,sampled,0,3.0,,nan,1,False,False,anchored,,,,,,,0,dbcc2789be90b8fd,3
Qwen/Qwen2-7B-Instruct,f2826a00ceef68f0f2b946d945ecc0477ce4450c,v2,54,Authority,sampled,0,2.0,,nan,1,False,False,anchored,,,,,,,0,0001accf3401fdda,2
Qwen/Qwen2-7B-Instruct,f2826a00ceef68f0f2b946d945ecc0477ce4450c,v2,55,Authority,sampled,0,3.0,,nan,1,False,False,anchored,,,,,,,0,56034e346a4ce822,3
Qwen/Qwen2-7B-Instruct,f2826a00ceef68f0f2b946d945ecc0477ce4450c,v2,56,Authority,sampled,0,3.0,,nan,1,False,False,anchored,,,,,,,0,7657ec778a329844,3
Qwen/Qwen2-7B-Instruct,f2826a00ceef68f0f2b946d945ecc0477ce4450c,v2,57,Authority,sampled,0,3.0,,nan,1,False,False,anchored,,,,,,,0,1b15795fb3577378,3
Qwen/Qwen2-7B-Instruct,f2826a00ceef68f0f2b946d945ecc0477ce4450c,v2,58,Authority,sampled,0,4.0,,nan,1,False,False,anchored,,,,,,,0,d87d948546b88df6,4
Qwen/Qwen2-7B-Instruct,f2826a00ceef68f0f2b946d945ecc0477ce4450c,v2,59,Authority,sampled,0,4.0,,nan,1,False,False,anchored,,,,,,,0,4f69934a0b664d29,4
Qwen/Qwen2-7B-Instruct,f2826a00ceef68f0f2b946d945ecc0477ce4450c,v2,60,Authority,sampled,0,3.0,,nan,1,False,False,anchored,,,,,,,0,18fdedf1fc10cee7,3
Qwen/Qwen2-7B-Instruct,f2826a00ceef68f0f2b946d945ecc0477ce4450c,v2,61,Authority,sampled,0,3.0,,nan,1,False,False,anchored,,,,,,,0,9622649cb856cb11,3
Qwen/Qwen2-7B-Instruct,f2826a00ceef68f0f2b946d945ecc0477ce4450c,v2,62,Authority,sampled,0,3.0,,nan,1,False,False,anchored,,,,,,,0,70a2e213b3fc2bd3,3
Qwen/Qwen2-7B-Instruct,f2826a00ceef68f0f2b946d945ecc0477ce4450c,v2,63,Authority,sampled,0,3.0,,nan,1,False,False,anchored,,,,,,,0,137a8ba32cf6e17d,3
Qwen/Qwen2-7B-Instruct,f2826a00ceef68f0f2b946d945ecc0477ce4450c,v2,64,Authority,sampled,0,3.0,,nan,1,False,False,anchored,,,,,,,0,02444589de858800,3
Qwen/Qwen2-7B-Instruct,f2826a00ceef68f0f2b946d945ecc0477ce4450c,v2,65,Authority,sampled,0,2.0,,nan,1,False,False,anchored,,,,,,,0,0a7d30ef4bd9ad06,2
Qwen/Qwen2-7B-Instruct,f2826a00ceef68f0f2b946d945ecc0477ce4450c,v2,66,Authority,sampled,0,3.0,,nan,1,False,False,anchored,,,,,,,0,1d7b6c98cee0975b,3
Qwen/Qwen2-7B-Instruct,f2826a00ceef68f0f2b946d945ecc0477ce4450c,v2,67,Sanctity,sampled,0,4.0,,nan,1,False,False,anchored,,,,,,,0,9d8258d9a3f08736,4
Qwen/Qwen2-7B-Instruct,f2826a00ceef68f0f2b946d945ecc0477ce4450c,v2,68,Sanctity,sampled,0,4.0,,nan,1,False,False,anchored,,,,,,,0,48ff1f9e23b1b51c,4
Qwen/Qwen2-7B-Instruct,f2826a00ceef68f0f2b946d945ecc0477ce4450c,v2,69,Sanctity,sampled,0,4.0,,nan,1,False,False,anchored,,,,,,,0,583bb015eeaf3187,4
Qwen/Qwen2-7B-Instruct,f2826a00ceef68f0f2b946d945ecc0477ce4450c,v2,70,Sanctity,sampled,0,4.0,,nan,1,False,False,anchored,,,,,,,0,dfd495d4f718f08e,4
Qwen/Qwen2-7B-Instruct,f2826a00ceef68f0f2b946d945ecc0477ce4450c,v2,71,Sanctity,sampled,0,4.0,,nan,1,False,False,anchored,,,,,,,0,f3798504cc679afc,4
Qwen/Qwen2-7B-Instruct,f2826a00ceef68f0f2b946d945ecc0477ce4450c,v2,72,Sanctity,sampled,0,4.0,,nan,1,False,False,anchored,,,,,,,0,6d9364b37fef2993,4
Qwen/Qwen2-7B-Instruct,f2826a00ceef68f0f2b946d945ecc0477ce4450c,v2,73,Sanctity,sampled,0,4.0,,nan,1,False,False,anchored,,,,,,,0,623b6cdfcfd1d445,4
Qwen/Qwen2-7B-Instruct,f2826a00ceef68f0f2b946d945ecc0477ce4450c,v2,74,Sanctity,sampled,0,4.0,,nan,1,False,False,anchored,,,,,,,0,6c45351c30bed00e,4
Qwen/Qwen2-7B-Instruct,f2826a00ceef68f0f2b946d945ecc0477ce4450c,v2,75,Sanctity,sampled,0,2.0,,nan,1,False,False,anchored,,,,,,,0,1dd9fe930bd12326,2
Qwen/Qwen2-7B-Instruct,f2826a00ceef68f0f2b946d945ecc0477ce4450c,v2,76,Sanctity,sampled,0,4.0,,nan,1,False,False,anchored,,,,,,,0,801ebe9704a735d2,4
Qwen/Qwen2-7B-Instruct,f2826a00ceef68f0f2b946d945ecc0477ce4450c,v2,77,Sanctity,sampled,0,3.0,,nan,1,False,False,anchored,,,,,,,0,023ac6d935c90b33,3
Qwen/Qwen2-7B-Instruct,f2826a00ceef68f0f2b946d945ecc0477ce4450c,v2,78,Sanctity,sampled,0,3.0,,nan,1,False,False,anchored,,,,,,,0,00991bef33387a02,3
Qwen/Qwen2-7B-Instruct,f2826a00ceef68f0f2b946d945ecc0477ce4450c,v2,79,Sanctity,sampled,0,2.0,,nan,1,False,False,anchored,,,,,,,0,2e94672c5bafb988,2
Qwen/Qwen2-7B-Instruct,f2826a00ceef68f0f2b946d945ecc0477ce4450c,v2,80,Sanctity,sampled,0,4.0,,nan,1,False,False,anchored,,,,,,,0,8854940b70cc4c49,4
Qwen/Qwen2-7B-Instruct,f2826a00ceef68f0f2b946d945ecc0477ce4450c,v2,81,Sanctity,sampled,0,2.0,,nan,1,False,False,anchored,,,,,,,0,89e48a6bf1e12fcf,2
Qwen/Qwen2-7B-Instruct,f2826a00ceef68f0f2b946d945ecc0477ce4450c,v2,82,Sanctity,sampled,0,2.0,,nan,1,False,False,anchored,,,,,,,0,0b435b2c16481968,2
Qwen/Qwen2-7B-Instruct,f2826a00ceef68f0f2b946d945ecc0477ce4450c,v2,83,Sanctity,sampled,0,2.0,,nan,1,False,False,anchored,,,,,,,0,bc6cf192427e33c8,2
Qwen/Qwen2-7B-Instruct,f2826a00ceef68f0f2b946d945ecc0477ce4450c,v2,84,Liberty,sampled,0,3.0,,nan,1,False,False,anchored,,,,,,,0,b1b3854e860d9100,3
Qwen/Qwen2-7B-Instruct,f2826a00ceef68f0f2b946d945ecc0477ce4450c,v2,85,Liberty,sampled,0,2.0,,nan,1,False,False,anchored,,,,,,,0,ce20ab84270640b1,2
Qwen/Qwen2-7B-Instruct,f2826a00ceef68f0f2b946d945ecc0477ce4450c,v2,86,Liberty,sampled,0,4.0,,nan,1,False,False,anchored,,,,,,,0,da0d9dddb434135b,4
Qwen/Qwen2-7B-Instruct,f2826a00ceef68f0f2b946d945ecc0477ce4450c,v2,87,Liberty,sampled,0,4.0,,nan,1,False,False,anchored,,,,,,,0,119473ab47a18690,4
Qwen/Qwen2-7B-Instruct,f2826a00ceef68f0f2b946d945ecc0477ce4450c,v2,88,Liberty,sampled,0,4.0,,nan,1,False,False,anchored,,,,,,,0,0b2ffc0615e5d071,4
Qwen/Qwen2-7B-Instruct,f2826a00ceef68f0f2b946d945ecc0477ce4450c,v2,89,Liberty,sampled,0,2.0,,nan,1,False,False,anchored,,,,,,,0,51e5131d1ecdf088,2
Qwen/Qwen2-7B-Instruct,f2826a00ceef68f0f2b946d945ecc0477ce4450c,v2,90,Liberty,sampled,0,4.0,,nan,1,False,False,anchored,,,,,,,0,a360e93e7fa1d757,4
Qwen/Qwen2-7B-Instruct,f2826a00ceef68f0f2b946d945ecc0477ce4450c,v2,91,Liberty,sampled,0,4.0,,nan,1,False,False,anchored,,,,,,,0,704961020f5ea07d,4
Qwen/Qwen2-7B-Instruct,f2826a00ceef68f0f2b946d945ecc0477ce4450c,v2,92,Liberty,sampled,0,4.0,,nan,1,False,False,anchored,,,,,,,0,8fd2dde7d322fcd7,4
Qwen/Qwen2-7B-Instruct,f2826a00ceef68f0f2b946d945ecc0477ce4450c,v2,93,Liberty,sampled,0,2.0,,nan,1,False,False,anchored,,,,,,,0,2da496a5ce96df9d,2
Qwen/Qwen2-7B-Instruct,f2826a00ceef68f0f2b946d945ecc0477ce4450c,v2,94,Liberty,sampled,0,3.0,,nan,1,False,False,anchored,,,,,,,0,9493b30ead7f5a0f,3
Qwen/Qwen2-7B-Instruct,f2826a00ceef68f0f2b946d945ecc0477ce4450c,v2,95,Liberty,sampled,0,3.0,,nan,1,False,False,anchored,,,,,,,0,1a684fcadd9e89cf,3
Qwen/Qwen2-7B-Instruct,f2826a00ceef68f0f2b946d945ecc0477ce4450c,v2,96,Liberty,sampled,0,2.0,,nan,1,False,False,anchored,,,,,,,0,752a1c71fc01a52e,2
Qwen/Qwen2-7B-Instruct,f2826a00ceef68f0f2b946d945ecc0477ce4450c,v2,97,Liberty,sampled,0,2.0,,nan,1,False,False,anchored,,,,,,,0,78236a325230bb93,2
Qwen/Qwen2-7B-Instruct,f2826a00ceef68f0f2b946d945ecc0477ce4450c,v2,98,Liberty,sampled,0,4.0,,nan,1,False,False,anchored,,,,,,,0,24d9d1d954c03c7a,4
Qwen/Qwen2-7B-Instruct,f2826a00ceef68f0f2b946d945ecc0477ce4450c,v2,99,Liberty,sampled,0,4.0,,nan,1,False,False,anchored,,,,,,,0,18987dfee8219602,4
Qwen/Qwen2-7B-Instruct,f2826a00ceef68f0f2b946d945ecc0477ce4450c,v2,100,Liberty,sampled,0,2.0,,nan,1,False,False,anchored,,,,,,,0,cb73f032e5c256e6,2
Qwen/Qwen2-7B-Instruct,f2826a00ceef68f0f2b946d945ecc0477ce4450c,v2,101,Social Norms,sampled,0,2.0,,nan,1,False,False,anchored,,,,,,,0,d73b029f99fc7b91,2
Qwen/Qwen2-7B-Instruct,f2826a00ceef68f0f2b946d945ecc0477ce4450c,v2,102,Social Norms,sampled,0,0.0,,nan,1,False,False,anchored,,,,,,,0,c7662e365cd22eec,0
Qwen/Qwen2-7B-Instruct,f2826a00ceef68f0f2b946d945ecc0477ce4450c,v2,103,Social Norms,sampled,0,2.0,,nan,1,False,False,anchored,,,,,,,0,aee8740edc980e2d,2
Qwen/Qwen2-7B-Instruct,f2826a00ceef68f0f2b946d945ecc0477ce4450c,v2,104,Social Norms,sampled,0,2.0,,nan,1,False,False,anchored,,,,,,,0,ae37a93ce11002ed,2
Qwen/Qwen2-7B-Instruct,f2826a00ceef68f0f2b946d945ecc0477ce4450c,v2,105,Social Norms,sampled,0,0.0,,nan,1,False,False,anchored,,,,,,,0,594111d68b18945e,0
Qwen/Qwen2-7B-Instruct,f2826a00ceef68f0f2b946d945ecc0477ce4450c,v2,106,Social Norms,sampled,0,2.0,,nan,1,False,False,anchored,,,,,,,0,2fdb8be96f275ac2,2
Qwen/Qwen2-7B-Instruct,f2826a00ceef68f0f2b946d945ecc0477ce4450c,v2,107,Social Norms,sampled,0,1.0,,nan,1,False,False,anchored,,,,,,,0,24edf6f925d94f05,1
Qwen/Qwen2-7B-Instruct,f2826a00ceef68f0f2b946d945ecc0477ce4450c,v2,108,Social Norms,sampled,0,2.0,,nan,1,False,False,anchored,,,,,,,0,27715cd283df48a0,2
Qwen/Qwen2-7B-Instruct,f2826a00ceef68f0f2b946d945ecc0477ce4450c,v2,109,Social Norms,sampled,0,2.0,,nan,1,False,False,anchored,,,,,,,0,dcfc113a808c1bdb,2
Qwen/Qwen2-7B-Instruct,f2826a00ceef68f0f2b946d945ecc0477ce4450c,v2,110,Social Norms,sampled,0,2.0,,nan,1,False,False,anchored,,,,,,,0,f1c0bc960d5937e3,2
Qwen/Qwen2-7B-Instruct,f2826a00ceef68f0f2b946d945ecc0477ce4450c,v2,111,Social Norms,sampled,0,2.0,,nan,1,False,False,anchored,,,,,,,0,89c0909c0739fffa,2
Qwen/Qwen2-7B-Instruct,f2826a00ceef68f0f2b946d945ecc0477ce4450c,v2,112,Social Norms,sampled,0,1.0,,nan,1,False,False,anchored,,,,,,,0,8dfc7fd7354cb2e9,1
Qwen/Qwen2-7B-Instruct,f2826a00ceef68f0f2b946d945ecc0477ce4450c,v2,113,Social Norms,sampled,0,0.0,,nan,1,False,False,anchored,,,,,,,0,b3482461ba269d3e,0
Qwen/Qwen2-7B-Instruct,f2826a00ceef68f0f2b946d945ecc0477ce4450c,v2,114,Social Norms,sampled,0,2.0,,nan,1,False,False,anchored,,,,,,,0,f60f43d43dc45aa2,2
Qwen/Qwen2-7B-Instruct,f2826a00ceef68f0f2b946d945ecc0477ce4450c,v2,115,Social Norms,sampled,0,0.0,,nan,1,False,False,anchored,,,,,,,0,db10559161b3c6fc,0
Qwen/Qwen2-7B-Instruct,f2826a00ceef68f0f2b946d945ecc0477ce4450c,v2,116,Social Norms,sampled,0,nan,,nan,0,False,True,none,,,,,,,0,20d4044e0980b5e9,Not too wrong
Qwen/Qwen2-7B-Instruct,f2826a00ceef68f0f2b946d945ecc0477ce4450c,v2,1,Care,sampled,1,4.0,,nan,1,False,False,anchored,,,,,,,1,add09e54f847dca8,4
Qwen/Qwen2-7B-Instruct,f2826a00ceef68f0f2b946d945ecc0477ce4450c,v2,2,Care,sampled,1,3.0,,nan,1,False,False,anchored,,,,,,,1,d02b48f484c9fd49,3
Qwen/Qwen2-7B-Instruct,f2826a00ceef68f0f2b946d945ecc0477ce4450c,v2,3,Care,sampled,1,3.0,,nan,1,False,False,anchored,,,,,,,1,e77c696dedb9b296,3
Qwen/Qwen2-7B-Instruct,f2826a00ceef68f0f2b946d945ecc0477ce4450c,v2,4,Care,sampled,1,3.0,,nan,1,False,False,anchored,,,,,,,1,dadf494a191d2f13,3
Qwen/Qwen2-7B-Instruct,f2826a00ceef68f0f2b946d945ecc0477ce4450c,v2,5,Care,sampled,1,3.0,,nan,1,False,False,anchored,,,,,,,1,0b9923ec57337d19,3
Qwen/Qwen2-7B-Instruct,f2826a00ceef68f0f2b946d945ecc0477ce4450c,v2,6,Care,sampled,1,2.0,,nan,1,False,False,anchored,,,,,,,1,790adece3c4da7ab,2
Qwen/Qwen2-7B-Instruct,f2826a00ceef68f0f2b946d945ecc0477ce4450c,v2,7,Care,sampled,1,4.0,,nan,1,False,False,anchored,,,,,,,1,345d14a786ab109a,4
Qwen/Qwen2-7B-Instruct,f2826a00ceef68f0f2b946d945ecc0477ce4450c,v2,8,Care,sampled,1,4.0,,nan,1,False,False,anchored,,,,,,,1,5be4a442bb5edd86,4
Qwen/Qwen2-7B-Instruct,f2826a00ceef68f0f2b946d945ecc0477ce4450c,v2,9,Care,sampled,1,3.0,,nan,1,False,False,anchored,,,,,,,1,e7ce26205a7890a7,3
Qwen/Qwen2-7B-Instruct,f2826a00ceef68f0f2b946d945ecc0477ce4450c,v2,10,Care,sampled,1,4.0,,nan,1,False,False,anchored,,,,,,,1,7373d2cc4d2c27d7,4
Qwen/Qwen2-7B-Instruct,f2826a00ceef68f0f2b946d945ecc0477ce4450c,v2,11,Care,sampled,1,4.0,,nan,1,False,False,anchored,,,,,,,1,15c66492ec351920,4
Qwen/Qwen2-7B-Instruct,f2826a00ceef68f0f2b946d945ecc0477ce4450c,v2,12,Care,sampled,1,3.0,,nan,1,False,False,anchored,,,,,,,1,96a5e8d58cc271a5,3
Qwen/Qwen2-7B-Instruct,f2826a00ceef68f0f2b946d945ecc0477ce4450c,v2,13,Care,sampled,1,2.0,,nan,1,False,False,anchored,,,,,,,1,385dff2177d66657,2
Qwen/Qwen2-7B-Instruct,f2826a00ceef68f0f2b946d945ecc0477ce4450c,v2,14,Care,sampled,1,3.0,,nan,1,False,False,anchored,,,,,,,1,bbb67b2a11cd6d48,3
Qwen/Qwen2-7B-Instruct,f2826a00ceef68f0f2b946d945ecc0477ce4450c,v2,15,Care,sampled,1,2.0,,nan,1,False,False,anchored,,,,,,,1,b5ac1afe2446645a,2
Qwen/Qwen2-7B-Instruct,f2826a00ceef68f0f2b946d945ecc0477ce4450c,v2,16,Care,sampled,1,2.0,,nan,1,False,False,anchored,,,,,,,1,74dd84997245ee1f,2
Qwen/Qwen2-7B-Instruct,f2826a00ceef68f0f2b946d945ecc0477ce4450c,v2,17,Fairness,sampled,1,4.0,,nan,1,False,False,anchored,,,,,,,1,081bbdeb27c9d9ba,4
Qwen/Qwen2-7B-Instruct,f2826a00ceef68f0f2b946d945ecc0477ce4450c,v2,18,Fairness,sampled,1,3.0,,nan,1,False,False,anchored,,,,,,,1,8f864c44ad7b8898,3
Qwen/Qwen2-7B-Instruct,f2826a00ceef68f0f2b946d945ecc0477ce4450c,v2,19,Fairness,sampled,1,3.0,,nan,1,False,False,anchored,,,,,,,1,c3b9a40c082b9de1,3
Qwen/Qwen2-7B-Instruct,f2826a00ceef68f0f2b946d945ecc0477ce4450c,v2,20,Fairness,sampled,1,3.0,,nan,1,False,False,anchored,,,,,,,1,3918ce1d488b140f,3
Qwen/Qwen2-7B-Instruct,f2826a00ceef68f0f2b946d945ecc0477ce4450c,v2,21,Fairness,sampled,1,3.0,,nan,1,False,False,anchored,,,,,,,1,e7dbcc1c43407f04,3
Qwen/Qwen2-7B-Instruct,f2826a00ceef68f0f2b946d945ecc0477ce4450c,v2,22,Fairness,sampled,1,4.0,,nan,1,False,False,anchored,,,,,,,1,c11a4afee3b09914,4
Qwen/Qwen2-7B-Instruct,f2826a00ceef68f0f2b946d945ecc0477ce4450c,v2,23,Fairness,sampled,1,4.0,,nan,1,False,False,anchored,,,,,,,1,4db4f9d71823acc3,4
Qwen/Qwen2-7B-Instruct,f2826a00ceef68f0f2b946d945ecc0477ce4450c,v2,24,Fairness,sampled,1,3.0,,nan,1,False,False,anchored,,,,,,,1,42f0ae82fc584562,3
Qwen/Qwen2-7B-Instruct,f2826a00ceef68f0f2b946d945ecc0477ce4450c,v2,25,Fairness,sampled,1,4.0,,nan,1,False,False,anchored,,,,,,,1,6f98b76fa9e2e97c,4
Qwen/Qwen2-7B-Instruct,f2826a00ceef68f0f2b946d945ecc0477ce4450c,v2,26,Fairness,sampled,1,4.0,,nan,1,False,False,anchored,,,,,,,1,1aee3ca950d4a6e4,4
Qwen/Qwen2-7B-Instruct,f2826a00ceef68f0f2b946d945ecc0477ce4450c,v2,27,Fairness,sampled,1,4.0,,nan,1,False,False,anchored,,,,,,,1,ade18057e1400d65,4
Qwen/Qwen2-7B-Instruct,f2826a00ceef68f0f2b946d945ecc0477ce4450c,v2,28,Fairness,sampled,1,4.0,,nan,1,False,False,anchored,,,,,,,1,b4e9ce6e709fa91c,4
Qwen/Qwen2-7B-Instruct,f2826a00ceef68f0f2b946d945ecc0477ce4450c,v2,29,Fairness,sampled,1,3.0,,nan,1,False,False,anchored,,,,,,,1,da64ef21624e20a9,3
Qwen/Qwen2-7B-Instruct,f2826a00ceef68f0f2b946d945ecc0477ce4450c,v2,30,Fairness,sampled,1,4.0,,nan,1,False,False,anchored,,,,,,,1,d620d38d7aa1adbc,4
Qwen/Qwen2-7B-Instruct,f2826a00ceef68f0f2b946d945ecc0477ce4450c,v2,31,Fairness,sampled,1,4.0,,nan,1,False,False,anchored,,,,,,,1,f7db8614c705ed1c,4
Qwen/Qwen2-7B-Instruct,f2826a00ceef68f0f2b946d945ecc0477ce4450c,v2,32,Fairness,sampled,1,2.0,,nan,1,False,False,anchored,,,,,,,1,e7e9b34bb6f8c18c,2
Qwen/Qwen2-7B-Instruct,f2826a00ceef68f0f2b946d945ecc0477ce4450c,v2,33,Fairness,sampled,1,3.0,,nan,1,False,False,anchored,,,,,,,1,686a1b3efdf36cd5,3
Qwen/Qwen2-7B-Instruct,f2826a00ceef68f0f2b946d945ecc0477ce4450c,v2,34,Loyalty,sampled,1,3.0,,nan,1,False,False,anchored,,,,,,,1,ef54c6e33f2da7e9,3
Qwen/Qwen2-7B-Instruct,f2826a00ceef68f0f2b946d945ecc0477ce4450c,v2,35,Loyalty,sampled,1,2.0,,nan,1,False,False,anchored,,,,,,,1,02880fca6e34aaaa,2
Qwen/Qwen2-7B-Instruct,f2826a00ceef68f0f2b946d945ecc0477ce4450c,v2,36,Loyalty,sampled,1,3.0,,nan,1,False,False,anchored,,,,,,,1,42b153f9fbe3be60,3
Qwen/Qwen2-7B-Instruct,f2826a00ceef68f0f2b946d945ecc0477ce4450c,v2,37,Loyalty,sampled,1,3.0,,nan,1,False,False,anchored,,,,,,,1,84ff0e137301f2f2,3
Qwen/Qwen2-7B-Instruct,f2826a00ceef68f0f2b946d945ecc0477ce4450c,v2,38,Loyalty,sampled,1,2.0,,nan,1,False,False,anchored,,,,,,,1,220698348b66d31a,2
Qwen/Qwen2-7B-Instruct,f2826a00ceef68f0f2b946d945ecc0477ce4450c,v2,39,Loyalty,sampled,1,3.0,,nan,1,False,False,anchored,,,,,,,1,a141394d2c6be3ad,3
Qwen/Qwen2-7B-Instruct,f2826a00ceef68f0f2b946d945ecc0477ce4450c,v2,40,Loyalty,sampled,1,2.0,,nan,1,False,False,anchored,,,,,,,1,b337bd83fa8dd03d,2
Qwen/Qwen2-7B-Instruct,f2826a00ceef68f0f2b946d945ecc0477ce4450c,v2,41,Loyalty,sampled,1,3.0,,nan,1,False,False,anchored,,,,,,,1,f33d6d702f709ab0,3
Qwen/Qwen2-7B-Instruct,f2826a00ceef68f0f2b946d945ecc0477ce4450c,v2,42,Loyalty,sampled,1,3.0,,nan,1,False,False,anchored,,,,,,,1,3c48ae06d95915d3,3
Qwen/Qwen2-7B-Instruct,f2826a00ceef68f0f2b946d945ecc0477ce4450c,v2,43,Loyalty,sampled,1,4.0,,nan,1,False,False,anchored,,,,,,,1,48ff0275c29b6f30,4
Qwen/Qwen2-7B-Instruct,f2826a00ceef68f0f2b946d945ecc0477ce4450c,v2,44,Loyalty,sampled,1,2.0,,nan,1,False,False,anchored,,,,,,,1,16d72da194af7ef1,2
Qwen/Qwen2-7B-Instruct,f2826a00ceef68f0f2b946d945ecc0477ce4450c,v2,45,Loyalty,sampled,1,3.0,,nan,1,False,False,anchored,,,,,,,1,66b48ba1e5e5a678,3
Qwen/Qwen2-7B-Instruct,f2826a00ceef68f0f2b946d945ecc0477ce4450c,v2,46,Loyalty,sampled,1,3.0,,nan,1,False,False,anchored,,,,,,,1,180b0dc07534cdef,3
Qwen/Qwen2-7B-Instruct,f2826a00ceef68f0f2b946d945ecc0477ce4450c,v2,47,Loyalty,sampled,1,3.0,,nan,1,False,False,anchored,,,,,,,1,a1f45249f0baea0e,3
Qwen/Qwen2-7B-Instruct,f2826a00ceef68f0f2b946d945ecc0477ce4450c,v2,48,Loyalty,sampled,1,3.0,,nan,1,False,False,anchored,,,,,,,1,152b7cacef3b9c1a,3
Qwen/Qwen2-7B-Instruct,f2826a00ceef68f0f2b946d945ecc0477ce4450c,v2,49,Loyalty,sampled,1,2.0,,nan,1,False,False,anchored,,,,,,,1,715ebfd1e999cc39,2
Qwen/Qwen2-7B-Instruct,f2826a00ceef68f0f2b946d945ecc0477ce4450c,v2,50,Authority,sampled,1,3.0,,nan,1,False,False,anchored,,,,,,,1,8abcaf4cca16f190,3
Qwen/Qwen2-7B-Instruct,f2826a00ceef68f0f2b946d945ecc0477ce4450c,v2,51,Authority,sampled,1,2.0,,nan,1,False,False,anchored,,,,,,,1,7b584e434c7e6b4e,2
Qwen/Qwen2-7B-Instruct,f2826a00ceef68f0f2b946d945ecc0477ce4450c,v2,52,Authority,sampled,1,3.0,,nan,1,False,False,anchored,,,,,,,1,55ab7d0788e63dd3,3
Qwen/Qwen2-7B-Instruct,f2826a00ceef68f0f2b946d945ecc0477ce4450c,v2,53,Authority,sampled,1,3.0,,nan,1,False,False,anchored,,,,,,,1,dbcc2789be90b8fd,3
Qwen/Qwen2-7B-Instruct,f2826a00ceef68f0f2b946d945ecc0477ce4450c,v2,54,Authority,sampled,1,2.0,,nan,1,False,False,anchored,,,,,,,1,0001accf3401fdda,2
Qwen/Qwen2-7B-Instruct,f2826a00ceef68f0f2b946d945ecc0477ce4450c,v2,55,Authority,sampled,1,3.0,,nan,1,False,False,anchored,,,,,,,1,56034e346a4ce822,3
Qwen/Qwen2-7B-Instruct,f2826a00ceef68f0f2b946d945ecc0477ce4450c,v2,56,Authority,sampled,1,3.0,,nan,1,False,False,anchored,,,,,,,1,7657ec778a329844,3
Qwen/Qwen2-7B-Instruct,f2826a00ceef68f0f2b946d945ecc0477ce4450c,v2,57,Authority,sampled,1,3.0,,nan,1,False,False,anchored,,,,,,,1,1b15795fb3577378,3
Qwen/Qwen2-7B-Instruct,f2826a00ceef68f0f2b946d945ecc0477ce4450c,v2,58,Authority,sampled,1,4.0,,nan,1,False,False,anchored,,,,,,,1,d87d948546b88df6,4
Qwen/Qwen2-7B-Instruct,f2826a00ceef68f0f2b946d945ecc0477ce4450c,v2,59,Authority,sampled,1,4.0,,nan,1,False,False,anchored,,,,,,,1,4f69934a0b664d29,4
Qwen/Qwen2-7B-Instruct,f2826a00ceef68f0f2b946d945ecc0477ce4450c,v2,60,Authority,sampled,1,3.0,,nan,1,False,False,anchored,,,,,,,1,18fdedf1fc10cee7,3
Qwen/Qwen2-7B-Instruct,f2826a00ceef68f0f2b946d945ecc0477ce4450c,v2,61,Authority,sampled,1,2.0,,nan,1,False,False,anchored,,,,,,,1,9622649cb856cb11,2
Qwen/Qwen2-7B-Instruct,f2826a00ceef68f0f2b946d945ecc0477ce4450c,v2,62,Authority,sampled,1,3.0,,nan,1,False,False,anchored,,,,,,,1,70a2e213b3fc2bd3,3
Qwen/Qwen2-7B-Instruct,f2826a00ceef68f0f2b946d945ecc0477ce4450c,v2,63,Authority,sampled,1,3.0,,nan,1,False,False,anchored,,,,,,,1,137a8ba32cf6e17d,3
Qwen/Qwen2-7B-Instruct,f2826a00ceef68f0f2b946d945ecc0477ce4450c,v2,64,Authority,sampled,1,3.0,,nan,1,False,False,anchored,,,,,,,1,02444589de858800,3
Qwen/Qwen2-7B-Instruct,f2826a00ceef68f0f2b946d945ecc0477ce4450c,v2,65,Authority,sampled,1,2.0,,nan,1,False,False,anchored,,,,,,,1,0a7d30ef4bd9ad06,2
Qwen/Qwen2-7B-Instruct,f2826a00ceef68f0f2b946d945ecc0477ce4450c,v2,66,Authority,sampled,1,3.0,,nan,1,False,False,anchored,,,,,,,1,1d7b6c98cee0975b,3
Qwen/Qwen2-7B-Instruct,f2826a00ceef68f0f2b946d945ecc0477ce4450c,v2,67,Sanctity,sampled,1,4.0,,nan,1,False,False,anchored,,,,,,,1,9d8258d9a3f08736,4
Qwen/Qwen2-7B-Instruct,f2826a00ceef68f0f2b946d945ecc0477ce4450c,v2,68,Sanctity,sampled,1,3.0,,nan,1,False,False,anchored,,,,,,,1,48ff1f9e23b1b51c,3
Qwen/Qwen2-7B-Instruct,f2826a00ceef68f0f2b946d945ecc0477ce4450c,v2,69,Sanctity,sampled,1,4.0,,nan,1,False,False,anchored,,,,,,,1,583bb015eeaf3187,4
Qwen/Qwen2-7B-Instruct,f2826a00ceef68f0f2b946d945ecc0477ce4450c,v2,70,Sanctity,sampled,1,4.0,,nan,1,False,False,anchored,,,,,,,1,dfd495d4f718f08e,4
Qwen/Qwen2-7B-Instruct,f2826a00ceef68f0f2b946d945ecc0477ce4450c,v2,71,Sanctity,sampled,1,3.0,,nan,1,False,False,anchored,,,,,,,1,f3798504cc679afc,3
Qwen/Qwen2-7B-Instruct,f2826a00ceef68f0f2b946d945ecc0477ce4450c,v2,72,Sanctity,sampled,1,4.0,,nan,1,False,False,anchored,,,,,,,1,6d9364b37fef2993,4
Qwen/Qwen2-7B-Instruct,f2826a00ceef68f0f2b946d945ecc0477ce4450c,v2,73,Sanctity,sampled,1,4.0,,nan,1,False,False,anchored,,,,,,,1,623b6cdfcfd1d445,4
Qwen/Qwen2-7B-Instruct,f2826a00ceef68f0f2b946d945ecc0477ce4450c,v2,74,Sanctity,sampled,1,4.0,,nan,1,False,False,anchored,,,,,,,1,6c45351c30bed00e,4
Qwen/Qwen2-7B-Instruct,f2826a00ceef68f0f2b946d945ecc0477ce4450c,v2,75,Sanctity,sampled,1,2.0,,nan,1,False,False,anchored,,,,,,,1,1dd9fe930bd12326,2
Qwen/Qwen2-7B-Instruct,f2826a00ceef68f0f2b946d945ecc0477ce4450c,v2,76,Sanctity,sampled,1,4.0,,nan,1,False,False,anchored,,,,,,,1,801ebe9704a735d2,4
Qwen/Qwen2-7B-Instruct,f2826a00ceef68f0f2b946d945ecc0477ce4450c,v2,77,Sanctity,sampled,1,3.0,,nan,1,False,False,anchored,,,,,,,1,023ac6d935c90b33,3
Qwen/Qwen2-7B-Instruct,f2826a00ceef68f0f2b946d945ecc0477ce4450c,v2,78,Sanctity,sampled,1,3.0,,nan,1,False,False,anchored,,,,,,,1,00991bef33387a02,3
Qwen/Qwen2-7B-Instruct,f2826a00ceef68f0f2b946d945ecc0477ce4450c,v2,79,Sanctity,sampled,1,2.0,,nan,1,False,False,anchored,,,,,,,1,2e94672c5bafb988,2
Qwen/Qwen2-7B-Instruct,f2826a00ceef68f0f2b946d945ecc0477ce4450c,v2,80,Sanctity,sampled,1,4.0,,nan,1,False,False,anchored,,,,,,,1,8854940b70cc4c49,4
Qwen/Qwen2-7B-Instruct,f2826a00ceef68f0f2b946d945ecc0477ce4450c,v2,81,Sanctity,sampled,1,2.0,,nan,1,False,False,anchored,,,,,,,1,89e48a6bf1e12fcf,2
Qwen/Qwen2-7B-Instruct,f2826a00ceef68f0f2b946d945ecc0477ce4450c,v2,82,Sanctity,sampled,1,3.0,,nan,1,False,False,anchored,,,,,,,1,0b435b2c16481968,3
Qwen/Qwen2-7B-Instruct,f2826a00ceef68f0f2b946d945ecc0477ce4450c,v2,83,Sanctity,sampled,1,3.0,,nan,1,False,False,anchored,,,,,,,1,bc6cf192427e33c8,3
Qwen/Qwen2-7B-Instruct,f2826a00ceef68f0f2b946d945ecc0477ce4450c,v2,84,Liberty,sampled,1,3.0,,nan,1,False,False,anchored,,,,,,,1,b1b3854e860d9100,3
Qwen/Qwen2-7B-Instruct,f2826a00ceef68f0f2b946d945ecc0477ce4450c,v2,85,Liberty,sampled,1,2.0,,nan,1,False,False,anchored,,,,,,,1,ce20ab84270640b1,2
Qwen/Qwen2-7B-Instruct,f2826a00ceef68f0f2b946d945ecc0477ce4450c,v2,86,Liberty,sampled,1,4.0,,nan,1,False,False,anchored,,,,,,,1,da0d9dddb434135b,4
Qwen/Qwen2-7B-Instruct,f2826a00ceef68f0f2b946d945ecc0477ce4450c,v2,87,Liberty,sampled,1,3.0,,nan,1,False,False,anchored,,,,,,,1,119473ab47a18690,3
Qwen/Qwen2-7B-Instruct,f2826a00ceef68f0f2b946d945ecc0477ce4450c,v2,88,Liberty,sampled,1,3.0,,nan,1,False,False,anchored,,,,,,,1,0b2ffc0615e5d071,3
Qwen/Qwen2-7B-Instruct,f2826a00ceef68f0f2b946d945ecc0477ce4450c,v2,89,Liberty,sampled,1,2.0,,nan,1,False,False,anchored,,,,,,,1,51e5131d1ecdf088,2
Qwen/Qwen2-7B-Instruct,f2826a00ceef68f0f2b946d945ecc0477ce4450c,v2,90,Liberty,sampled,1,4.0,,nan,1,False,False,anchored,,,,,,,1,a360e93e7fa1d757,4
Qwen/Qwen2-7B-Instruct,f2826a00ceef68f0f2b946d945ecc0477ce4450c,v2,91,Liberty,sampled,1,4.0,,nan,1,False,False,anchored,,,,,,,1,704961020f5ea07d,4
Qwen/Qwen2-7B-Instruct,f2826a00ceef68f0f2b946d945ecc0477ce4450c,v2,92,Liberty,sampled,1,4.0,,nan,1,False,False,anchored,,,,,,,1,8fd2dde7d322fcd7,4
Qwen/Qwen2-7B-Instruct,f2826a00ceef68f0f2b946d945ecc0477ce4450c,v2,93,Liberty,sampled,1,3.0,,nan,1,False,False,anchored,,,,,,,1,2da496a5ce96df9d,3
Qwen/Qwen2-7B-Instruct,f2826a00ceef68f0f2b946d945ecc0477ce4450c,v2,94,Liberty,sampled,1,3.0,,nan,1,False,False,anchored,,,,,,,1,9493b30ead7f5a0f,3
Qwen/Qwen2-7B-Instruct,f2826a00ceef68f0f2b946d945ecc0477ce4450c,v2,95,Liberty,sampled,1,3.0,,nan,1,False,False,anchored,,,,,,,1,1a684fcadd9e89cf,3
Qwen/Qwen2-7B-Instruct,f2826a00ceef68f0f2b946d945ecc0477ce4450c,v2,96,Liberty,sampled,1,2.0,,nan,1,False,False,anchored,,,,,,,1,752a1c71fc01a52e,2
Qwen/Qwen2-7B-Instruct,f2826a00ceef68f0f2b946d945ecc0477ce4450c,v2,97,Liberty,sampled,1,2.0,,nan,1,False,False,anchored,,,,,,,1,78236a325230bb93,2
Qwen/Qwen2-7B-Instruct,f2826a00ceef68f0f2b946d945ecc0477ce4450c,v2,98,Liberty,sampled,1,4.0,,nan,1,False,False,anchored,,,,,,,1,24d9d1d954c03c7a,4
Qwen/Qwen2-7B-Instruct,f2826a00ceef68f0f2b946d945ecc0477ce4450c,v2,99,Liberty,sampled,1,4.0,,nan,1,False,False,anchored,,,,,,,1,18987dfee8219602,4
Qwen/Qwen2-7B-Instruct,f2826a00ceef68f0f2b946d945ecc0477ce4450c,v2,100,Liberty,sampled,1,3.0,,nan,1,False,False,anchored,,,,,,,1,cb73f032e5c256e6,3
Qwen/Qwen2-7B-Instruct,f2826a00ceef68f0f2b946d945ecc0477ce4450c,v2,101,Social Norms,sampled,1,2.0,,nan,1,False,False,anchored,,,,,,,1,d73b029f99fc7b91,2
Qwen/Qwen2-7B-Instruct,f2826a00ceef68f0f2b946d945ecc0477ce4450c,v2,102,Social Norms,sampled,1,1.0,,nan,1,False,False,anchored,,,,,,,1,c7662e365cd22eec,1
Qwen/Qwen2-7B-Instruct,f2826a00ceef68f0f2b946d945ecc0477ce4450c,v2,103,Social Norms,sampled,1,2.0,,nan,1,False,False,anchored,,,,,,,1,aee8740edc980e2d,2
Qwen/Qwen2-7B-Instruct,f2826a00ceef68f0f2b946d945ecc0477ce4450c,v2,104,Social Norms,sampled,1,2.0,,nan,1,False,False,anchored,,,,,,,1,ae37a93ce11002ed,2
Qwen/Qwen2-7B-Instruct,f2826a00ceef68f0f2b946d945ecc0477ce4450c,v2,105,Social Norms,sampled,1,0.0,,nan,1,False,False,anchored,,,,,,,1,594111d68b18945e,0
Qwen/Qwen2-7B-Instruct,f2826a00ceef68f0f2b946d945ecc0477ce4450c,v2,106,Social Norms,sampled,1,2.0,,nan,1,False,False,anchored,,,,,,,1,2fdb8be96f275ac2,2
Qwen/Qwen2-7B-Instruct,f2826a00ceef68f0f2b946d945ecc0477ce4450c,v2,107,Social Norms,sampled,1,1.0,,nan,1,False,False,anchored,,,,,,,1,24edf6f925d94f05,1
Qwen/Qwen2-7B-Instruct,f2826a00ceef68f0f2b946d945ecc0477ce4450c,v2,108,Social Norms,sampled,1,2.0,,nan,1,False,False,anchored,,,,,,,1,27715cd283df48a0,2
Qwen/Qwen2-7B-Instruct,f2826a00ceef68f0f2b946d945ecc0477ce4450c,v2,109,Social Norms,sampled,1,2.0,,nan,1,False,False,anchored,,,,,,,1,dcfc113a808c1bdb,2
Qwen/Qwen2-7B-Instruct,f2826a00ceef68f0f2b946d945ecc0477ce4450c,v2,110,Social Norms,sampled,1,2.0,,nan,1,False,False,anchored,,,,,,,1,f1c0bc960d5937e3,2
Qwen/Qwen2-7B-Instruct,f2826a00ceef68f0f2b946d945ecc0477ce4450c,v2,111,Social Norms,sampled,1,0.0,,nan,1,False,False,anchored,,,,,,,1,89c0909c0739fffa,0
Qwen/Qwen2-7B-Instruct,f2826a00ceef68f0f2b946d945ecc0477ce4450c,v2,112,Social Norms,sampled,1,2.0,,nan,1,False,False,anchored,,,,,,,1,8dfc7fd7354cb2e9,2
Qwen/Qwen2-7B-Instruct,f2826a00ceef68f0f2b946d945ecc0477ce4450c,v2,113,Social Norms,sampled,1,0.0,,nan,1,False,False,anchored,,,,,,,1,b3482461ba269d3e,0
Qwen/Qwen2-7B-Instruct,f2826a00ceef68f0f2b946d945ecc0477ce4450c,v2,114,Social Norms,sampled,1,2.0,,nan,1,False,False,anchored,,,,,,,1,f60f43d43dc45aa2,2
Qwen/Qwen2-7B-Instruct,f2826a00ceef68f0f2b946d945ecc0477ce4450c,v2,115,Social Norms,sampled,1,0.0,,nan,1,False,False,anchored,,,,,,,1,db10559161b3c6fc,0
Qwen/Qwen2-7B-Instruct,f2826a00ceef68f0f2b946d945ecc0477ce4450c,v2,116,Social Norms,sampled,1,2.0,,nan,1,False,False,anchored,,,,,,,1,20d4044e0980b5e9,2
Qwen/Qwen2-7B-Instruct,f2826a00ceef68f0f2b946d945ecc0477ce4450c,v2,1,Care,sampled,2,4.0,,nan,1,False,False,anchored,,,,,,,2,add09e54f847dca8,4
Qwen/Qwen2-7B-Instruct,f2826a00ceef68f0f2b946d945ecc0477ce4450c,v2,2,Care,sampled,2,3.0,,nan,1,False,False,anchored,,,,,,,2,d02b48f484c9fd49,3
Qwen/Qwen2-7B-Instruct,f2826a00ceef68f0f2b946d945ecc0477ce4450c,v2,3,Care,sampled,2,4.0,,nan,1,False,False,anchored,,,,,,,2,e77c696dedb9b296,4
Qwen/Qwen2-7B-Instruct,f2826a00ceef68f0f2b946d945ecc0477ce4450c,v2,4,Care,sampled,2,3.0,,nan,1,False,False,anchored,,,,,,,2,dadf494a191d2f13,3
Qwen/Qwen2-7B-Instruct,f2826a00ceef68f0f2b946d945ecc0477ce4450c,v2,5,Care,sampled,2,3.0,,nan,1,False,False,anchored,,,,,,,2,0b9923ec57337d19,3
Qwen/Qwen2-7B-Instruct,f2826a00ceef68f0f2b946d945ecc0477ce4450c,v2,6,Care,sampled,2,2.0,,nan,1,False,False,anchored,,,,,,,2,790adece3c4da7ab,2
Qwen/Qwen2-7B-Instruct,f2826a00ceef68f0f2b946d945ecc0477ce4450c,v2,7,Care,sampled,2,4.0,,nan,1,False,False,anchored,,,,,,,2,345d14a786ab109a,4
Qwen/Qwen2-7B-Instruct,f2826a00ceef68f0f2b946d945ecc0477ce4450c,v2,8,Care,sampled,2,4.0,,nan,1,False,False,anchored,,,,,,,2,5be4a442bb5edd86,4
Qwen/Qwen2-7B-Instruct,f2826a00ceef68f0f2b946d945ecc0477ce4450c,v2,9,Care,sampled,2,3.0,,nan,1,False,False,anchored,,,,,,,2,e7ce26205a7890a7,3
Qwen/Qwen2-7B-Instruct,f2826a00ceef68f0f2b946d945ecc0477ce4450c,v2,10,Care,sampled,2,4.0,,nan,1,False,False,anchored,,,,,,,2,7373d2cc4d2c27d7,4
Qwen/Qwen2-7B-Instruct,f2826a00ceef68f0f2b946d945ecc0477ce4450c,v2,11,Care,sampled,2,4.0,,nan,1,False,False,anchored,,,,,,,2,15c66492ec351920,4
Qwen/Qwen2-7B-Instruct,f2826a00ceef68f0f2b946d945ecc0477ce4450c,v2,12,Care,sampled,2,4.0,,nan,1,False,False,anchored,,,,,,,2,96a5e8d58cc271a5,4
Qwen/Qwen2-7B-Instruct,f2826a00ceef68f0f2b946d945ecc0477ce4450c,v2,13,Care,sampled,2,2.0,,nan,1,False,False,anchored,,,,,,,2,385dff2177d66657,2
Qwen/Qwen2-7B-Instruct,f2826a00ceef68f0f2b946d945ecc0477ce4450c,v2,14,Care,sampled,2,3.0,,nan,1,False,False,anchored,,,,,,,2,bbb67b2a11cd6d48,3
Qwen/Qwen2-7B-Instruct,f2826a00ceef68f0f2b946d945ecc0477ce4450c,v2,15,Care,sampled,2,2.0,,nan,1,False,False,anchored,,,,,,,2,b5ac1afe2446645a,2
Qwen/Qwen2-7B-Instruct,f2826a00ceef68f0f2b946d945ecc0477ce4450c,v2,16,Care,sampled,2,2.0,,nan,1,False,False,anchored,,,,,,,2,74dd84997245ee1f,2
Qwen/Qwen2-7B-Instruct,f2826a00ceef68f0f2b946d945ecc0477ce4450c,v2,17,Fairness,sampled,2,4.0,,nan,1,False,False,anchored,,,,,,,2,081bbdeb27c9d9ba,4
Qwen/Qwen2-7B-Instruct,f2826a00ceef68f0f2b946d945ecc0477ce4450c,v2,18,Fairness,sampled,2,3.0,,nan,1,False,False,anchored,,,,,,,2,8f864c44ad7b8898,3
Qwen/Qwen2-7B-Instruct,f2826a00ceef68f0f2b946d945ecc0477ce4450c,v2,19,Fairness,sampled,2,3.0,,nan,1,False,False,anchored,,,,,,,2,c3b9a40c082b9de1,3
Qwen/Qwen2-7B-Instruct,f2826a00ceef68f0f2b946d945ecc0477ce4450c,v2,20,Fairness,sampled,2,2.0,,nan,1,False,False,anchored,,,,,,,2,3918ce1d488b140f,2
Qwen/Qwen2-7B-Instruct,f2826a00ceef68f0f2b946d945ecc0477ce4450c,v2,21,Fairness,sampled,2,4.0,,nan,1,False,False,anchored,,,,,,,2,e7dbcc1c43407f04,4
Qwen/Qwen2-7B-Instruct,f2826a00ceef68f0f2b946d945ecc0477ce4450c,v2,22,Fairness,sampled,2,4.0,,nan,1,False,False,anchored,,,,,,,2,c11a4afee3b09914,4
Qwen/Qwen2-7B-Instruct,f2826a00ceef68f0f2b946d945ecc0477ce4450c,v2,23,Fairness,sampled,2,4.0,,nan,1,False,False,anchored,,,,,,,2,4db4f9d71823acc3,4
Qwen/Qwen2-7B-Instruct,f2826a00ceef68f0f2b946d945ecc0477ce4450c,v2,24,Fairness,sampled,2,3.0,,nan,1,False,False,anchored,,,,,,,2,42f0ae82fc584562,3
Qwen/Qwen2-7B-Instruct,f2826a00ceef68f0f2b946d945ecc0477ce4450c,v2,25,Fairness,sampled,2,4.0,,nan,1,False,False,anchored,,,,,,,2,6f98b76fa9e2e97c,4
Qwen/Qwen2-7B-Instruct,f2826a00ceef68f0f2b946d945ecc0477ce4450c,v2,26,Fairness,sampled,2,4.0,,nan,1,False,False,anchored,,,,,,,2,1aee3ca950d4a6e4,4
Qwen/Qwen2-7B-Instruct,f2826a00ceef68f0f2b946d945ecc0477ce4450c,v2,27,Fairness,sampled,2,3.0,,nan,1,False,False,anchored,,,,,,,2,ade18057e1400d65,3
Qwen/Qwen2-7B-Instruct,f2826a00ceef68f0f2b946d945ecc0477ce4450c,v2,28,Fairness,sampled,2,4.0,,nan,1,False,False,anchored,,,,,,,2,b4e9ce6e709fa91c,4
Qwen/Qwen2-7B-Instruct,f2826a00ceef68f0f2b946d945ecc0477ce4450c,v2,29,Fairness,sampled,2,3.0,,nan,1,False,False,anchored,,,,,,,2,da64ef21624e20a9,3
Qwen/Qwen2-7B-Instruct,f2826a00ceef68f0f2b946d945ecc0477ce4450c,v2,30,Fairness,sampled,2,4.0,,nan,1,False,False,anchored,,,,,,,2,d620d38d7aa1adbc,4
Qwen/Qwen2-7B-Instruct,f2826a00ceef68f0f2b946d945ecc0477ce4450c,v2,31,Fairness,sampled,2,4.0,,nan,1,False,False,anchored,,,,,,,2,f7db8614c705ed1c,4
Qwen/Qwen2-7B-Instruct,f2826a00ceef68f0f2b946d945ecc0477ce4450c,v2,32,Fairness,sampled,2,2.0,,nan,1,False,False,anchored,,,,,,,2,e7e9b34bb6f8c18c,2
Qwen/Qwen2-7B-Instruct,f2826a00ceef68f0f2b946d945ecc0477ce4450c,v2,33,Fairness,sampled,2,3.0,,nan,1,False,False,anchored,,,,,,,2,686a1b3efdf36cd5,3
Qwen/Qwen2-7B-Instruct,f2826a00ceef68f0f2b946d945ecc0477ce4450c,v2,34,Loyalty,sampled,2,3.0,,nan,1,False,False,anchored,,,,,,,2,ef54c6e33f2da7e9,3
Qwen/Qwen2-7B-Instruct,f2826a00ceef68f0f2b946d945ecc0477ce4450c,v2,35,Loyalty,sampled,2,2.0,,nan,1,False,False,anchored,,,,,,,2,02880fca6e34aaaa,2
Qwen/Qwen2-7B-Instruct,f2826a00ceef68f0f2b946d945ecc0477ce4450c,v2,36,Loyalty,sampled,2,2.0,,nan,1,False,False,anchored,,,,,,,2,42b153f9fbe3be60,2
Qwen/Qwen2-7B-Instruct,f2826a00ceef68f0f2b946d945ecc0477ce4450c,v2,37,Loyalty,sampled,2,3.0,,nan,1,False,False,anchored,,,,,,,2,84ff0e137301f2f2,3
Qwen/Qwen2-7B-Instruct,f2826a00ceef68f0f2b946d945ecc0477ce4450c,v2,38,Loyalty,sampled,2,3.0,,nan,1,False,False,anchored,,,,,,,2,220698348b66d31a,3
Qwen/Qwen2-7B-Instruct,f2826a00ceef68f0f2b946d945ecc0477ce4450c,v2,39,Loyalty,sampled,2,3.0,,nan,1,False,False,anchored,,,,,,,2,a141394d2c6be3ad,3
Qwen/Qwen2-7B-Instruct,f2826a00ceef68f0f2b946d945ecc0477ce4450c,v2,40,Loyalty,sampled,2,2.0,,nan,1,False,False,anchored,,,,,,,2,b337bd83fa8dd03d,2
Qwen/Qwen2-7B-Instruct,f2826a00ceef68f0f2b946d945ecc0477ce4450c,v2,41,Loyalty,sampled,2,3.0,,nan,1,False,False,anchored,,,,,,,2,f33d6d702f709ab0,3
Qwen/Qwen2-7B-Instruct,f2826a00ceef68f0f2b946d945ecc0477ce4450c,v2,42,Loyalty,sampled,2,3.0,,nan,1,False,False,anchored,,,,,,,2,3c48ae06d95915d3,3
Qwen/Qwen2-7B-Instruct,f2826a00ceef68f0f2b946d945ecc0477ce4450c,v2,43,Loyalty,sampled,2,4.0,,nan,1,False,False,anchored,,,,,,,2,48ff0275c29b6f30,4
Qwen/Qwen2-7B-Instruct,f2826a00ceef68f0f2b946d945ecc0477ce4450c,v2,44,Loyalty,sampled,2,2.0,,nan,1,False,False,anchored,,,,,,,2,16d72da194af7ef1,2
Qwen/Qwen2-7B-Instruct,f2826a00ceef68f0f2b946d945ecc0477ce4450c,v2,45,Loyalty,sampled,2,4.0,,nan,1,False,False,anchored,,,,,,,2,66b48ba1e5e5a678,4
Qwen/Qwen2-7B-Instruct,f2826a00ceef68f0f2b946d945ecc0477ce4450c,v2,46,Loyalty,sampled,2,3.0,,nan,1,False,False,anchored,,,,,,,2,180b0dc07534cdef,3
Qwen/Qwen2-7B-Instruct,f2826a00ceef68f0f2b946d945ecc0477ce4450c,v2,47,Loyalty,sampled,2,3.0,,nan,1,False,False,anchored,,,,,,,2,a1f45249f0baea0e,3
Qwen/Qwen2-7B-Instruct,f2826a00ceef68f0f2b946d945ecc0477ce4450c,v2,48,Loyalty,sampled,2,2.0,,nan,1,False,False,anchored,,,,,,,2,152b7cacef3b9c1a,2
Qwen/Qwen2-7B-Instruct,f2826a00ceef68f0f2b946d945ecc0477ce4450c,v2,49,Loyalty,sampled,2,2.0,,nan,1,False,False,anchored,,,,,,,2,715ebfd1e999cc39,2
Qwen/Qwen2-7B-Instruct,f2826a00ceef68f0f2b946d945ecc0477ce4450c,v2,50,Authority,sampled,2,3.0,,nan,1,False,False,anchored,,,,,,,2,8abcaf4cca16f190,3
Qwen/Qwen2-7B-Instruct,f2826a00ceef68f0f2b946d945ecc0477ce4450c,v2,51,Authority,sampled,2,3.0,,nan,1,False,False,anchored,,,,,,,2,7b584e434c7e6b4e,3
Qwen/Qwen2-7B-Instruct,f2826a00ceef68f0f2b946d945ecc0477ce4450c,v2,52,Authority,sampled,2,3.0,,nan,1,False,False,anchored,,,,,,,2,55ab7d0788e63dd3,3
Qwen/Qwen2-7B-Instruct,f2826a00ceef68f0f2b946d945ecc0477ce4450c,v2,53,Authority,sampled,2,3.0,,nan,1,False,False,anchored,,,,,,,2,dbcc2789be90b8fd,3
Qwen/Qwen2-7B-Instruct,f2826a00ceef68f0f2b946d945ecc0477ce4450c,v2,54,Authority,sampled,2,2.0,,nan,1,False,False,anchored,,,,,,,2,0001accf3401fdda,2
Qwen/Qwen2-7B-Instruct,f2826a00ceef68f0f2b946d945ecc0477ce4450c,v2,55,Authority,sampled,2,3.0,,nan,1,False,False,anchored,,,,,,,2,56034e346a4ce822,3
Qwen/Qwen2-7B-Instruct,f2826a00ceef68f0f2b946d945ecc0477ce4450c,v2,56,Authority,sampled,2,3.0,,nan,1,False,False,anchored,,,,,,,2,7657ec778a329844,3
Qwen/Qwen2-7B-Instruct,f2826a00ceef68f0f2b946d945ecc0477ce4450c,v2,57,Authority,sampled,2,3.0,,nan,1,False,False,anchored,,,,,,,2,1b15795fb3577378,3
Qwen/Qwen2-7B-Instruct,f2826a00ceef68f0f2b946d945ecc0477ce4450c,v2,58,Authority,sampled,2,4.0,,nan,1,False,False,anchored,,,,,,,2,d87d948546b88df6,4
Qwen/Qwen2-7B-Instruct,f2826a00ceef68f0f2b946d945ecc0477ce4450c,v2,59,Authority,sampled,2,4.0,,nan,1,False,False,anchored,,,,,,,2,4f69934a0b664d29,4
Qwen/Qwen2-7B-Instruct,f2826a00ceef68f0f2b946d945ecc0477ce4450c,v2,60,Authority,sampled,2,3.0,,nan,1,False,False,anchored,,,,,,,2,18fdedf1fc10cee7,3
Qwen/Qwen2-7B-Instruct,f2826a00ceef68f0f2b946d945ecc0477ce4450c,v2,61,Authority,sampled,2,2.0,,nan,1,False,False,anchored,,,,,,,2,9622649cb856cb11,2
Qwen/Qwen2-7B-Instruct,f2826a00ceef68f0f2b946d945ecc0477ce4450c,v2,62,Authority,sampled,2,3.0,,nan,1,False,False,anchored,,,,,,,2,70a2e213b3fc2bd3,3
Qwen/Qwen2-7B-Instruct,f2826a00ceef68f0f2b946d945ecc0477ce4450c,v2,63,Authority,sampled,2,3.0,,nan,1,False,False,anchored,,,,,,,2,137a8ba32cf6e17d,3
Qwen/Qwen2-7B-Instruct,f2826a00ceef68f0f2b946d945ecc0477ce4450c,v2,64,Authority,sampled,2,3.0,,nan,1,False,False,anchored,,,,,,,2,02444589de858800,3
Qwen/Qwen2-7B-Instruct,f2826a00ceef68f0f2b946d945ecc0477ce4450c,v2,65,Authority,sampled,2,2.0,,nan,1,False,False,anchored,,,,,,,2,0a7d30ef4bd9ad06,2
Qwen/Qwen2-7B-Instruct,f2826a00ceef68f0f2b946d945ecc0477ce4450c,v2,66,Authority,sampled,2,3.0,,nan,1,False,False,anchored,,,,,,,2,1d7b6c98cee0975b,3
Qwen/Qwen2-7B-Instruct,f2826a00ceef68f0f2b946d945ecc0477ce4450c,v2,67,Sanctity,sampled,2,4.0,,nan,1,False,False,anchored,,,,,,,2,9d8258d9a3f08736,4
Qwen/Qwen2-7B-Instruct,f2826a00ceef68f0f2b946d945ecc0477ce4450c,v2,68,Sanctity,sampled,2,4.0,,nan,1,False,False,anchored,,,,,,,2,48ff1f9e23b1b51c,4
Qwen/Qwen2-7B-Instruct,f2826a00ceef68f0f2b946d945ecc0477ce4450c,v2,69,Sanctity,sampled,2,4.0,,nan,1,False,False,anchored,,,,,,,2,583bb015eeaf3187,4
Qwen/Qwen2-7B-Instruct,f2826a00ceef68f0f2b946d945ecc0477ce4450c,v2,70,Sanctity,sampled,2,4.0,,nan,1,False,False,anchored,,,,,,,2,dfd495d4f718f08e,4
Qwen/Qwen2-7B-Instruct,f2826a00ceef68f0f2b946d945ecc0477ce4450c,v2,71,Sanctity,sampled,2,4.0,,nan,1,False,False,anchored,,,,,,,2,f3798504cc679afc,4
Qwen/Qwen2-7B-Instruct,f2826a00ceef68f0f2b946d945ecc0477ce4450c,v2,72,Sanctity,sampled,2,4.0,,nan,1,False,False,anchored,,,,,,,2,6d9364b37fef2993,4
Qwen/Qwen2-7B-Instruct,f2826a00ceef68f0f2b946d945ecc0477ce4450c,v2,73,Sanctity,sampled,2,4.0,,nan,1,False,False,anchored,,,,,,,2,623b6cdfcfd1d445,4
Qwen/Qwen2-7B-Instruct,f2826a00ceef68f0f2b946d945ecc0477ce4450c,v2,74,Sanctity,sampled,2,4.0,,nan,1,False,False,anchored,,,,,,,2,6c45351c30bed00e,4
Qwen/Qwen2-7B-Instruct,f2826a00ceef68f0f2b946d945ecc0477ce4450c,v2,75,Sanctity,sampled,2,2.0,,nan,1,False,False,anchored,,,,,,,2,1dd9fe930bd12326,2
Qwen/Qwen2-7B-Instruct,f2826a00ceef68f0f2b946d945ecc0477ce4450c,v2,76,Sanctity,sampled,2,4.0,,nan,1,False,False,anchored,,,,,,,2,801ebe9704a735d2,4
Qwen/Qwen2-7B-Instruct,f2826a00ceef68f0f2b946d945ecc0477ce4450c,v2,77,Sanctity,sampled,2,4.0,,nan,1,False,False,anchored,,,,,,,2,023ac6d935c90b33,4
Qwen/Qwen2-7B-Instruct,f2826a00ceef68f0f2b946d945ecc0477ce4450c,v2,78,Sanctity,sampled,2,4.0,,nan,1,False,False,anchored,,,,,,,2,00991bef33387a02,4
Qwen/Qwen2-7B-Instruct,f2826a00ceef68f0f2b946d945ecc0477ce4450c,v2,79,Sanctity,sampled,2,2.0,,nan,1,False,False,anchored,,,,,,,2,2e94672c5bafb988,2
Qwen/Qwen2-7B-Instruct,f2826a00ceef68f0f2b946d945ecc0477ce4450c,v2,80,Sanctity,sampled,2,3.0,,nan,1,False,False,anchored,,,,,,,2,8854940b70cc4c49,3
Qwen/Qwen2-7B-Instruct,f2826a00ceef68f0f2b946d945ecc0477ce4450c,v2,81,Sanctity,sampled,2,3.0,,nan,1,False,False,anchored,,,,,,,2,89e48a6bf1e12fcf,3
Qwen/Qwen2-7B-Instruct,f2826a00ceef68f0f2b946d945ecc0477ce4450c,v2,82,Sanctity,sampled,2,2.0,,nan,1,False,False,anchored,,,,,,,2,0b435b2c16481968,2
Qwen/Qwen2-7B-Instruct,f2826a00ceef68f0f2b946d945ecc0477ce4450c,v2,83,Sanctity,sampled,2,2.0,,nan,1,False,False,anchored,,,,,,,2,bc6cf192427e33c8,2
Qwen/Qwen2-7B-Instruct,f2826a00ceef68f0f2b946d945ecc0477ce4450c,v2,84,Liberty,sampled,2,3.0,,nan,1,False,False,anchored,,,,,,,2,b1b3854e860d9100,3
Qwen/Qwen2-7B-Instruct,f2826a00ceef68f0f2b946d945ecc0477ce4450c,v2,85,Liberty,sampled,2,nan,,nan,0,False,True,none,,,,,,,2,ce20ab84270640b1,Not at all wrong
Qwen/Qwen2-7B-Instruct,f2826a00ceef68f0f2b946d945ecc0477ce4450c,v2,86,Liberty,sampled,2,4.0,,nan,1,False,False,anchored,,,,,,,2,da0d9dddb434135b,4
Qwen/Qwen2-7B-Instruct,f2826a00ceef68f0f2b946d945ecc0477ce4450c,v2,87,Liberty,sampled,2,4.0,,nan,1,False,False,anchored,,,,,,,2,119473ab47a18690,4
Qwen/Qwen2-7B-Instruct,f2826a00ceef68f0f2b946d945ecc0477ce4450c,v2,88,Liberty,sampled,2,3.0,,nan,1,False,False,anchored,,,,,,,2,0b2ffc0615e5d071,3
Qwen/Qwen2-7B-Instruct,f2826a00ceef68f0f2b946d945ecc0477ce4450c,v2,89,Liberty,sampled,2,2.0,,nan,1,False,False,anchored,,,,,,,2,51e5131d1ecdf088,2
Qwen/Qwen2-7B-Instruct,f2826a00ceef68f0f2b946d945ecc0477ce4450c,v2,90,Liberty,sampled,2,4.0,,nan,1,False,False,anchored,,,,,,,2,a360e93e7fa1d757,4
Qwen/Qwen2-7B-Instruct,f2826a00ceef68f0f2b946d945ecc0477ce4450c,v2,91,Liberty,sampled,2,4.0,,nan,1,False,False,anchored,,,,,,,2,704961020f5ea07d,4
Qwen/Qwen2-7B-Instruct,f2826a00ceef68f0f2b946d945ecc0477ce4450c,v2,92,Liberty,sampled,2,4.0,,nan,1,False,False,anchored,,,,,,,2,8fd2dde7d322fcd7,4
Qwen/Qwen2-7B-Instruct,f2826a00ceef68f0f2b946d945ecc0477ce4450c,v2,93,Liberty,sampled,2,2.0,,nan,1,False,False,anchored,,,,,,,2,2da496a5ce96df9d,2
Qwen/Qwen2-7B-Instruct,f2826a00ceef68f0f2b946d945ecc0477ce4450c,v2,94,Liberty,sampled,2,3.0,,nan,1,False,False,anchored,,,,,,,2,9493b30ead7f5a0f,3
Qwen/Qwen2-7B-Instruct,f2826a00ceef68f0f2b946d945ecc0477ce4450c,v2,95,Liberty,sampled,2,3.0,,nan,1,False,False,anchored,,,,,,,2,1a684fcadd9e89cf,3
Qwen/Qwen2-7B-Instruct,f2826a00ceef68f0f2b946d945ecc0477ce4450c,v2,96,Liberty,sampled,2,2.0,,nan,1,False,False,anchored,,,,,,,2,752a1c71fc01a52e,2
Qwen/Qwen2-7B-Instruct,f2826a00ceef68f0f2b946d945ecc0477ce4450c,v2,97,Liberty,sampled,2,2.0,,nan,1,False,False,anchored,,,,,,,2,78236a325230bb93,2
Qwen/Qwen2-7B-Instruct,f2826a00ceef68f0f2b946d945ecc0477ce4450c,v2,98,Liberty,sampled,2,4.0,,nan,1,False,False,anchored,,,,,,,2,24d9d1d954c03c7a,4
Qwen/Qwen2-7B-Instruct,f2826a00ceef68f0f2b946d945ecc0477ce4450c,v2,99,Liberty,sampled,2,4.0,,nan,1,False,False,anchored,,,,,,,2,18987dfee8219602,4
Qwen/Qwen2-7B-Instruct,f2826a00ceef68f0f2b946d945ecc0477ce4450c,v2,100,Liberty,sampled,2,3.0,,nan,1,False,False,anchored,,,,,,,2,cb73f032e5c256e6,3
Qwen/Qwen2-7B-Instruct,f2826a00ceef68f0f2b946d945ecc0477ce4450c,v2,101,Social Norms,sampled,2,2.0,,nan,1,False,False,anchored,,,,,,,2,d73b029f99fc7b91,2
Qwen/Qwen2-7B-Instruct,f2826a00ceef68f0f2b946d945ecc0477ce4450c,v2,102,Social Norms,sampled,2,0.0,,nan,1,False,False,anchored,,,,,,,2,c7662e365cd22eec,0
Qwen/Qwen2-7B-Instruct,f2826a00ceef68f0f2b946d945ecc0477ce4450c,v2,103,Social Norms,sampled,2,2.0,,nan,1,False,False,anchored,,,,,,,2,aee8740edc980e2d,2
Qwen/Qwen2-7B-Instruct,f2826a00ceef68f0f2b946d945ecc0477ce4450c,v2,104,Social Norms,sampled,2,2.0,,nan,1,False,False,anchored,,,,,,,2,ae37a93ce11002ed,2
Qwen/Qwen2-7B-Instruct,f2826a00ceef68f0f2b946d945ecc0477ce4450c,v2,105,Social Norms,sampled,2,0.0,,nan,1,False,False,anchored,,,,,,,2,594111d68b18945e,0
Qwen/Qwen2-7B-Instruct,f2826a00ceef68f0f2b946d945ecc0477ce4450c,v2,106,Social Norms,sampled,2,1.0,,nan,1,False,False,anchored,,,,,,,2,2fdb8be96f275ac2,1
Qwen/Qwen2-7B-Instruct,f2826a00ceef68f0f2b946d945ecc0477ce4450c,v2,107,Social Norms,sampled,2,2.0,,nan,1,False,False,anchored,,,,,,,2,24edf6f925d94f05,2
Qwen/Qwen2-7B-Instruct,f2826a00ceef68f0f2b946d945ecc0477ce4450c,v2,108,Social Norms,sampled,2,2.0,,nan,1,False,False,anchored,,,,,,,2,27715cd283df48a0,2
Qwen/Qwen2-7B-Instruct,f2826a00ceef68f0f2b946d945ecc0477ce4450c,v2,109,Social Norms,sampled,2,2.0,,nan,1,False,False,anchored,,,,,,,2,dcfc113a808c1bdb,2
Qwen/Qwen2-7B-Instruct,f2826a00ceef68f0f2b946d945ecc0477ce4450c,v2,110,Social Norms,sampled,2,2.0,,nan,1,False,False,anchored,,,,,,,2,f1c0bc960d5937e3,2
Qwen/Qwen2-7B-Instruct,f2826a00ceef68f0f2b946d945ecc0477ce4450c,v2,111,Social Norms,sampled,2,1.0,,nan,1,False,False,anchored,,,,,,,2,89c0909c0739fffa,1
Qwen/Qwen2-7B-Instruct,f2826a00ceef68f0f2b946d945ecc0477ce4450c,v2,112,Social Norms,sampled,2,nan,,nan,0,False,True,none,,,,,,,2,8dfc7fd7354cb2e9,Not at all wrong
Qwen/Qwen2-7B-Instruct,f2826a00ceef68f0f2b946d945ecc0477ce4450c,v2,113,Social Norms,sampled,2,0.0,,nan,1,False,False,anchored,,,,,,,2,b3482461ba269d3e,0
Qwen/Qwen2-7B-Instruct,f2826a00ceef68f0f2b946d945ecc0477ce4450c,v2,114,Social Norms,sampled,2,3.0,,nan,1,False,False,anchored,,,,,,,2,f60f43d43dc45aa2,3
Qwen/Qwen2-7B-Instruct,f2826a00ceef68f0f2b946d945ecc0477ce4450c,v2,115,Social Norms,sampled,2,0.0,,nan,1,False,False,anchored,,,,,,,2,db10559161b3c6fc,0
Qwen/Qwen2-7B-Instruct,f2826a00ceef68f0f2b946d945ecc0477ce4450c,v2,116,Social Norms,sampled,2,0.0,,nan,1,False,False,anchored,,,,,,,2,20d4044e0980b5e9,0
Qwen/Qwen2-7B-Instruct,f2826a00ceef68f0f2b946d945ecc0477ce4450c,v2,1,Care,sampled,3,4.0,,nan,1,False,False,anchored,,,,,,,3,add09e54f847dca8,4
Qwen/Qwen2-7B-Instruct,f2826a00ceef68f0f2b946d945ecc0477ce4450c,v2,2,Care,sampled,3,3.0,,nan,1,False,False,anchored,,,,,,,3,d02b48f484c9fd49,3
Qwen/Qwen2-7B-Instruct,f2826a00ceef68f0f2b946d945ecc0477ce4450c,v2,3,Care,sampled,3,4.0,,nan,1,False,False,anchored,,,,,,,3,e77c696dedb9b296,4
Qwen/Qwen2-7B-Instruct,f2826a00ceef68f0f2b946d945ecc0477ce4450c,v2,4,Care,sampled,3,3.0,,nan,1,False,False,anchored,,,,,,,3,dadf494a191d2f13,3
Qwen/Qwen2-7B-Instruct,f2826a00ceef68f0f2b946d945ecc0477ce4450c,v2,5,Care,sampled,3,3.0,,nan,1,False,False,anchored,,,,,,,3,0b9923ec57337d19,3
Qwen/Qwen2-7B-Instruct,f2826a00ceef68f0f2b946d945ecc0477ce4450c,v2,6,Care,sampled,3,2.0,,nan,1,False,False,anchored,,,,,,,3,790adece3c4da7ab,2
Qwen/Qwen2-7B-Instruct,f2826a00ceef68f0f2b946d945ecc0477ce4450c,v2,7,Care,sampled,3,4.0,,nan,1,False,False,anchored,,,,,,,3,345d14a786ab109a,4
Qwen/Qwen2-7B-Instruct,f2826a00ceef68f0f2b946d945ecc0477ce4450c,v2,8,Care,sampled,3,4.0,,nan,1,False,False,anchored,,,,,,,3,5be4a442bb5edd86,4
Qwen/Qwen2-7B-Instruct,f2826a00ceef68f0f2b946d945ecc0477ce4450c,v2,9,Care,sampled,3,3.0,,nan,1,False,False,anchored,,,,,,,3,e7ce26205a7890a7,3
Qwen/Qwen2-7B-Instruct,f2826a00ceef68f0f2b946d945ecc0477ce4450c,v2,10,Care,sampled,3,4.0,,nan,1,False,False,anchored,,,,,,,3,7373d2cc4d2c27d7,4
Qwen/Qwen2-7B-Instruct,f2826a00ceef68f0f2b946d945ecc0477ce4450c,v2,11,Care,sampled,3,4.0,,nan,1,False,False,anchored,,,,,,,3,15c66492ec351920,4
Qwen/Qwen2-7B-Instruct,f2826a00ceef68f0f2b946d945ecc0477ce4450c,v2,12,Care,sampled,3,4.0,,nan,1,False,False,anchored,,,,,,,3,96a5e8d58cc271a5,4
Qwen/Qwen2-7B-Instruct,f2826a00ceef68f0f2b946d945ecc0477ce4450c,v2,13,Care,sampled,3,2.0,,nan,1,False,False,anchored,,,,,,,3,385dff2177d66657,2
Qwen/Qwen2-7B-Instruct,f2826a00ceef68f0f2b946d945ecc0477ce4450c,v2,14,Care,sampled,3,3.0,,nan,1,False,False,anchored,,,,,,,3,bbb67b2a11cd6d48,3
Qwen/Qwen2-7B-Instruct,f2826a00ceef68f0f2b946d945ecc0477ce4450c,v2,15,Care,sampled,3,2.0,,nan,1,False,False,anchored,,,,,,,3,b5ac1afe2446645a,2
Qwen/Qwen2-7B-Instruct,f2826a00ceef68f0f2b946d945ecc0477ce4450c,v2,16,Care,sampled,3,2.0,,nan,1,False,False,anchored,,,,,,,3,74dd84997245ee1f,2
Qwen/Qwen2-7B-Instruct,f2826a00ceef68f0f2b946d945ecc0477ce4450c,v2,17,Fairness,sampled,3,4.0,,nan,1,False,False,anchored,,,,,,,3,081bbdeb27c9d9ba,4
Qwen/Qwen2-7B-Instruct,f2826a00ceef68f0f2b946d945ecc0477ce4450c,v2,18,Fairness,sampled,3,3.0,,nan,1,False,False,anchored,,,,,,,3,8f864c44ad7b8898,3
Qwen/Qwen2-7B-Instruct,f2826a00ceef68f0f2b946d945ecc0477ce4450c,v2,19,Fairness,sampled,3,3.0,,nan,1,False,False,anchored,,,,,,,3,c3b9a40c082b9de1,3
Qwen/Qwen2-7B-Instruct,f2826a00ceef68f0f2b946d945ecc0477ce4450c,v2,20,Fairness,sampled,3,2.0,,nan,1,False,False,anchored,,,,,,,3,3918ce1d488b140f,2
Qwen/Qwen2-7B-Instruct,f2826a00ceef68f0f2b946d945ecc0477ce4450c,v2,21,Fairness,sampled,3,3.0,,nan,1,False,False,anchored,,,,,,,3,e7dbcc1c43407f04,3
Qwen/Qwen2-7B-Instruct,f2826a00ceef68f0f2b946d945ecc0477ce4450c,v2,22,Fairness,sampled,3,4.0,,nan,1,False,False,anchored,,,,,,,3,c11a4afee3b09914,4
Qwen/Qwen2-7B-Instruct,f2826a00ceef68f0f2b946d945ecc0477ce4450c,v2,23,Fairness,sampled,3,4.0,,nan,1,False,False,anchored,,,,,,,3,4db4f9d71823acc3,4
Qwen/Qwen2-7B-Instruct,f2826a00ceef68f0f2b946d945ecc0477ce4450c,v2,24,Fairness,sampled,3,3.0,,nan,1,False,False,anchored,,,,,,,3,42f0ae82fc584562,3
Qwen/Qwen2-7B-Instruct,f2826a00ceef68f0f2b946d945ecc0477ce4450c,v2,25,Fairness,sampled,3,4.0,,nan,1,False,False,anchored,,,,,,,3,6f98b76fa9e2e97c,4
Qwen/Qwen2-7B-Instruct,f2826a00ceef68f0f2b946d945ecc0477ce4450c,v2,26,Fairness,sampled,3,4.0,,nan,1,False,False,anchored,,,,,,,3,1aee3ca950d4a6e4,4
Qwen/Qwen2-7B-Instruct,f2826a00ceef68f0f2b946d945ecc0477ce4450c,v2,27,Fairness,sampled,3,3.0,,nan,1,False,False,anchored,,,,,,,3,ade18057e1400d65,3
Qwen/Qwen2-7B-Instruct,f2826a00ceef68f0f2b946d945ecc0477ce4450c,v2,28,Fairness,sampled,3,4.0,,nan,1,False,False,anchored,,,,,,,3,b4e9ce6e709fa91c,4
Qwen/Qwen2-7B-Instruct,f2826a00ceef68f0f2b946d945ecc0477ce4450c,v2,29,Fairness,sampled,3,2.0,,nan,1,False,False,anchored,,,,,,,3,da64ef21624e20a9,2
Qwen/Qwen2-7B-Instruct,f2826a00ceef68f0f2b946d945ecc0477ce4450c,v2,30,Fairness,sampled,3,4.0,,nan,1,False,False,anchored,,,,,,,3,d620d38d7aa1adbc,4
Qwen/Qwen2-7B-Instruct,f2826a00ceef68f0f2b946d945ecc0477ce4450c,v2,31,Fairness,sampled,3,4.0,,nan,1,False,False,anchored,,,,,,,3,f7db8614c705ed1c,4
Qwen/Qwen2-7B-Instruct,f2826a00ceef68f0f2b946d945ecc0477ce4450c,v2,32,Fairness,sampled,3,2.0,,nan,1,False,False,anchored,,,,,,,3,e7e9b34bb6f8c18c,2
Qwen/Qwen2-7B-Instruct,f2826a00ceef68f0f2b946d945ecc0477ce4450c,v2,33,Fairness,sampled,3,3.0,,nan,1,False,False,anchored,,,,,,,3,686a1b3efdf36cd5,3
Qwen/Qwen2-7B-Instruct,f2826a00ceef68f0f2b946d945ecc0477ce4450c,v2,34,Loyalty,sampled,3,3.0,,nan,1,False,False,anchored,,,,,,,3,ef54c6e33f2da7e9,3
Qwen/Qwen2-7B-Instruct,f2826a00ceef68f0f2b946d945ecc0477ce4450c,v2,35,Loyalty,sampled,3,2.0,,nan,1,False,False,anchored,,,,,,,3,02880fca6e34aaaa,2
Qwen/Qwen2-7B-Instruct,f2826a00ceef68f0f2b946d945ecc0477ce4450c,v2,36,Loyalty,sampled,3,2.0,,nan,1,False,False,anchored,,,,,,,3,42b153f9fbe3be60,2
Qwen/Qwen2-7B-Instruct,f2826a00ceef68f0f2b946d945ecc0477ce4450c,v2,37,Loyalty,sampled,3,3.0,,nan,1,False,False,anchored,,,,,,,3,84ff0e137301f2f2,3
Qwen/Qwen2-7B-Instruct,f2826a00ceef68f0f2b946d945ecc0477ce4450c,v2,38,Loyalty,sampled,3,3.0,,nan,1,False,False,anchored,,,,,,,3,220698348b66d31a,3
Qwen/Qwen2-7B-Instruct,f2826a00ceef68f0f2b946d945ecc0477ce4450c,v2,39,Loyalty,sampled,3,3.0,,nan,1,False,False,anchored,,,,,,,3,a141394d2c6be3ad,3
Qwen/Qwen2-7B-Instruct,f2826a00ceef68f0f2b946d945ecc0477ce4450c,v2,40,Loyalty,sampled,3,2.0,,nan,1,False,False,anchored,,,,,,,3,b337bd83fa8dd03d,2
Qwen/Qwen2-7B-Instruct,f2826a00ceef68f0f2b946d945ecc0477ce4450c,v2,41,Loyalty,sampled,3,3.0,,nan,1,False,False,anchored,,,,,,,3,f33d6d702f709ab0,3
Qwen/Qwen2-7B-Instruct,f2826a00ceef68f0f2b946d945ecc0477ce4450c,v2,42,Loyalty,sampled,3,2.0,,nan,1,False,False,anchored,,,,,,,3,3c48ae06d95915d3,2
Qwen/Qwen2-7B-Instruct,f2826a00ceef68f0f2b946d945ecc0477ce4450c,v2,43,Loyalty,sampled,3,4.0,,nan,1,False,False,anchored,,,,,,,3,48ff0275c29b6f30,4
Qwen/Qwen2-7B-Instruct,f2826a00ceef68f0f2b946d945ecc0477ce4450c,v2,44,Loyalty,sampled,3,2.0,,nan,1,False,False,anchored,,,,,,,3,16d72da194af7ef1,2
Qwen/Qwen2-7B-Instruct,f2826a00ceef68f0f2b946d945ecc0477ce4450c,v2,45,Loyalty,sampled,3,4.0,,nan,1,False,False,anchored,,,,,,,3,66b48ba1e5e5a678,4
Qwen/Qwen2-7B-Instruct,f2826a00ceef68f0f2b946d945ecc0477ce4450c,v2,46,Loyalty,sampled,3,3.0,,nan,1,False,False,anchored,,,,,,,3,180b0dc07534cdef,3
Qwen/Qwen2-7B-Instruct,f2826a00ceef68f0f2b946d945ecc0477ce4450c,v2,47,Loyalty,sampled,3,4.0,,nan,1,False,False,anchored,,,,,,,3,a1f45249f0baea0e,4
Qwen/Qwen2-7B-Instruct,f2826a00ceef68f0f2b946d945ecc0477ce4450c,v2,48,Loyalty,sampled,3,2.0,,nan,1,False,False,anchored,,,,,,,3,152b7cacef3b9c1a,2
Qwen/Qwen2-7B-Instruct,f2826a00ceef68f0f2b946d945ecc0477ce4450c,v2,49,Loyalty,sampled,3,1.0,,nan,1,False,False,anchored,,,,,,,3,715ebfd1e999cc39,1
Qwen/Qwen2-7B-Instruct,f2826a00ceef68f0f2b946d945ecc0477ce4450c,v2,50,Authority,sampled,3,3.0,,nan,1,False,False,anchored,,,,,,,3,8abcaf4cca16f190,3
Qwen/Qwen2-7B-Instruct,f2826a00ceef68f0f2b946d945ecc0477ce4450c,v2,51,Authority,sampled,3,3.0,,nan,1,False,False,anchored,,,,,,,3,7b584e434c7e6b4e,3
Qwen/Qwen2-7B-Instruct,f2826a00ceef68f0f2b946d945ecc0477ce4450c,v2,52,Authority,sampled,3,3.0,,nan,1,False,False,anchored,,,,,,,3,55ab7d0788e63dd3,3
Qwen/Qwen2-7B-Instruct,f2826a00ceef68f0f2b946d945ecc0477ce4450c,v2,53,Authority,sampled,3,3.0,,nan,1,False,False,anchored,,,,,,,3,dbcc2789be90b8fd,3
Qwen/Qwen2-7B-Instruct,f2826a00ceef68f0f2b946d945ecc0477ce4450c,v2,54,Authority,sampled,3,2.0,,nan,1,False,False,anchored,,,,,,,3,0001accf3401fdda,2
Qwen/Qwen2-7B-Instruct,f2826a00ceef68f0f2b946d945ecc0477ce4450c,v2,55,Authority,sampled,3,4.0,,nan,1,False,False,anchored,,,,,,,3,56034e346a4ce822,4
Qwen/Qwen2-7B-Instruct,f2826a00ceef68f0f2b946d945ecc0477ce4450c,v2,56,Authority,sampled,3,3.0,,nan,1,False,False,anchored,,,,,,,3,7657ec778a329844,3
Qwen/Qwen2-7B-Instruct,f2826a00ceef68f0f2b946d945ecc0477ce4450c,v2,57,Authority,sampled,3,3.0,,nan,1,False,False,anchored,,,,,,,3,1b15795fb3577378,3
Qwen/Qwen2-7B-Instruct,f2826a00ceef68f0f2b946d945ecc0477ce4450c,v2,58,Authority,sampled,3,4.0,,nan,1,False,False,anchored,,,,,,,3,d87d948546b88df6,4
Qwen/Qwen2-7B-Instruct,f2826a00ceef68f0f2b946d945ecc0477ce4450c,v2,59,Authority,sampled,3,4.0,,nan,1,False,False,anchored,,,,,,,3,4f69934a0b664d29,4
Qwen/Qwen2-7B-Instruct,f2826a00ceef68f0f2b946d945ecc0477ce4450c,v2,60,Authority,sampled,3,3.0,,nan,1,False,False,anchored,,,,,,,3,18fdedf1fc10cee7,3
Qwen/Qwen2-7B-Instruct,f2826a00ceef68f0f2b946d945ecc0477ce4450c,v2,61,Authority,sampled,3,2.0,,nan,1,False,False,anchored,,,,,,,3,9622649cb856cb11,2
Qwen/Qwen2-7B-Instruct,f2826a00ceef68f0f2b946d945ecc0477ce4450c,v2,62,Authority,sampled,3,4.0,,nan,1,False,False,anchored,,,,,,,3,70a2e213b3fc2bd3,4
Qwen/Qwen2-7B-Instruct,f2826a00ceef68f0f2b946d945ecc0477ce4450c,v2,63,Authority,sampled,3,3.0,,nan,1,False,False,anchored,,,,,,,3,137a8ba32cf6e17d,3
Qwen/Qwen2-7B-Instruct,f2826a00ceef68f0f2b946d945ecc0477ce4450c,v2,64,Authority,sampled,3,3.0,,nan,1,False,False,anchored,,,,,,,3,02444589de858800,3
Qwen/Qwen2-7B-Instruct,f2826a00ceef68f0f2b946d945ecc0477ce4450c,v2,65,Authority,sampled,3,2.0,,nan,1,False,False,anchored,,,,,,,3,0a7d30ef4bd9ad06,2
Qwen/Qwen2-7B-Instruct,f2826a00ceef68f0f2b946d945ecc0477ce4450c,v2,66,Authority,sampled,3,3.0,,nan,1,False,False,anchored,,,,,,,3,1d7b6c98cee0975b,3
Qwen/Qwen2-7B-Instruct,f2826a00ceef68f0f2b946d945ecc0477ce4450c,v2,67,Sanctity,sampled,3,4.0,,nan,1,False,False,anchored,,,,,,,3,9d8258d9a3f08736,4
Qwen/Qwen2-7B-Instruct,f2826a00ceef68f0f2b946d945ecc0477ce4450c,v2,68,Sanctity,sampled,3,3.0,,nan,1,False,False,anchored,,,,,,,3,48ff1f9e23b1b51c,3
Qwen/Qwen2-7B-Instruct,f2826a00ceef68f0f2b946d945ecc0477ce4450c,v2,69,Sanctity,sampled,3,4.0,,nan,1,False,False,anchored,,,,,,,3,583bb015eeaf3187,4
Qwen/Qwen2-7B-Instruct,f2826a00ceef68f0f2b946d945ecc0477ce4450c,v2,70,Sanctity,sampled,3,4.0,,nan,1,False,False,anchored,,,,,,,3,dfd495d4f718f08e,4
Qwen/Qwen2-7B-Instruct,f2826a00ceef68f0f2b946d945ecc0477ce4450c,v2,71,Sanctity,sampled,3,3.0,,nan,1,False,False,anchored,,,,,,,3,f3798504cc679afc,3
Qwen/Qwen2-7B-Instruct,f2826a00ceef68f0f2b946d945ecc0477ce4450c,v2,72,Sanctity,sampled,3,4.0,,nan,1,False,False,anchored,,,,,,,3,6d9364b37fef2993,4
Qwen/Qwen2-7B-Instruct,f2826a00ceef68f0f2b946d945ecc0477ce4450c,v2,73,Sanctity,sampled,3,4.0,,nan,1,False,False,anchored,,,,,,,3,623b6cdfcfd1d445,4
Qwen/Qwen2-7B-Instruct,f2826a00ceef68f0f2b946d945ecc0477ce4450c,v2,74,Sanctity,sampled,3,4.0,,nan,1,False,False,anchored,,,,,,,3,6c45351c30bed00e,4
Qwen/Qwen2-7B-Instruct,f2826a00ceef68f0f2b946d945ecc0477ce4450c,v2,75,Sanctity,sampled,3,2.0,,nan,1,False,False,anchored,,,,,,,3,1dd9fe930bd12326,2
Qwen/Qwen2-7B-Instruct,f2826a00ceef68f0f2b946d945ecc0477ce4450c,v2,76,Sanctity,sampled,3,4.0,,nan,1,False,False,anchored,,,,,,,3,801ebe9704a735d2,4
Qwen/Qwen2-7B-Instruct,f2826a00ceef68f0f2b946d945ecc0477ce4450c,v2,77,Sanctity,sampled,3,3.0,,nan,1,False,False,anchored,,,,,,,3,023ac6d935c90b33,3
Qwen/Qwen2-7B-Instruct,f2826a00ceef68f0f2b946d945ecc0477ce4450c,v2,78,Sanctity,sampled,3,3.0,,nan,1,False,False,anchored,,,,,,,3,00991bef33387a02,3
Qwen/Qwen2-7B-Instruct,f2826a00ceef68f0f2b946d945ecc0477ce4450c,v2,79,Sanctity,sampled,3,2.0,,nan,1,False,False,anchored,,,,,,,3,2e94672c5bafb988,2
Qwen/Qwen2-7B-Instruct,f2826a00ceef68f0f2b946d945ecc0477ce4450c,v2,80,Sanctity,sampled,3,3.0,,nan,1,False,False,anchored,,,,,,,3,8854940b70cc4c49,3
Qwen/Qwen2-7B-Instruct,f2826a00ceef68f0f2b946d945ecc0477ce4450c,v2,81,Sanctity,sampled,3,3.0,,nan,1,False,False,anchored,,,,,,,3,89e48a6bf1e12fcf,3
Qwen/Qwen2-7B-Instruct,f2826a00ceef68f0f2b946d945ecc0477ce4450c,v2,82,Sanctity,sampled,3,2.0,,nan,1,False,False,anchored,,,,,,,3,0b435b2c16481968,2
Qwen/Qwen2-7B-Instruct,f2826a00ceef68f0f2b946d945ecc0477ce4450c,v2,83,Sanctity,sampled,3,2.0,,nan,1,False,False,anchored,,,,,,,3,bc6cf192427e33c8,2
Qwen/Qwen2-7B-Instruct,f2826a00ceef68f0f2b946d945ecc0477ce4450c,v2,84,Liberty,sampled,3,3.0,,nan,1,False,False,anchored,,,,,,,3,b1b3854e860d9100,3
Qwen/Qwen2-7B-Instruct,f2826a00ceef68f0f2b946d945ecc0477ce4450c,v2,85,Liberty,sampled,3,2.0,,nan,1,False,False,anchored,,,,,,,3,ce20ab84270640b1,2
Qwen/Qwen2-7B-Instruct,f2826a00ceef68f0f2b946d945ecc0477ce4450c,v2,86,Liberty,sampled,3,4.0,,nan,1,False,False,anchored,,,,,,,3,da0d9dddb434135b,4
Qwen/Qwen2-7B-Instruct,f2826a00ceef68f0f2b946d945ecc0477ce4450c,v2,87,Liberty,sampled,3,4.0,,nan,1,False,False,anchored,,,,,,,3,119473ab47a18690,4
Qwen/Qwen2-7B-Instruct,f2826a00ceef68f0f2b946d945ecc0477ce4450c,v2,88,Liberty,sampled,3,3.0,,nan,1,False,False,anchored,,,,,,,3,0b2ffc0615e5d071,3
Qwen/Qwen2-7B-Instruct,f2826a00ceef68f0f2b946d945ecc0477ce4450c,v2,89,Liberty,sampled,3,2.0,,nan,1,False,False,anchored,,,,,,,3,51e5131d1ecdf088,2
Qwen/Qwen2-7B-Instruct,f2826a00ceef68f0f2b946d945ecc0477ce4450c,v2,90,Liberty,sampled,3,4.0,,nan,1,False,False,anchored,,,,,,,3,a360e93e7fa1d757,4
Qwen/Qwen2-7B-Instruct,f2826a00ceef68f0f2b946d945ecc0477ce4450c,v2,91,Liberty,sampled,3,4.0,,nan,1,False,False,anchored,,,,,,,3,704961020f5ea07d,4
Qwen/Qwen2-7B-Instruct,f2826a00ceef68f0f2b946d945ecc0477ce4450c,v2,92,Liberty,sampled,3,4.0,,nan,1,False,False,anchored,,,,,,,3,8fd2dde7d322fcd7,4
Qwen/Qwen2-7B-Instruct,f2826a00ceef68f0f2b946d945ecc0477ce4450c,v2,93,Liberty,sampled,3,2.0,,nan,1,False,False,anchored,,,,,,,3,2da496a5ce96df9d,2
Qwen/Qwen2-7B-Instruct,f2826a00ceef68f0f2b946d945ecc0477ce4450c,v2,94,Liberty,sampled,3,3.0,,nan,1,False,False,anchored,,,,,,,3,9493b30ead7f5a0f,3
Qwen/Qwen2-7B-Instruct,f2826a00ceef68f0f2b946d945ecc0477ce4450c,v2,95,Liberty,sampled,3,3.0,,nan,1,False,False,anchored,,,,,,,3,1a684fcadd9e89cf,3
Qwen/Qwen2-7B-Instruct,f2826a00ceef68f0f2b946d945ecc0477ce4450c,v2,96,Liberty,sampled,3,2.0,,nan,1,False,False,anchored,,,,,,,3,752a1c71fc01a52e,2
Qwen/Qwen2-7B-Instruct,f2826a00ceef68f0f2b946d945ecc0477ce4450c,v2,97,Liberty,sampled,3,2.0,,nan,1,False,False,anchored,,,,,,,3,78236a325230bb93,2
Qwen/Qwen2-7B-Instruct,f2826a00ceef68f0f2b946d945ecc0477ce4450c,v2,98,Liberty,sampled,3,4.0,,nan,1,False,False,anchored,,,,,,,3,24d9d1d954c03c7a,4
Qwen/Qwen2-7B-Instruct,f2826a00ceef68f0f2b946d945ecc0477ce4450c,v2,99,Liberty,sampled,3,4.0,,nan,1,False,False,anchored,,,,,,,3,18987dfee8219602,4
Qwen/Qwen2-7B-Instruct,f2826a00ceef68f0f2b946d945ecc0477ce4450c,v2,100,Liberty,sampled,3,2.0,,nan,1,False,False,anchored,,,,,,,3,cb73f032e5c256e6,2
Qwen/Qwen2-7B-Instruct,f2826a00ceef68f0f2b946d945ecc0477ce4450c,v2,101,Social Norms,sampled,3,2.0,,nan,1,False,False,anchored,,,,,,,3,d73b029f99fc7b91,2
Qwen/Qwen2-7B-Instruct,f2826a00ceef68f0f2b946d945ecc0477ce4450c,v2,102,Social Norms,sampled,3,1.0,,nan,1,False,False,anchored,,,,,,,3,c7662e365cd22eec,1
Qwen/Qwen2-7B-Instruct,f2826a00ceef68f0f2b946d945ecc0477ce4450c,v2,103,Social Norms,sampled,3,2.0,,nan,1,False,False,anchored,,,,,,,3,aee8740edc980e2d,2
Qwen/Qwen2-7B-Instruct,f2826a00ceef68f0f2b946d945ecc0477ce4450c,v2,104,Social Norms,sampled,3,2.0,,nan,1,False,False,anchored,,,,,,,3,ae37a93ce11002ed,2
Qwen/Qwen2-7B-Instruct,f2826a00ceef68f0f2b946d945ecc0477ce4450c,v2,105,Social Norms,sampled,3,2.0,,nan,1,False,False,anchored,,,,,,,3,594111d68b18945e,2
Qwen/Qwen2-7B-Instruct,f2826a00ceef68f0f2b946d945ecc0477ce4450c,v2,106,Social Norms,sampled,3,2.0,,nan,1,False,False,anchored,,,,,,,3,2fdb8be96f275ac2,2
Qwen/Qwen2-7B-Instruct,f2826a00ceef68f0f2b946d945ecc0477ce4450c,v2,107,Social Norms,sampled,3,1.0,,nan,1,False,False,anchored,,,,,,,3,24edf6f925d94f05,1
Qwen/Qwen2-7B-Instruct,f2826a00ceef68f0f2b946d945ecc0477ce4450c,v2,108,Social Norms,sampled,3,2.0,,nan,1,False,False,anchored,,,,,,,3,27715cd283df48a0,2
Qwen/Qwen2-7B-Instruct,f2826a00ceef68f0f2b946d945ecc0477ce4450c,v2,109,Social Norms,sampled,3,2.0,,nan,1,False,False,anchored,,,,,,,3,dcfc113a808c1bdb,2
Qwen/Qwen2-7B-Instruct,f2826a00ceef68f0f2b946d945ecc0477ce4450c,v2,110,Social Norms,sampled,3,2.0,,nan,1,False,False,anchored,,,,,,,3,f1c0bc960d5937e3,2
Qwen/Qwen2-7B-Instruct,f2826a00ceef68f0f2b946d945ecc0477ce4450c,v2,111,Social Norms,sampled,3,1.0,,nan,1,False,False,anchored,,,,,,,3,89c0909c0739fffa,1
Qwen/Qwen2-7B-Instruct,f2826a00ceef68f0f2b946d945ecc0477ce4450c,v2,112,Social Norms,sampled,3,2.0,,nan,1,False,False,anchored,,,,,,,3,8dfc7fd7354cb2e9,2
Qwen/Qwen2-7B-Instruct,f2826a00ceef68f0f2b946d945ecc0477ce4450c,v2,113,Social Norms,sampled,3,0.0,,nan,1,False,False,anchored,,,,,,,3,b3482461ba269d3e,0
Qwen/Qwen2-7B-Instruct,f2826a00ceef68f0f2b946d945ecc0477ce4450c,v2,114,Social Norms,sampled,3,3.0,,nan,1,False,False,anchored,,,,,,,3,f60f43d43dc45aa2,3
Qwen/Qwen2-7B-Instruct,f2826a00ceef68f0f2b946d945ecc0477ce4450c,v2,115,Social Norms,sampled,3,0.0,,nan,1,False,False,anchored,,,,,,,3,db10559161b3c6fc,0
Qwen/Qwen2-7B-Instruct,f2826a00ceef68f0f2b946d945ecc0477ce4450c,v2,116,Social Norms,sampled,3,0.0,,nan,1,False,False,anchored,,,,,,,3,20d4044e0980b5e9,0
Qwen/Qwen2-7B-Instruct,f2826a00ceef68f0f2b946d945ecc0477ce4450c,v2,1,Care,sampled,4,4.0,,nan,1,False,False,anchored,,,,,,,4,add09e54f847dca8,4
Qwen/Qwen2-7B-Instruct,f2826a00ceef68f0f2b946d945ecc0477ce4450c,v2,2,Care,sampled,4,3.0,,nan,1,False,False,anchored,,,,,,,4,d02b48f484c9fd49,3
Qwen/Qwen2-7B-Instruct,f2826a00ceef68f0f2b946d945ecc0477ce4450c,v2,3,Care,sampled,4,4.0,,nan,1,False,False,anchored,,,,,,,4,e77c696dedb9b296,4
Qwen/Qwen2-7B-Instruct,f2826a00ceef68f0f2b946d945ecc0477ce4450c,v2,4,Care,sampled,4,3.0,,nan,1,False,False,anchored,,,,,,,4,dadf494a191d2f13,3
Qwen/Qwen2-7B-Instruct,f2826a00ceef68f0f2b946d945ecc0477ce4450c,v2,5,Care,sampled,4,4.0,,nan,1,False,False,anchored,,,,,,,4,0b9923ec57337d19,4
Qwen/Qwen2-7B-Instruct,f2826a00ceef68f0f2b946d945ecc0477ce4450c,v2,6,Care,sampled,4,2.0,,nan,1,False,False,anchored,,,,,,,4,790adece3c4da7ab,2
Qwen/Qwen2-7B-Instruct,f2826a00ceef68f0f2b946d945ecc0477ce4450c,v2,7,Care,sampled,4,4.0,,nan,1,False,False,anchored,,,,,,,4,345d14a786ab109a,4
Qwen/Qwen2-7B-Instruct,f2826a00ceef68f0f2b946d945ecc0477ce4450c,v2,8,Care,sampled,4,4.0,,nan,1,False,False,anchored,,,,,,,4,5be4a442bb5edd86,4
Qwen/Qwen2-7B-Instruct,f2826a00ceef68f0f2b946d945ecc0477ce4450c,v2,9,Care,sampled,4,3.0,,nan,1,False,False,anchored,,,,,,,4,e7ce26205a7890a7,3
Qwen/Qwen2-7B-Instruct,f2826a00ceef68f0f2b946d945ecc0477ce4450c,v2,10,Care,sampled,4,4.0,,nan,1,False,False,anchored,,,,,,,4,7373d2cc4d2c27d7,4
Qwen/Qwen2-7B-Instruct,f2826a00ceef68f0f2b946d945ecc0477ce4450c,v2,11,Care,sampled,4,4.0,,nan,1,False,False,anchored,,,,,,,4,15c66492ec351920,4
Qwen/Qwen2-7B-Instruct,f2826a00ceef68f0f2b946d945ecc0477ce4450c,v2,12,Care,sampled,4,4.0,,nan,1,False,False,anchored,,,,,,,4,96a5e8d58cc271a5,4
Qwen/Qwen2-7B-Instruct,f2826a00ceef68f0f2b946d945ecc0477ce4450c,v2,13,Care,sampled,4,2.0,,nan,1,False,False,anchored,,,,,,,4,385dff2177d66657,2
Qwen/Qwen2-7B-Instruct,f2826a00ceef68f0f2b946d945ecc0477ce4450c,v2,14,Care,sampled,4,3.0,,nan,1,False,False,anchored,,,,,,,4,bbb67b2a11cd6d48,3
Qwen/Qwen2-7B-Instruct,f2826a00ceef68f0f2b946d945ecc0477ce4450c,v2,15,Care,sampled,4,2.0,,nan,1,False,False,anchored,,,,,,,4,b5ac1afe2446645a,2
Qwen/Qwen2-7B-Instruct,f2826a00ceef68f0f2b946d945ecc0477ce4450c,v2,16,Care,sampled,4,2.0,,nan,1,False,False,anchored,,,,,,,4,74dd84997245ee1f,2
Qwen/Qwen2-7B-Instruct,f2826a00ceef68f0f2b946d945ecc0477ce4450c,v2,17,Fairness,sampled,4,4.0,,nan,1,False,False,anchored,,,,,,,4,081bbdeb27c9d9ba,4
Qwen/Qwen2-7B-Instruct,f2826a00ceef68f0f2b946d945ecc0477ce4450c,v2,18,Fairness,sampled,4,3.0,,nan,1,False,False,anchored,,,,,,,4,8f864c44ad7b8898,3
Qwen/Qwen2-7B-Instruct,f2826a00ceef68f0f2b946d945ecc0477ce4450c,v2,19,Fairness,sampled,4,3.0,,nan,1,False,False,anchored,,,,,,,4,c3b9a40c082b9de1,3
Qwen/Qwen2-7B-Instruct,f2826a00ceef68f0f2b946d945ecc0477ce4450c,v2,20,Fairness,sampled,4,2.0,,nan,1,False,False,anchored,,,,,,,4,3918ce1d488b140f,2
Qwen/Qwen2-7B-Instruct,f2826a00ceef68f0f2b946d945ecc0477ce4450c,v2,21,Fairness,sampled,4,3.0,,nan,1,False,False,anchored,,,,,,,4,e7dbcc1c43407f04,3
Qwen/Qwen2-7B-Instruct,f2826a00ceef68f0f2b946d945ecc0477ce4450c,v2,22,Fairness,sampled,4,4.0,,nan,1,False,False,anchored,,,,,,,4,c11a4afee3b09914,4
Qwen/Qwen2-7B-Instruct,f2826a00ceef68f0f2b946d945ecc0477ce4450c,v2,23,Fairness,sampled,4,4.0,,nan,1,False,False,anchored,,,,,,,4,4db4f9d71823acc3,4
Qwen/Qwen2-7B-Instruct,f2826a00ceef68f0f2b946d945ecc0477ce4450c,v2,24,Fairness,sampled,4,3.0,,nan,1,False,False,anchored,,,,,,,4,42f0ae82fc584562,3
Qwen/Qwen2-7B-Instruct,f2826a00ceef68f0f2b946d945ecc0477ce4450c,v2,25,Fairness,sampled,4,4.0,,nan,1,False,False,anchored,,,,,,,4,6f98b76fa9e2e97c,4
Qwen/Qwen2-7B-Instruct,f2826a00ceef68f0f2b946d945ecc0477ce4450c,v2,26,Fairness,sampled,4,3.0,,nan,1,False,False,anchored,,,,,,,4,1aee3ca950d4a6e4,3
Qwen/Qwen2-7B-Instruct,f2826a00ceef68f0f2b946d945ecc0477ce4450c,v2,27,Fairness,sampled,4,3.0,,nan,1,False,False,anchored,,,,,,,4,ade18057e1400d65,3
Qwen/Qwen2-7B-Instruct,f2826a00ceef68f0f2b946d945ecc0477ce4450c,v2,28,Fairness,sampled,4,4.0,,nan,1,False,False,anchored,,,,,,,4,b4e9ce6e709fa91c,4
Qwen/Qwen2-7B-Instruct,f2826a00ceef68f0f2b946d945ecc0477ce4450c,v2,29,Fairness,sampled,4,2.0,,nan,1,False,False,anchored,,,,,,,4,da64ef21624e20a9,2
Qwen/Qwen2-7B-Instruct,f2826a00ceef68f0f2b946d945ecc0477ce4450c,v2,30,Fairness,sampled,4,4.0,,nan,1,False,False,anchored,,,,,,,4,d620d38d7aa1adbc,4
Qwen/Qwen2-7B-Instruct,f2826a00ceef68f0f2b946d945ecc0477ce4450c,v2,31,Fairness,sampled,4,4.0,,nan,1,False,False,anchored,,,,,,,4,f7db8614c705ed1c,4
Qwen/Qwen2-7B-Instruct,f2826a00ceef68f0f2b946d945ecc0477ce4450c,v2,32,Fairness,sampled,4,2.0,,nan,1,False,False,anchored,,,,,,,4,e7e9b34bb6f8c18c,2
Qwen/Qwen2-7B-Instruct,f2826a00ceef68f0f2b946d945ecc0477ce4450c,v2,33,Fairness,sampled,4,3.0,,nan,1,False,False,anchored,,,,,,,4,686a1b3efdf36cd5,3
Qwen/Qwen2-7B-Instruct,f2826a00ceef68f0f2b946d945ecc0477ce4450c,v2,34,Loyalty,sampled,4,3.0,,nan,1,False,False,anchored,,,,,,,4,ef54c6e33f2da7e9,3
Qwen/Qwen2-7B-Instruct,f2826a00ceef68f0f2b946d945ecc0477ce4450c,v2,35,Loyalty,sampled,4,1.0,,nan,1,False,False,anchored,,,,,,,4,02880fca6e34aaaa,1
Qwen/Qwen2-7B-Instruct,f2826a00ceef68f0f2b946d945ecc0477ce4450c,v2,36,Loyalty,sampled,4,2.0,,nan,1,False,False,anchored,,,,,,,4,42b153f9fbe3be60,2
Qwen/Qwen2-7B-Instruct,f2826a00ceef68f0f2b946d945ecc0477ce4450c,v2,37,Loyalty,sampled,4,3.0,,nan,1,False,False,anchored,,,,,,,4,84ff0e137301f2f2,3
Qwen/Qwen2-7B-Instruct,f2826a00ceef68f0f2b946d945ecc0477ce4450c,v2,38,Loyalty,sampled,4,2.0,,nan,1,False,False,anchored,,,,,,,4,220698348b66d31a,2
Qwen/Qwen2-7B-Instruct,f2826a00ceef68f0f2b946d945ecc0477ce4450c,v2,39,Loyalty,sampled,4,3.0,,nan,1,False,False,anchored,,,,,,,4,a141394d2c6be3ad,3
Qwen/Qwen2-7B-Instruct,f2826a00ceef68f0f2b946d945ecc0477ce4450c,v2,40,Loyalty,sampled,4,2.0,,nan,1,False,False,anchored,,,,,,,4,b337bd83fa8dd03d,2
Qwen/Qwen2-7B-Instruct,f2826a00ceef68f0f2b946d945ecc0477ce4450c,v2,41,Loyalty,sampled,4,3.0,,nan,1,False,False,anchored,,,,,,,4,f33d6d702f709ab0,3
Qwen/Qwen2-7B-Instruct,f2826a00ceef68f0f2b946d945ecc0477ce4450c,v2,42,Loyalty,sampled,4,3.0,,nan,1,False,False,anchored,,,,,,,4,3c48ae06d95915d3,3
Qwen/Qwen2-7B-Instruct,f2826a00ceef68f0f2b946d945ecc0477ce4450c,v2,43,Loyalty,sampled,4,4.0,,nan,1,False,False,anchored,,,,,,,4,48ff0275c29b6f30,4
Qwen/Qwen2-7B-Instruct,f2826a00ceef68f0f2b946d945ecc0477ce4450c,v2,44,Loyalty,sampled,4,2.0,,nan,1,False,False,anchored,,,,,,,4,16d72da194af7ef1,2
Qwen/Qwen2-7B-Instruct,f2826a00ceef68f0f2b946d945ecc0477ce4450c,v2,45,Loyalty,sampled,4,3.0,,nan,1,False,False,anchored,,,,,,,4,66b48ba1e5e5a678,3
Qwen/Qwen2-7B-Instruct,f2826a00ceef68f0f2b946d945ecc0477ce4450c,v2,46,Loyalty,sampled,4,3.0,,nan,1,False,False,anchored,,,,,,,4,180b0dc07534cdef,3
Qwen/Qwen2-7B-Instruct,f2826a00ceef68f0f2b946d945ecc0477ce4450c,v2,47,Loyalty,sampled,4,4.0,,nan,1,False,False,anchored,,,,,,,4,a1f45249f0baea0e,4
Qwen/Qwen2-7B-Instruct,f2826a00ceef68f0f2b946d945ecc0477ce4450c,v2,48,Loyalty,sampled,4,2.0,,nan,1,False,False,anchored,,,,,,,4,152b7cacef3b9c1a,2
Qwen/Qwen2-7B-Instruct,f2826a00ceef68f0f2b946d945ecc0477ce4450c,v2,49,Loyalty,sampled,4,2.0,,nan,1,False,False,anchored,,,,,,,4,715ebfd1e999cc39,2
Qwen/Qwen2-7B-Instruct,f2826a00ceef68f0f2b946d945ecc0477ce4450c,v2,50,Authority,sampled,4,3.0,,nan,1,False,False,anchored,,,,,,,4,8abcaf4cca16f190,3
Qwen/Qwen2-7B-Instruct,f2826a00ceef68f0f2b946d945ecc0477ce4450c,v2,51,Authority,sampled,4,2.0,,nan,1,False,False,anchored,,,,,,,4,7b584e434c7e6b4e,2
Qwen/Qwen2-7B-Instruct,f2826a00ceef68f0f2b946d945ecc0477ce4450c,v2,52,Authority,sampled,4,3.0,,nan,1,False,False,anchored,,,,,,,4,55ab7d0788e63dd3,3
Qwen/Qwen2-7B-Instruct,f2826a00ceef68f0f2b946d945ecc0477ce4450c,v2,53,Authority,sampled,4,3.0,,nan,1,False,False,anchored,,,,,,,4,dbcc2789be90b8fd,3
Qwen/Qwen2-7B-Instruct,f2826a00ceef68f0f2b946d945ecc0477ce4450c,v2,54,Authority,sampled,4,1.0,,nan,1,False,False,anchored,,,,,,,4,0001accf3401fdda,1
Qwen/Qwen2-7B-Instruct,f2826a00ceef68f0f2b946d945ecc0477ce4450c,v2,55,Authority,sampled,4,4.0,,nan,1,False,False,anchored,,,,,,,4,56034e346a4ce822,4
Qwen/Qwen2-7B-Instruct,f2826a00ceef68f0f2b946d945ecc0477ce4450c,v2,56,Authority,sampled,4,3.0,,nan,1,False,False,anchored,,,,,,,4,7657ec778a329844,3
Qwen/Qwen2-7B-Instruct,f2826a00ceef68f0f2b946d945ecc0477ce4450c,v2,57,Authority,sampled,4,3.0,,nan,1,False,False,anchored,,,,,,,4,1b15795fb3577378,3
Qwen/Qwen2-7B-Instruct,f2826a00ceef68f0f2b946d945ecc0477ce4450c,v2,58,Authority,sampled,4,4.0,,nan,1,False,False,anchored,,,,,,,4,d87d948546b88df6,4
Qwen/Qwen2-7B-Instruct,f2826a00ceef68f0f2b946d945ecc0477ce4450c,v2,59,Authority,sampled,4,4.0,,nan,1,False,False,anchored,,,,,,,4,4f69934a0b664d29,4
Qwen/Qwen2-7B-Instruct,f2826a00ceef68f0f2b946d945ecc0477ce4450c,v2,60,Authority,sampled,4,3.0,,nan,1,False,False,anchored,,,,,,,4,18fdedf1fc10cee7,3
Qwen/Qwen2-7B-Instruct,f2826a00ceef68f0f2b946d945ecc0477ce4450c,v2,61,Authority,sampled,4,2.0,,nan,1,False,False,anchored,,,,,,,4,9622649cb856cb11,2
Qwen/Qwen2-7B-Instruct,f2826a00ceef68f0f2b946d945ecc0477ce4450c,v2,62,Authority,sampled,4,3.0,,nan,1,False,False,anchored,,,,,,,4,70a2e213b3fc2bd3,3
Qwen/Qwen2-7B-Instruct,f2826a00ceef68f0f2b946d945ecc0477ce4450c,v2,63,Authority,sampled,4,3.0,,nan,1,False,False,anchored,,,,,,,4,137a8ba32cf6e17d,3
Qwen/Qwen2-7B-Instruct,f2826a00ceef68f0f2b946d945ecc0477ce4450c,v2,64,Authority,sampled,4,3.0,,nan,1,False,False,anchored,,,,,,,4,02444589de858800,3
Qwen/Qwen2-7B-Instruct,f2826a00ceef68f0f2b946d945ecc0477ce4450c,v2,65,Authority,sampled,4,1.0,,nan,1,False,False,anchored,,,,,,,4,0a7d30ef4bd9ad06,1
Qwen/Qwen2-7B-Instruct,f2826a00ceef68f0f2b946d945ecc0477ce4450c,v2,66,Authority,sampled,4,3.0,,nan,1,False,False,anchored,,,,,,,4,1d7b6c98cee0975b,3
Qwen/Qwen2-7B-Instruct,f2826a00ceef68f0f2b946d945ecc0477ce4450c,v2,67,Sanctity,sampled,4,4.0,,nan,1,False,False,anchored,,,,,,,4,9d8258d9a3f08736,4
Qwen/Qwen2-7B-Instruct,f2826a00ceef68f0f2b946d945ecc0477ce4450c,v2,68,Sanctity,sampled,4,3.0,,nan,1,False,False,anchored,,,,,,,4,48ff1f9e23b1b51c,3
Qwen/Qwen2-7B-Instruct,f2826a00ceef68f0f2b946d945ecc0477ce4450c,v2,69,Sanctity,sampled,4,4.0,,nan,1,False,False,anchored,,,,,,,4,583bb015eeaf3187,4
Qwen/Qwen2-7B-Instruct,f2826a00ceef68f0f2b946d945ecc0477ce4450c,v2,70,Sanctity,sampled,4,4.0,,nan,1,False,False,anchored,,,,,,,4,dfd495d4f718f08e,4
Qwen/Qwen2-7B-Instruct,f2826a00ceef68f0f2b946d945ecc0477ce4450c,v2,71,Sanctity,sampled,4,3.0,,nan,1,False,False,anchored,,,,,,,4,f3798504cc679afc,3
Qwen/Qwen2-7B-Instruct,f2826a00ceef68f0f2b946d945ecc0477ce4450c,v2,72,Sanctity,sampled,4,4.0,,nan,1,False,False,anchored,,,,,,,4,6d9364b37fef2993,4
Qwen/Qwen2-7B-Instruct,f2826a00ceef68f0f2b946d945ecc0477ce4450c,v2,73,Sanctity,sampled,4,4.0,,nan,1,False,False,anchored,,,,,,,4,623b6cdfcfd1d445,4
Qwen/Qwen2-7B-Instruct,f2826a00ceef68f0f2b946d945ecc0477ce4450c,v2,74,Sanctity,sampled,4,4.0,,nan,1,False,False,anchored,,,,,,,4,6c45351c30bed00e,4
Qwen/Qwen2-7B-Instruct,f2826a00ceef68f0f2b946d945ecc0477ce4450c,v2,75,Sanctity,sampled,4,2.0,,nan,1,False,False,anchored,,,,,,,4,1dd9fe930bd12326,2
Qwen/Qwen2-7B-Instruct,f2826a00ceef68f0f2b946d945ecc0477ce4450c,v2,76,Sanctity,sampled,4,4.0,,nan,1,False,False,anchored,,,,,,,4,801ebe9704a735d2,4
Qwen/Qwen2-7B-Instruct,f2826a00ceef68f0f2b946d945ecc0477ce4450c,v2,77,Sanctity,sampled,4,3.0,,nan,1,False,False,anchored,,,,,,,4,023ac6d935c90b33,3
Qwen/Qwen2-7B-Instruct,f2826a00ceef68f0f2b946d945ecc0477ce4450c,v2,78,Sanctity,sampled,4,3.0,,nan,1,False,False,anchored,,,,,,,4,00991bef33387a02,3
Qwen/Qwen2-7B-Instruct,f2826a00ceef68f0f2b946d945ecc0477ce4450c,v2,79,Sanctity,sampled,4,2.0,,nan,1,False,False,anchored,,,,,,,4,2e94672c5bafb988,2
Qwen/Qwen2-7B-Instruct,f2826a00ceef68f0f2b946d945ecc0477ce4450c,v2,80,Sanctity,sampled,4,3.0,,nan,1,False,False,anchored,,,,,,,4,8854940b70cc4c49,3
Qwen/Qwen2-7B-Instruct,f2826a00ceef68f0f2b946d945ecc0477ce4450c,v2,81,Sanctity,sampled,4,2.0,,nan,1,False,False,anchored,,,,,,,4,89e48a6bf1e12fcf,2
Qwen/Qwen2-7B-Instruct,f2826a00ceef68f0f2b946d945ecc0477ce4450c,v2,82,Sanctity,sampled,4,2.0,,nan,1,False,False,anchored,,,,,,,4,0b435b2c16481968,2
Qwen/Qwen2-7B-Instruct,f2826a00ceef68f0f2b946d945ecc0477ce4450c,v2,83,Sanctity,sampled,4,2.0,,nan,1,False,False,anchored,,,,,,,4,bc6cf192427e33c8,2
Qwen/Qwen2-7B-Instruct,f2826a00ceef68f0f2b946d945ecc0477ce4450c,v2,84,Liberty,sampled,4,3.0,,nan,1,False,False,anchored,,,,,,,4,b1b3854e860d9100,3
Qwen/Qwen2-7B-Instruct,f2826a00ceef68f0f2b946d945ecc0477ce4450c,v2,85,Liberty,sampled,4,2.0,,nan,1,False,False,anchored,,,,,,,4,ce20ab84270640b1,2
Qwen/Qwen2-7B-Instruct,f2826a00ceef68f0f2b946d945ecc0477ce4450c,v2,86,Liberty,sampled,4,4.0,,nan,1,False,False,anchored,,,,,,,4,da0d9dddb434135b,4
Qwen/Qwen2-7B-Instruct,f2826a00ceef68f0f2b946d945ecc0477ce4450c,v2,87,Liberty,sampled,4,4.0,,nan,1,False,False,anchored,,,,,,,4,119473ab47a18690,4
Qwen/Qwen2-7B-Instruct,f2826a00ceef68f0f2b946d945ecc0477ce4450c,v2,88,Liberty,sampled,4,3.0,,nan,1,False,False,anchored,,,,,,,4,0b2ffc0615e5d071,3
Qwen/Qwen2-7B-Instruct,f2826a00ceef68f0f2b946d945ecc0477ce4450c,v2,89,Liberty,sampled,4,2.0,,nan,1,False,False,anchored,,,,,,,4,51e5131d1ecdf088,2
Qwen/Qwen2-7B-Instruct,f2826a00ceef68f0f2b946d945ecc0477ce4450c,v2,90,Liberty,sampled,4,4.0,,nan,1,False,False,anchored,,,,,,,4,a360e93e7fa1d757,4
Qwen/Qwen2-7B-Instruct,f2826a00ceef68f0f2b946d945ecc0477ce4450c,v2,91,Liberty,sampled,4,4.0,,nan,1,False,False,anchored,,,,,,,4,704961020f5ea07d,4
Qwen/Qwen2-7B-Instruct,f2826a00ceef68f0f2b946d945ecc0477ce4450c,v2,92,Liberty,sampled,4,4.0,,nan,1,False,False,anchored,,,,,,,4,8fd2dde7d322fcd7,4
Qwen/Qwen2-7B-Instruct,f2826a00ceef68f0f2b946d945ecc0477ce4450c,v2,93,Liberty,sampled,4,2.0,,nan,1,False,False,anchored,,,,,,,4,2da496a5ce96df9d,2
Qwen/Qwen2-7B-Instruct,f2826a00ceef68f0f2b946d945ecc0477ce4450c,v2,94,Liberty,sampled,4,3.0,,nan,1,False,False,anchored,,,,,,,4,9493b30ead7f5a0f,3
Qwen/Qwen2-7B-Instruct,f2826a00ceef68f0f2b946d945ecc0477ce4450c,v2,95,Liberty,sampled,4,3.0,,nan,1,False,False,anchored,,,,,,,4,1a684fcadd9e89cf,3
Qwen/Qwen2-7B-Instruct,f2826a00ceef68f0f2b946d945ecc0477ce4450c,v2,96,Liberty,sampled,4,2.0,,nan,1,False,False,anchored,,,,,,,4,752a1c71fc01a52e,2
Qwen/Qwen2-7B-Instruct,f2826a00ceef68f0f2b946d945ecc0477ce4450c,v2,97,Liberty,sampled,4,2.0,,nan,1,False,False,anchored,,,,,,,4,78236a325230bb93,2
Qwen/Qwen2-7B-Instruct,f2826a00ceef68f0f2b946d945ecc0477ce4450c,v2,98,Liberty,sampled,4,4.0,,nan,1,False,False,anchored,,,,,,,4,24d9d1d954c03c7a,4
Qwen/Qwen2-7B-Instruct,f2826a00ceef68f0f2b946d945ecc0477ce4450c,v2,99,Liberty,sampled,4,4.0,,nan,1,False,False,anchored,,,,,,,4,18987dfee8219602,4
Qwen/Qwen2-7B-Instruct,f2826a00ceef68f0f2b946d945ecc0477ce4450c,v2,100,Liberty,sampled,4,2.0,,nan,1,False,False,anchored,,,,,,,4,cb73f032e5c256e6,2
Qwen/Qwen2-7B-Instruct,f2826a00ceef68f0f2b946d945ecc0477ce4450c,v2,101,Social Norms,sampled,4,2.0,,nan,1,False,False,anchored,,,,,,,4,d73b029f99fc7b91,2
Qwen/Qwen2-7B-Instruct,f2826a00ceef68f0f2b946d945ecc0477ce4450c,v2,102,Social Norms,sampled,4,2.0,,nan,1,False,False,anchored,,,,,,,4,c7662e365cd22eec,2
Qwen/Qwen2-7B-Instruct,f2826a00ceef68f0f2b946d945ecc0477ce4450c,v2,103,Social Norms,sampled,4,2.0,,nan,1,False,False,anchored,,,,,,,4,aee8740edc980e2d,2
Qwen/Qwen2-7B-Instruct,f2826a00ceef68f0f2b946d945ecc0477ce4450c,v2,104,Social Norms,sampled,4,2.0,,nan,1,False,False,anchored,,,,,,,4,ae37a93ce11002ed,2
Qwen/Qwen2-7B-Instruct,f2826a00ceef68f0f2b946d945ecc0477ce4450c,v2,105,Social Norms,sampled,4,0.0,,nan,1,False,False,anchored,,,,,,,4,594111d68b18945e,0
Qwen/Qwen2-7B-Instruct,f2826a00ceef68f0f2b946d945ecc0477ce4450c,v2,106,Social Norms,sampled,4,2.0,,nan,1,False,False,anchored,,,,,,,4,2fdb8be96f275ac2,2
Qwen/Qwen2-7B-Instruct,f2826a00ceef68f0f2b946d945ecc0477ce4450c,v2,107,Social Norms,sampled,4,2.0,,nan,1,False,False,anchored,,,,,,,4,24edf6f925d94f05,2
Qwen/Qwen2-7B-Instruct,f2826a00ceef68f0f2b946d945ecc0477ce4450c,v2,108,Social Norms,sampled,4,0.0,,nan,1,False,False,anchored,,,,,,,4,27715cd283df48a0,0
Qwen/Qwen2-7B-Instruct,f2826a00ceef68f0f2b946d945ecc0477ce4450c,v2,109,Social Norms,sampled,4,2.0,,nan,1,False,False,anchored,,,,,,,4,dcfc113a808c1bdb,2
Qwen/Qwen2-7B-Instruct,f2826a00ceef68f0f2b946d945ecc0477ce4450c,v2,110,Social Norms,sampled,4,1.0,,nan,1,False,False,anchored,,,,,,,4,f1c0bc960d5937e3,1
Qwen/Qwen2-7B-Instruct,f2826a00ceef68f0f2b946d945ecc0477ce4450c,v2,111,Social Norms,sampled,4,1.0,,nan,1,False,False,anchored,,,,,,,4,89c0909c0739fffa,1
Qwen/Qwen2-7B-Instruct,f2826a00ceef68f0f2b946d945ecc0477ce4450c,v2,112,Social Norms,sampled,4,2.0,,nan,1,False,False,anchored,,,,,,,4,8dfc7fd7354cb2e9,2
Qwen/Qwen2-7B-Instruct,f2826a00ceef68f0f2b946d945ecc0477ce4450c,v2,113,Social Norms,sampled,4,1.0,,nan,1,False,False,anchored,,,,,,,4,b3482461ba269d3e,1
Qwen/Qwen2-7B-Instruct,f2826a00ceef68f0f2b946d945ecc0477ce4450c,v2,114,Social Norms,sampled,4,2.0,,nan,1,False,False,anchored,,,,,,,4,f60f43d43dc45aa2,2
Qwen/Qwen2-7B-Instruct,f2826a00ceef68f0f2b946d945ecc0477ce4450c,v2,115,Social Norms,sampled,4,0.0,,nan,1,False,False,anchored,,,,,,,4,db10559161b3c6fc,0
Qwen/Qwen2-7B-Instruct,f2826a00ceef68f0f2b946d945ecc0477ce4450c,v2,116,Social Norms,sampled,4,0.0,,nan,1,False,False,anchored,,,,,,,4,20d4044e0980b5e9,0
Qwen/Qwen2-7B-Instruct,f2826a00ceef68f0f2b946d945ecc0477ce4450c,v2,1,Care,sampled,5,4.0,,nan,1,False,False,anchored,,,,,,,5,add09e54f847dca8,4
Qwen/Qwen2-7B-Instruct,f2826a00ceef68f0f2b946d945ecc0477ce4450c,v2,2,Care,sampled,5,3.0,,nan,1,False,False,anchored,,,,,,,5,d02b48f484c9fd49,3
Qwen/Qwen2-7B-Instruct,f2826a00ceef68f0f2b946d945ecc0477ce4450c,v2,3,Care,sampled,5,3.0,,nan,1,False,False,anchored,,,,,,,5,e77c696dedb9b296,3
Qwen/Qwen2-7B-Instruct,f2826a00ceef68f0f2b946d945ecc0477ce4450c,v2,4,Care,sampled,5,3.0,,nan,1,False,False,anchored,,,,,,,5,dadf494a191d2f13,3
Qwen/Qwen2-7B-Instruct,f2826a00ceef68f0f2b946d945ecc0477ce4450c,v2,5,Care,sampled,5,3.0,,nan,1,False,False,anchored,,,,,,,5,0b9923ec57337d19,3
Qwen/Qwen2-7B-Instruct,f2826a00ceef68f0f2b946d945ecc0477ce4450c,v2,6,Care,sampled,5,2.0,,nan,1,False,False,anchored,,,,,,,5,790adece3c4da7ab,2
Qwen/Qwen2-7B-Instruct,f2826a00ceef68f0f2b946d945ecc0477ce4450c,v2,7,Care,sampled,5,4.0,,nan,1,False,False,anchored,,,,,,,5,345d14a786ab109a,4
Qwen/Qwen2-7B-Instruct,f2826a00ceef68f0f2b946d945ecc0477ce4450c,v2,8,Care,sampled,5,4.0,,nan,1,False,False,anchored,,,,,,,5,5be4a442bb5edd86,4
Qwen/Qwen2-7B-Instruct,f2826a00ceef68f0f2b946d945ecc0477ce4450c,v2,9,Care,sampled,5,3.0,,nan,1,False,False,anchored,,,,,,,5,e7ce26205a7890a7,3
Qwen/Qwen2-7B-Instruct,f2826a00ceef68f0f2b946d945ecc0477ce4450c,v2,10,Care,sampled,5,4.0,,nan,1,False,False,anchored,,,,,,,5,7373d2cc4d2c27d7,4
Qwen/Qwen2-7B-Instruct,f2826a00ceef68f0f2b946d945ecc0477ce4450c,v2,11,Care,sampled,5,4.0,,nan,1,False,False,anchored,,,,,,,5,15c66492ec351920,4
Qwen/Qwen2-7B-Instruct,f2826a00ceef68f0f2b946d945ecc0477ce4450c,v2,12,Care,sampled,5,3.0,,nan,1,False,False,anchored,,,,,,,5,96a5e8d58cc271a5,3
Qwen/Qwen2-7B-Instruct,f2826a00ceef68f0f2b946d945ecc0477ce4450c,v2,13,Care,sampled,5,3.0,,nan,1,False,False,anchored,,,,,,,5,385dff2177d66657,3
Qwen/Qwen2-7B-Instruct,f2826a00ceef68f0f2b946d945ecc0477ce4450c,v2,14,Care,sampled,5,3.0,,nan,1,False,False,anchored,,,,,,,5,bbb67b2a11cd6d48,3
Qwen/Qwen2-7B-Instruct,f2826a00ceef68f0f2b946d945ecc0477ce4450c,v2,15,Care,sampled,5,2.0,,nan,1,False,False,anchored,,,,,,,5,b5ac1afe2446645a,2
Qwen/Qwen2-7B-Instruct,f2826a00ceef68f0f2b946d945ecc0477ce4450c,v2,16,Care,sampled,5,2.0,,nan,1,False,False,anchored,,,,,,,5,74dd84997245ee1f,2
Qwen/Qwen2-7B-Instruct,f2826a00ceef68f0f2b946d945ecc0477ce4450c,v2,17,Fairness,sampled,5,4.0,,nan,1,False,False,anchored,,,,,,,5,081bbdeb27c9d9ba,4
Qwen/Qwen2-7B-Instruct,f2826a00ceef68f0f2b946d945ecc0477ce4450c,v2,18,Fairness,sampled,5,3.0,,nan,1,False,False,anchored,,,,,,,5,8f864c44ad7b8898,3
Qwen/Qwen2-7B-Instruct,f2826a00ceef68f0f2b946d945ecc0477ce4450c,v2,19,Fairness,sampled,5,3.0,,nan,1,False,False,anchored,,,,,,,5,c3b9a40c082b9de1,3
Qwen/Qwen2-7B-Instruct,f2826a00ceef68f0f2b946d945ecc0477ce4450c,v2,20,Fairness,sampled,5,3.0,,nan,1,False,False,anchored,,,,,,,5,3918ce1d488b140f,3
Qwen/Qwen2-7B-Instruct,f2826a00ceef68f0f2b946d945ecc0477ce4450c,v2,21,Fairness,sampled,5,3.0,,nan,1,False,False,anchored,,,,,,,5,e7dbcc1c43407f04,3
Qwen/Qwen2-7B-Instruct,f2826a00ceef68f0f2b946d945ecc0477ce4450c,v2,22,Fairness,sampled,5,4.0,,nan,1,False,False,anchored,,,,,,,5,c11a4afee3b09914,4
Qwen/Qwen2-7B-Instruct,f2826a00ceef68f0f2b946d945ecc0477ce4450c,v2,23,Fairness,sampled,5,4.0,,nan,1,False,False,anchored,,,,,,,5,4db4f9d71823acc3,4
Qwen/Qwen2-7B-Instruct,f2826a00ceef68f0f2b946d945ecc0477ce4450c,v2,24,Fairness,sampled,5,3.0,,nan,1,False,False,anchored,,,,,,,5,42f0ae82fc584562,3
Qwen/Qwen2-7B-Instruct,f2826a00ceef68f0f2b946d945ecc0477ce4450c,v2,25,Fairness,sampled,5,4.0,,nan,1,False,False,anchored,,,,,,,5,6f98b76fa9e2e97c,4
Qwen/Qwen2-7B-Instruct,f2826a00ceef68f0f2b946d945ecc0477ce4450c,v2,26,Fairness,sampled,5,4.0,,nan,1,False,False,anchored,,,,,,,5,1aee3ca950d4a6e4,4
Qwen/Qwen2-7B-Instruct,f2826a00ceef68f0f2b946d945ecc0477ce4450c,v2,27,Fairness,sampled,5,4.0,,nan,1,False,False,anchored,,,,,,,5,ade18057e1400d65,4
Qwen/Qwen2-7B-Instruct,f2826a00ceef68f0f2b946d945ecc0477ce4450c,v2,28,Fairness,sampled,5,4.0,,nan,1,False,False,anchored,,,,,,,5,b4e9ce6e709fa91c,4
Qwen/Qwen2-7B-Instruct,f2826a00ceef68f0f2b946d945ecc0477ce4450c,v2,29,Fairness,sampled,5,2.0,,nan,1,False,False,anchored,,,,,,,5,da64ef21624e20a9,2
Qwen/Qwen2-7B-Instruct,f2826a00ceef68f0f2b946d945ecc0477ce4450c,v2,30,Fairness,sampled,5,4.0,,nan,1,False,False,anchored,,,,,,,5,d620d38d7aa1adbc,4
Qwen/Qwen2-7B-Instruct,f2826a00ceef68f0f2b946d945ecc0477ce4450c,v2,31,Fairness,sampled,5,4.0,,nan,1,False,False,anchored,,,,,,,5,f7db8614c705ed1c,4
Qwen/Qwen2-7B-Instruct,f2826a00ceef68f0f2b946d945ecc0477ce4450c,v2,32,Fairness,sampled,5,3.0,,nan,1,False,False,anchored,,,,,,,5,e7e9b34bb6f8c18c,3
Qwen/Qwen2-7B-Instruct,f2826a00ceef68f0f2b946d945ecc0477ce4450c,v2,33,Fairness,sampled,5,3.0,,nan,1,False,False,anchored,,,,,,,5,686a1b3efdf36cd5,3
Qwen/Qwen2-7B-Instruct,f2826a00ceef68f0f2b946d945ecc0477ce4450c,v2,34,Loyalty,sampled,5,3.0,,nan,1,False,False,anchored,,,,,,,5,ef54c6e33f2da7e9,3
Qwen/Qwen2-7B-Instruct,f2826a00ceef68f0f2b946d945ecc0477ce4450c,v2,35,Loyalty,sampled,5,2.0,,nan,1,False,False,anchored,,,,,,,5,02880fca6e34aaaa,2
Qwen/Qwen2-7B-Instruct,f2826a00ceef68f0f2b946d945ecc0477ce4450c,v2,36,Loyalty,sampled,5,3.0,,nan,1,False,False,anchored,,,,,,,5,42b153f9fbe3be60,3
Qwen/Qwen2-7B-Instruct,f2826a00ceef68f0f2b946d945ecc0477ce4450c,v2,37,Loyalty,sampled,5,2.0,,nan,1,False,False,anchored,,,,,,,5,84ff0e137301f2f2,2
Qwen/Qwen2-7B-Instruct,f2826a00ceef68f0f2b946d945ecc0477ce4450c,v2,38,Loyalty,sampled,5,2.0,,nan,1,False,False,anchored,,,,,,,5,220698348b66d31a,2
Qwen/Qwen2-7B-Instruct,f2826a00ceef68f0f2b946d945ecc0477ce4450c,v2,39,Loyalty,sampled,5,3.0,,nan,1,False,False,anchored,,,,,,,5,a141394d2c6be3ad,3
Qwen/Qwen2-7B-Instruct,f2826a00ceef68f0f2b946d945ecc0477ce4450c,v2,40,Loyalty,sampled,5,2.0,,nan,1,False,False,anchored,,,,,,,5,b337bd83fa8dd03d,2
Qwen/Qwen2-7B-Instruct,f2826a00ceef68f0f2b946d945ecc0477ce4450c,v2,41,Loyalty,sampled,5,3.0,,nan,1,False,False,anchored,,,,,,,5,f33d6d702f709ab0,3
Qwen/Qwen2-7B-Instruct,f2826a00ceef68f0f2b946d945ecc0477ce4450c,v2,42,Loyalty,sampled,5,3.0,,nan,1,False,False,anchored,,,,,,,5,3c48ae06d95915d3,3
Qwen/Qwen2-7B-Instruct,f2826a00ceef68f0f2b946d945ecc0477ce4450c,v2,43,Loyalty,sampled,5,4.0,,nan,1,False,False,anchored,,,,,,,5,48ff0275c29b6f30,4
Qwen/Qwen2-7B-Instruct,f2826a00ceef68f0f2b946d945ecc0477ce4450c,v2,44,Loyalty,sampled,5,2.0,,nan,1,False,False,anchored,,,,,,,5,16d72da194af7ef1,2
Qwen/Qwen2-7B-Instruct,f2826a00ceef68f0f2b946d945ecc0477ce4450c,v2,45,Loyalty,sampled,5,3.0,,nan,1,False,False,anchored,,,,,,,5,66b48ba1e5e5a678,3
Qwen/Qwen2-7B-Instruct,f2826a00ceef68f0f2b946d945ecc0477ce4450c,v2,46,Loyalty,sampled,5,3.0,,nan,1,False,False,anchored,,,,,,,5,180b0dc07534cdef,3
Qwen/Qwen2-7B-Instruct,f2826a00ceef68f0f2b946d945ecc0477ce4450c,v2,47,Loyalty,sampled,5,3.0,,nan,1,False,False,anchored,,,,,,,5,a1f45249f0baea0e,3
Qwen/Qwen2-7B-Instruct,f2826a00ceef68f0f2b946d945ecc0477ce4450c,v2,48,Loyalty,sampled,5,3.0,,nan,1,False,False,anchored,,,,,,,5,152b7cacef3b9c1a,3
Qwen/Qwen2-7B-Instruct,f2826a00ceef68f0f2b946d945ecc0477ce4450c,v2,49,Loyalty,sampled,5,2.0,,nan,1,False,False,anchored,,,,,,,5,715ebfd1e999cc39,2
Qwen/Qwen2-7B-Instruct,f2826a00ceef68f0f2b946d945ecc0477ce4450c,v2,50,Authority,sampled,5,3.0,,nan,1,False,False,anchored,,,,,,,5,8abcaf4cca16f190,3
Qwen/Qwen2-7B-Instruct,f2826a00ceef68f0f2b946d945ecc0477ce4450c,v2,51,Authority,sampled,5,2.0,,nan,1,False,False,anchored,,,,,,,5,7b584e434c7e6b4e,2
Qwen/Qwen2-7B-Instruct,f2826a00ceef68f0f2b946d945ecc0477ce4450c,v2,52,Authority,sampled,5,3.0,,nan,1,False,False,anchored,,,,,,,5,55ab7d0788e63dd3,3
Qwen/Qwen2-7B-Instruct,f2826a00ceef68f0f2b946d945ecc0477ce4450c,v2,53,Authority,sampled,5,3.0,,nan,1,False,False,anchored,,,,,,,5,dbcc2789be90b8fd,3
Qwen/Qwen2-7B-Instruct,f2826a00ceef68f0f2b946d945ecc0477ce4450c,v2,54,Authority,sampled,5,2.0,,nan,1,False,False,anchored,,,,,,,5,0001accf3401fdda,2
Qwen/Qwen2-7B-Instruct,f2826a00ceef68f0f2b946d945ecc0477ce4450c,v2,55,Authority,sampled,5,3.0,,nan,1,False,False,anchored,,,,,,,5,56034e346a4ce822,3
Qwen/Qwen2-7B-Instruct,f2826a00ceef68f0f2b946d945ecc0477ce4450c,v2,56,Authority,sampled,5,3.0,,nan,1,False,False,anchored,,,,,,,5,7657ec778a329844,3
Qwen/Qwen2-7B-Instruct,f2826a00ceef68f0f2b946d945ecc0477ce4450c,v2,57,Authority,sampled,5,3.0,,nan,1,False,False,anchored,,,,,,,5,1b15795fb3577378,3
Qwen/Qwen2-7B-Instruct,f2826a00ceef68f0f2b946d945ecc0477ce4450c,v2,58,Authority,sampled,5,4.0,,nan,1,False,False,anchored,,,,,,,5,d87d948546b88df6,4
Qwen/Qwen2-7B-Instruct,f2826a00ceef68f0f2b946d945ecc0477ce4450c,v2,59,Authority,sampled,5,4.0,,nan,1,False,False,anchored,,,,,,,5,4f69934a0b664d29,4
Qwen/Qwen2-7B-Instruct,f2826a00ceef68f0f2b946d945ecc0477ce4450c,v2,60,Authority,sampled,5,3.0,,nan,1,False,False,anchored,,,,,,,5,18fdedf1fc10cee7,3
Qwen/Qwen2-7B-Instruct,f2826a00ceef68f0f2b946d945ecc0477ce4450c,v2,61,Authority,sampled,5,2.0,,nan,1,False,False,anchored,,,,,,,5,9622649cb856cb11,2
Qwen/Qwen2-7B-Instruct,f2826a00ceef68f0f2b946d945ecc0477ce4450c,v2,62,Authority,sampled,5,3.0,,nan,1,False,False,anchored,,,,,,,5,70a2e213b3fc2bd3,3
Qwen/Qwen2-7B-Instruct,f2826a00ceef68f0f2b946d945ecc0477ce4450c,v2,63,Authority,sampled,5,3.0,,nan,1,False,False,anchored,,,,,,,5,137a8ba32cf6e17d,3
Qwen/Qwen2-7B-Instruct,f2826a00ceef68f0f2b946d945ecc0477ce4450c,v2,64,Authority,sampled,5,3.0,,nan,1,False,False,anchored,,,,,,,5,02444589de858800,3
Qwen/Qwen2-7B-Instruct,f2826a00ceef68f0f2b946d945ecc0477ce4450c,v2,65,Authority,sampled,5,2.0,,nan,1,False,False,anchored,,,,,,,5,0a7d30ef4bd9ad06,2
Qwen/Qwen2-7B-Instruct,f2826a00ceef68f0f2b946d945ecc0477ce4450c,v2,66,Authority,sampled,5,3.0,,nan,1,False,False,anchored,,,,,,,5,1d7b6c98cee0975b,3
Qwen/Qwen2-7B-Instruct,f2826a00ceef68f0f2b946d945ecc0477ce4450c,v2,67,Sanctity,sampled,5,4.0,,nan,1,False,False,anchored,,,,,,,5,9d8258d9a3f08736,4
Qwen/Qwen2-7B-Instruct,f2826a00ceef68f0f2b946d945ecc0477ce4450c,v2,68,Sanctity,sampled,5,3.0,,nan,1,False,False,anchored,,,,,,,5,48ff1f9e23b1b51c,3
Qwen/Qwen2-7B-Instruct,f2826a00ceef68f0f2b946d945ecc0477ce4450c,v2,69,Sanctity,sampled,5,4.0,,nan,1,False,False,anchored,,,,,,,5,583bb015eeaf3187,4
Qwen/Qwen2-7B-Instruct,f2826a00ceef68f0f2b946d945ecc0477ce4450c,v2,70,Sanctity,sampled,5,4.0,,nan,1,False,False,anchored,,,,,,,5,dfd495d4f718f08e,4
Qwen/Qwen2-7B-Instruct,f2826a00ceef68f0f2b946d945ecc0477ce4450c,v2,71,Sanctity,sampled,5,3.0,,nan,1,False,False,anchored,,,,,,,5,f3798504cc679afc,3
Qwen/Qwen2-7B-Instruct,f2826a00ceef68f0f2b946d945ecc0477ce4450c,v2,72,Sanctity,sampled,5,4.0,,nan,1,False,False,anchored,,,,,,,5,6d9364b37fef2993,4
Qwen/Qwen2-7B-Instruct,f2826a00ceef68f0f2b946d945ecc0477ce4450c,v2,73,Sanctity,sampled,5,4.0,,nan,1,False,False,anchored,,,,,,,5,623b6cdfcfd1d445,4
Qwen/Qwen2-7B-Instruct,f2826a00ceef68f0f2b946d945ecc0477ce4450c,v2,74,Sanctity,sampled,5,4.0,,nan,1,False,False,anchored,,,,,,,5,6c45351c30bed00e,4
Qwen/Qwen2-7B-Instruct,f2826a00ceef68f0f2b946d945ecc0477ce4450c,v2,75,Sanctity,sampled,5,3.0,,nan,1,False,False,anchored,,,,,,,5,1dd9fe930bd12326,3
Qwen/Qwen2-7B-Instruct,f2826a00ceef68f0f2b946d945ecc0477ce4450c,v2,76,Sanctity,sampled,5,4.0,,nan,1,False,False,anchored,,,,,,,5,801ebe9704a735d2,4
Qwen/Qwen2-7B-Instruct,f2826a00ceef68f0f2b946d945ecc0477ce4450c,v2,77,Sanctity,sampled,5,3.0,,nan,1,False,False,anchored,,,,,,,5,023ac6d935c90b33,3
Qwen/Qwen2-7B-Instruct,f2826a00ceef68f0f2b946d945ecc0477ce4450c,v2,78,Sanctity,sampled,5,3.0,,nan,1,False,False,anchored,,,,,,,5,00991bef33387a02,3
Qwen/Qwen2-7B-Instruct,f2826a00ceef68f0f2b946d945ecc0477ce4450c,v2,79,Sanctity,sampled,5,2.0,,nan,1,False,False,anchored,,,,,,,5,2e94672c5bafb988,2
Qwen/Qwen2-7B-Instruct,f2826a00ceef68f0f2b946d945ecc0477ce4450c,v2,80,Sanctity,sampled,5,4.0,,nan,1,False,False,anchored,,,,,,,5,8854940b70cc4c49,4
Qwen/Qwen2-7B-Instruct,f2826a00ceef68f0f2b946d945ecc0477ce4450c,v2,81,Sanctity,sampled,5,2.0,,nan,1,False,False,anchored,,,,,,,5,89e48a6bf1e12fcf,2
Qwen/Qwen2-7B-Instruct,f2826a00ceef68f0f2b946d945ecc0477ce4450c,v2,82,Sanctity,sampled,5,3.0,,nan,1,False,False,anchored,,,,,,,5,0b435b2c16481968,3
Qwen/Qwen2-7B-Instruct,f2826a00ceef68f0f2b946d945ecc0477ce4450c,v2,83,Sanctity,sampled,5,3.0,,nan,1,False,False,anchored,,,,,,,5,bc6cf192427e33c8,3
Qwen/Qwen2-7B-Instruct,f2826a00ceef68f0f2b946d945ecc0477ce4450c,v2,84,Liberty,sampled,5,3.0,,nan,1,False,False,anchored,,,,,,,5,b1b3854e860d9100,3
Qwen/Qwen2-7B-Instruct,f2826a00ceef68f0f2b946d945ecc0477ce4450c,v2,85,Liberty,sampled,5,2.0,,nan,1,False,False,anchored,,,,,,,5,ce20ab84270640b1,2
Qwen/Qwen2-7B-Instruct,f2826a00ceef68f0f2b946d945ecc0477ce4450c,v2,86,Liberty,sampled,5,4.0,,nan,1,False,False,anchored,,,,,,,5,da0d9dddb434135b,4
Qwen/Qwen2-7B-Instruct,f2826a00ceef68f0f2b946d945ecc0477ce4450c,v2,87,Liberty,sampled,5,4.0,,nan,1,False,False,anchored,,,,,,,5,119473ab47a18690,4
Qwen/Qwen2-7B-Instruct,f2826a00ceef68f0f2b946d945ecc0477ce4450c,v2,88,Liberty,sampled,5,4.0,,nan,1,False,False,anchored,,,,,,,5,0b2ffc0615e5d071,4
Qwen/Qwen2-7B-Instruct,f2826a00ceef68f0f2b946d945ecc0477ce4450c,v2,89,Liberty,sampled,5,2.0,,nan,1,False,False,anchored,,,,,,,5,51e5131d1ecdf088,2
Qwen/Qwen2-7B-Instruct,f2826a00ceef68f0f2b946d945ecc0477ce4450c,v2,90,Liberty,sampled,5,4.0,,nan,1,False,False,anchored,,,,,,,5,a360e93e7fa1d757,4
Qwen/Qwen2-7B-Instruct,f2826a00ceef68f0f2b946d945ecc0477ce4450c,v2,91,Liberty,sampled,5,4.0,,nan,1,False,False,anchored,,,,,,,5,704961020f5ea07d,4
Qwen/Qwen2-7B-Instruct,f2826a00ceef68f0f2b946d945ecc0477ce4450c,v2,92,Liberty,sampled,5,4.0,,nan,1,False,False,anchored,,,,,,,5,8fd2dde7d322fcd7,4
Qwen/Qwen2-7B-Instruct,f2826a00ceef68f0f2b946d945ecc0477ce4450c,v2,93,Liberty,sampled,5,3.0,,nan,1,False,False,anchored,,,,,,,5,2da496a5ce96df9d,3
Qwen/Qwen2-7B-Instruct,f2826a00ceef68f0f2b946d945ecc0477ce4450c,v2,94,Liberty,sampled,5,3.0,,nan,1,False,False,anchored,,,,,,,5,9493b30ead7f5a0f,3
Qwen/Qwen2-7B-Instruct,f2826a00ceef68f0f2b946d945ecc0477ce4450c,v2,95,Liberty,sampled,5,3.0,,nan,1,False,False,anchored,,,,,,,5,1a684fcadd9e89cf,3
Qwen/Qwen2-7B-Instruct,f2826a00ceef68f0f2b946d945ecc0477ce4450c,v2,96,Liberty,sampled,5,2.0,,nan,1,False,False,anchored,,,,,,,5,752a1c71fc01a52e,2
Qwen/Qwen2-7B-Instruct,f2826a00ceef68f0f2b946d945ecc0477ce4450c,v2,97,Liberty,sampled,5,2.0,,nan,1,False,False,anchored,,,,,,,5,78236a325230bb93,2
Qwen/Qwen2-7B-Instruct,f2826a00ceef68f0f2b946d945ecc0477ce4450c,v2,98,Liberty,sampled,5,4.0,,nan,1,False,False,anchored,,,,,,,5,24d9d1d954c03c7a,4
Qwen/Qwen2-7B-Instruct,f2826a00ceef68f0f2b946d945ecc0477ce4450c,v2,99,Liberty,sampled,5,4.0,,nan,1,False,False,anchored,,,,,,,5,18987dfee8219602,4
Qwen/Qwen2-7B-Instruct,f2826a00ceef68f0f2b946d945ecc0477ce4450c,v2,100,Liberty,sampled,5,3.0,,nan,1,False,False,anchored,,,,,,,5,cb73f032e5c256e6,3
Qwen/Qwen2-7B-Instruct,f2826a00ceef68f0f2b946d945ecc0477ce4450c,v2,101,Social Norms,sampled,5,2.0,,nan,1,False,False,anchored,,,,,,,5,d73b029f99fc7b91,2
Qwen/Qwen2-7B-Instruct,f2826a00ceef68f0f2b946d945ecc0477ce4450c,v2,102,Social Norms,sampled,5,0.0,,nan,1,False,False,anchored,,,,,,,5,c7662e365cd22eec,0
Qwen/Qwen2-7B-Instruct,f2826a00ceef68f0f2b946d945ecc0477ce4450c,v2,103,Social Norms,sampled,5,2.0,,nan,1,False,False,anchored,,,,,,,5,aee8740edc980e2d,2
Qwen/Qwen2-7B-Instruct,f2826a00ceef68f0f2b946d945ecc0477ce4450c,v2,104,Social Norms,sampled,5,2.0,,nan,1,False,False,anchored,,,,,,,5,ae37a93ce11002ed,2
Qwen/Qwen2-7B-Instruct,f2826a00ceef68f0f2b946d945ecc0477ce4450c,v2,105,Social Norms,sampled,5,2.0,,nan,1,False,False,anchored,,,,,,,5,594111d68b18945e,2
Qwen/Qwen2-7B-Instruct,f2826a00ceef68f0f2b946d945ecc0477ce4450c,v2,106,Social Norms,sampled,5,2.0,,nan,1,False,False,anchored,,,,,,,5,2fdb8be96f275ac2,2
Qwen/Qwen2-7B-Instruct,f2826a00ceef68f0f2b946d945ecc0477ce4450c,v2,107,Social Norms,sampled,5,1.0,,nan,1,False,False,anchored,,,,,,,5,24edf6f925d94f05,1
Qwen/Qwen2-7B-Instruct,f2826a00ceef68f0f2b946d945ecc0477ce4450c,v2,108,Social Norms,sampled,5,2.0,,nan,1,False,False,anchored,,,,,,,5,27715cd283df48a0,2
Qwen/Qwen2-7B-Instruct,f2826a00ceef68f0f2b946d945ecc0477ce4450c,v2,109,Social Norms,sampled,5,2.0,,nan,1,False,False,anchored,,,,,,,5,dcfc113a808c1bdb,2
Qwen/Qwen2-7B-Instruct,f2826a00ceef68f0f2b946d945ecc0477ce4450c,v2,110,Social Norms,sampled,5,2.0,,nan,1,False,False,anchored,,,,,,,5,f1c0bc960d5937e3,2
Qwen/Qwen2-7B-Instruct,f2826a00ceef68f0f2b946d945ecc0477ce4450c,v2,111,Social Norms,sampled,5,2.0,,nan,1,False,False,anchored,,,,,,,5,89c0909c0739fffa,2
Qwen/Qwen2-7B-Instruct,f2826a00ceef68f0f2b946d945ecc0477ce4450c,v2,112,Social Norms,sampled,5,2.0,,nan,1,False,False,anchored,,,,,,,5,8dfc7fd7354cb2e9,2
Qwen/Qwen2-7B-Instruct,f2826a00ceef68f0f2b946d945ecc0477ce4450c,v2,113,Social Norms,sampled,5,0.0,,nan,1,False,False,anchored,,,,,,,5,b3482461ba269d3e,0
Qwen/Qwen2-7B-Instruct,f2826a00ceef68f0f2b946d945ecc0477ce4450c,v2,114,Social Norms,sampled,5,2.0,,nan,1,False,False,anchored,,,,,,,5,f60f43d43dc45aa2,2
Qwen/Qwen2-7B-Instruct,f2826a00ceef68f0f2b946d945ecc0477ce4450c,v2,115,Social Norms,sampled,5,0.0,,nan,1,False,False,anchored,,,,,,,5,db10559161b3c6fc,0
Qwen/Qwen2-7B-Instruct,f2826a00ceef68f0f2b946d945ecc0477ce4450c,v2,116,Social Norms,sampled,5,2.0,,nan,1,False,False,anchored,,,,,,,5,20d4044e0980b5e9,2
Qwen/Qwen2-7B-Instruct,f2826a00ceef68f0f2b946d945ecc0477ce4450c,v2,1,Care,sampled,6,4.0,,nan,1,False,False,anchored,,,,,,,6,add09e54f847dca8,4
Qwen/Qwen2-7B-Instruct,f2826a00ceef68f0f2b946d945ecc0477ce4450c,v2,2,Care,sampled,6,2.0,,nan,1,False,False,anchored,,,,,,,6,d02b48f484c9fd49,2
Qwen/Qwen2-7B-Instruct,f2826a00ceef68f0f2b946d945ecc0477ce4450c,v2,3,Care,sampled,6,3.0,,nan,1,False,False,anchored,,,,,,,6,e77c696dedb9b296,3
Qwen/Qwen2-7B-Instruct,f2826a00ceef68f0f2b946d945ecc0477ce4450c,v2,4,Care,sampled,6,2.0,,nan,1,False,False,anchored,,,,,,,6,dadf494a191d2f13,2
Qwen/Qwen2-7B-Instruct,f2826a00ceef68f0f2b946d945ecc0477ce4450c,v2,5,Care,sampled,6,3.0,,nan,1,False,False,anchored,,,,,,,6,0b9923ec57337d19,3
Qwen/Qwen2-7B-Instruct,f2826a00ceef68f0f2b946d945ecc0477ce4450c,v2,6,Care,sampled,6,3.0,,nan,1,False,False,anchored,,,,,,,6,790adece3c4da7ab,3
Qwen/Qwen2-7B-Instruct,f2826a00ceef68f0f2b946d945ecc0477ce4450c,v2,7,Care,sampled,6,4.0,,nan,1,False,False,anchored,,,,,,,6,345d14a786ab109a,4
Qwen/Qwen2-7B-Instruct,f2826a00ceef68f0f2b946d945ecc0477ce4450c,v2,8,Care,sampled,6,4.0,,nan,1,False,False,anchored,,,,,,,6,5be4a442bb5edd86,4
Qwen/Qwen2-7B-Instruct,f2826a00ceef68f0f2b946d945ecc0477ce4450c,v2,9,Care,sampled,6,3.0,,nan,1,False,False,anchored,,,,,,,6,e7ce26205a7890a7,3
Qwen/Qwen2-7B-Instruct,f2826a00ceef68f0f2b946d945ecc0477ce4450c,v2,10,Care,sampled,6,4.0,,nan,1,False,False,anchored,,,,,,,6,7373d2cc4d2c27d7,4
Qwen/Qwen2-7B-Instruct,f2826a00ceef68f0f2b946d945ecc0477ce4450c,v2,11,Care,sampled,6,4.0,,nan,1,False,False,anchored,,,,,,,6,15c66492ec351920,4
Qwen/Qwen2-7B-Instruct,f2826a00ceef68f0f2b946d945ecc0477ce4450c,v2,12,Care,sampled,6,4.0,,nan,1,False,False,anchored,,,,,,,6,96a5e8d58cc271a5,4
Qwen/Qwen2-7B-Instruct,f2826a00ceef68f0f2b946d945ecc0477ce4450c,v2,13,Care,sampled,6,2.0,,nan,1,False,False,anchored,,,,,,,6,385dff2177d66657,2
Qwen/Qwen2-7B-Instruct,f2826a00ceef68f0f2b946d945ecc0477ce4450c,v2,14,Care,sampled,6,3.0,,nan,1,False,False,anchored,,,,,,,6,bbb67b2a11cd6d48,3
Qwen/Qwen2-7B-Instruct,f2826a00ceef68f0f2b946d945ecc0477ce4450c,v2,15,Care,sampled,6,2.0,,nan,1,False,False,anchored,,,,,,,6,b5ac1afe2446645a,2
Qwen/Qwen2-7B-Instruct,f2826a00ceef68f0f2b946d945ecc0477ce4450c,v2,16,Care,sampled,6,3.0,,nan,1,False,False,anchored,,,,,,,6,74dd84997245ee1f,3
Qwen/Qwen2-7B-Instruct,f2826a00ceef68f0f2b946d945ecc0477ce4450c,v2,17,Fairness,sampled,6,4.0,,nan,1,False,False,anchored,,,,,,,6,081bbdeb27c9d9ba,4
Qwen/Qwen2-7B-Instruct,f2826a00ceef68f0f2b946d945ecc0477ce4450c,v2,18,Fairness,sampled,6,3.0,,nan,1,False,False,anchored,,,,,,,6,8f864c44ad7b8898,3
Qwen/Qwen2-7B-Instruct,f2826a00ceef68f0f2b946d945ecc0477ce4450c,v2,19,Fairness,sampled,6,3.0,,nan,1,False,False,anchored,,,,,,,6,c3b9a40c082b9de1,3
Qwen/Qwen2-7B-Instruct,f2826a00ceef68f0f2b946d945ecc0477ce4450c,v2,20,Fairness,sampled,6,2.0,,nan,1,False,False,anchored,,,,,,,6,3918ce1d488b140f,2
Qwen/Qwen2-7B-Instruct,f2826a00ceef68f0f2b946d945ecc0477ce4450c,v2,21,Fairness,sampled,6,3.0,,nan,1,False,False,anchored,,,,,,,6,e7dbcc1c43407f04,3
Qwen/Qwen2-7B-Instruct,f2826a00ceef68f0f2b946d945ecc0477ce4450c,v2,22,Fairness,sampled,6,4.0,,nan,1,False,False,anchored,,,,,,,6,c11a4afee3b09914,4
Qwen/Qwen2-7B-Instruct,f2826a00ceef68f0f2b946d945ecc0477ce4450c,v2,23,Fairness,sampled,6,4.0,,nan,1,False,False,anchored,,,,,,,6,4db4f9d71823acc3,4
Qwen/Qwen2-7B-Instruct,f2826a00ceef68f0f2b946d945ecc0477ce4450c,v2,24,Fairness,sampled,6,3.0,,nan,1,False,False,anchored,,,,,,,6,42f0ae82fc584562,3
Qwen/Qwen2-7B-Instruct,f2826a00ceef68f0f2b946d945ecc0477ce4450c,v2,25,Fairness,sampled,6,4.0,,nan,1,False,False,anchored,,,,,,,6,6f98b76fa9e2e97c,4
Qwen/Qwen2-7B-Instruct,f2826a00ceef68f0f2b946d945ecc0477ce4450c,v2,26,Fairness,sampled,6,4.0,,nan,1,False,False,anchored,,,,,,,6,1aee3ca950d4a6e4,4
Qwen/Qwen2-7B-Instruct,f2826a00ceef68f0f2b946d945ecc0477ce4450c,v2,27,Fairness,sampled,6,4.0,,nan,1,False,False,anchored,,,,,,,6,ade18057e1400d65,4
Qwen/Qwen2-7B-Instruct,f2826a00ceef68f0f2b946d945ecc0477ce4450c,v2,28,Fairness,sampled,6,4.0,,nan,1,False,False,anchored,,,,,,,6,b4e9ce6e709fa91c,4
Qwen/Qwen2-7B-Instruct,f2826a00ceef68f0f2b946d945ecc0477ce4450c,v2,29,Fairness,sampled,6,3.0,,nan,1,False,False,anchored,,,,,,,6,da64ef21624e20a9,3
Qwen/Qwen2-7B-Instruct,f2826a00ceef68f0f2b946d945ecc0477ce4450c,v2,30,Fairness,sampled,6,4.0,,nan,1,False,False,anchored,,,,,,,6,d620d38d7aa1adbc,4
Qwen/Qwen2-7B-Instruct,f2826a00ceef68f0f2b946d945ecc0477ce4450c,v2,31,Fairness,sampled,6,4.0,,nan,1,False,False,anchored,,,,,,,6,f7db8614c705ed1c,4
Qwen/Qwen2-7B-Instruct,f2826a00ceef68f0f2b946d945ecc0477ce4450c,v2,32,Fairness,sampled,6,2.0,,nan,1,False,False,anchored,,,,,,,6,e7e9b34bb6f8c18c,2
Qwen/Qwen2-7B-Instruct,f2826a00ceef68f0f2b946d945ecc0477ce4450c,v2,33,Fairness,sampled,6,3.0,,nan,1,False,False,anchored,,,,,,,6,686a1b3efdf36cd5,3
Qwen/Qwen2-7B-Instruct,f2826a00ceef68f0f2b946d945ecc0477ce4450c,v2,34,Loyalty,sampled,6,3.0,,nan,1,False,False,anchored,,,,,,,6,ef54c6e33f2da7e9,3
Qwen/Qwen2-7B-Instruct,f2826a00ceef68f0f2b946d945ecc0477ce4450c,v2,35,Loyalty,sampled,6,2.0,,nan,1,False,False,anchored,,,,,,,6,02880fca6e34aaaa,2
Qwen/Qwen2-7B-Instruct,f2826a00ceef68f0f2b946d945ecc0477ce4450c,v2,36,Loyalty,sampled,6,2.0,,nan,1,False,False,anchored,,,,,,,6,42b153f9fbe3be60,2
Qwen/Qwen2-7B-Instruct,f2826a00ceef68f0f2b946d945ecc0477ce4450c,v2,37,Loyalty,sampled,6,2.0,,nan,1,False,False,anchored,,,,,,,6,84ff0e137301f2f2,2
Qwen/Qwen2-7B-Instruct,f2826a00ceef68f0f2b946d945ecc0477ce4450c,v2,38,Loyalty,sampled,6,2.0,,nan,1,False,False,anchored,,,,,,,6,220698348b66d31a,2
Qwen/Qwen2-7B-Instruct,f2826a00ceef68f0f2b946d945ecc0477ce4450c,v2,39,Loyalty,sampled,6,3.0,,nan,1,False,False,anchored,,,,,,,6,a141394d2c6be3ad,3
Qwen/Qwen2-7B-Instruct,f2826a00ceef68f0f2b946d945ecc0477ce4450c,v2,40,Loyalty,sampled,6,2.0,,nan,1,False,False,anchored,,,,,,,6,b337bd83fa8dd03d,2
Qwen/Qwen2-7B-Instruct,f2826a00ceef68f0f2b946d945ecc0477ce4450c,v2,41,Loyalty,sampled,6,3.0,,nan,1,False,False,anchored,,,,,,,6,f33d6d702f709ab0,3
Qwen/Qwen2-7B-Instruct,f2826a00ceef68f0f2b946d945ecc0477ce4450c,v2,42,Loyalty,sampled,6,3.0,,nan,1,False,False,anchored,,,,,,,6,3c48ae06d95915d3,3
Qwen/Qwen2-7B-Instruct,f2826a00ceef68f0f2b946d945ecc0477ce4450c,v2,43,Loyalty,sampled,6,4.0,,nan,1,False,False,anchored,,,,,,,6,48ff0275c29b6f30,4
Qwen/Qwen2-7B-Instruct,f2826a00ceef68f0f2b946d945ecc0477ce4450c,v2,44,Loyalty,sampled,6,3.0,,nan,1,False,False,anchored,,,,,,,6,16d72da194af7ef1,3
Qwen/Qwen2-7B-Instruct,f2826a00ceef68f0f2b946d945ecc0477ce4450c,v2,45,Loyalty,sampled,6,4.0,,nan,1,False,False,anchored,,,,,,,6,66b48ba1e5e5a678,4
Qwen/Qwen2-7B-Instruct,f2826a00ceef68f0f2b946d945ecc0477ce4450c,v2,46,Loyalty,sampled,6,3.0,,nan,1,False,False,anchored,,,,,,,6,180b0dc07534cdef,3
Qwen/Qwen2-7B-Instruct,f2826a00ceef68f0f2b946d945ecc0477ce4450c,v2,47,Loyalty,sampled,6,3.0,,nan,1,False,False,anchored,,,,,,,6,a1f45249f0baea0e,3
Qwen/Qwen2-7B-Instruct,f2826a00ceef68f0f2b946d945ecc0477ce4450c,v2,48,Loyalty,sampled,6,2.0,,nan,1,False,False,anchored,,,,,,,6,152b7cacef3b9c1a,2
Qwen/Qwen2-7B-Instruct,f2826a00ceef68f0f2b946d945ecc0477ce4450c,v2,49,Loyalty,sampled,6,2.0,,nan,1,False,False,anchored,,,,,,,6,715ebfd1e999cc39,2
Qwen/Qwen2-7B-Instruct,f2826a00ceef68f0f2b946d945ecc0477ce4450c,v2,50,Authority,sampled,6,2.0,,nan,1,False,False,anchored,,,,,,,6,8abcaf4cca16f190,2
Qwen/Qwen2-7B-Instruct,f2826a00ceef68f0f2b946d945ecc0477ce4450c,v2,51,Authority,sampled,6,2.0,,nan,1,False,False,anchored,,,,,,,6,7b584e434c7e6b4e,2
Qwen/Qwen2-7B-Instruct,f2826a00ceef68f0f2b946d945ecc0477ce4450c,v2,52,Authority,sampled,6,2.0,,nan,1,False,False,anchored,,,,,,,6,55ab7d0788e63dd3,2
Qwen/Qwen2-7B-Instruct,f2826a00ceef68f0f2b946d945ecc0477ce4450c,v2,53,Authority,sampled,6,3.0,,nan,1,False,False,anchored,,,,,,,6,dbcc2789be90b8fd,3
Qwen/Qwen2-7B-Instruct,f2826a00ceef68f0f2b946d945ecc0477ce4450c,v2,54,Authority,sampled,6,2.0,,nan,1,False,False,anchored,,,,,,,6,0001accf3401fdda,2
Qwen/Qwen2-7B-Instruct,f2826a00ceef68f0f2b946d945ecc0477ce4450c,v2,55,Authority,sampled,6,3.0,,nan,1,False,False,anchored,,,,,,,6,56034e346a4ce822,3
Qwen/Qwen2-7B-Instruct,f2826a00ceef68f0f2b946d945ecc0477ce4450c,v2,56,Authority,sampled,6,2.0,,nan,1,False,False,anchored,,,,,,,6,7657ec778a329844,2
Qwen/Qwen2-7B-Instruct,f2826a00ceef68f0f2b946d945ecc0477ce4450c,v2,57,Authority,sampled,6,3.0,,nan,1,False,False,anchored,,,,,,,6,1b15795fb3577378,3
Qwen/Qwen2-7B-Instruct,f2826a00ceef68f0f2b946d945ecc0477ce4450c,v2,58,Authority,sampled,6,4.0,,nan,1,False,False,anchored,,,,,,,6,d87d948546b88df6,4
Qwen/Qwen2-7B-Instruct,f2826a00ceef68f0f2b946d945ecc0477ce4450c,v2,59,Authority,sampled,6,4.0,,nan,1,False,False,anchored,,,,,,,6,4f69934a0b664d29,4
Qwen/Qwen2-7B-Instruct,f2826a00ceef68f0f2b946d945ecc0477ce4450c,v2,60,Authority,sampled,6,3.0,,nan,1,False,False,anchored,,,,,,,6,18fdedf1fc10cee7,3
Qwen/Qwen2-7B-Instruct,f2826a00ceef68f0f2b946d945ecc0477ce4450c,v2,61,Authority,sampled,6,3.0,,nan,1,False,False,anchored,,,,,,,6,9622649cb856cb11,3
Qwen/Qwen2-7B-Instruct,f2826a00ceef68f0f2b946d945ecc0477ce4450c,v2,62,Authority,sampled,6,4.0,,nan,1,False,False,anchored,,,,,,,6,70a2e213b3fc2bd3,4
Qwen/Qwen2-7B-Instruct,f2826a00ceef68f0f2b946d945ecc0477ce4450c,v2,63,Authority,sampled,6,3.0,,nan,1,False,False,anchored,,,,,,,6,137a8ba32cf6e17d,3
Qwen/Qwen2-7B-Instruct,f2826a00ceef68f0f2b946d945ecc0477ce4450c,v2,64,Authority,sampled,6,3.0,,nan,1,False,False,anchored,,,,,,,6,02444589de858800,3
Qwen/Qwen2-7B-Instruct,f2826a00ceef68f0f2b946d945ecc0477ce4450c,v2,65,Authority,sampled,6,2.0,,nan,1,False,False,anchored,,,,,,,6,0a7d30ef4bd9ad06,2
Qwen/Qwen2-7B-Instruct,f2826a00ceef68f0f2b946d945ecc0477ce4450c,v2,66,Authority,sampled,6,3.0,,nan,1,False,False,anchored,,,,,,,6,1d7b6c98cee0975b,3
Qwen/Qwen2-7B-Instruct,f2826a00ceef68f0f2b946d945ecc0477ce4450c,v2,67,Sanctity,sampled,6,4.0,,nan,1,False,False,anchored,,,,,,,6,9d8258d9a3f08736,4
Qwen/Qwen2-7B-Instruct,f2826a00ceef68f0f2b946d945ecc0477ce4450c,v2,68,Sanctity,sampled,6,3.0,,nan,1,False,False,anchored,,,,,,,6,48ff1f9e23b1b51c,3
Qwen/Qwen2-7B-Instruct,f2826a00ceef68f0f2b946d945ecc0477ce4450c,v2,69,Sanctity,sampled,6,4.0,,nan,1,False,False,anchored,,,,,,,6,583bb015eeaf3187,4
Qwen/Qwen2-7B-Instruct,f2826a00ceef68f0f2b946d945ecc0477ce4450c,v2,70,Sanctity,sampled,6,4.0,,nan,1,False,False,anchored,,,,,,,6,dfd495d4f718f08e,4
Qwen/Qwen2-7B-Instruct,f2826a00ceef68f0f2b946d945ecc0477ce4450c,v2,71,Sanctity,sampled,6,3.0,,nan,1,False,False,anchored,,,,,,,6,f3798504cc679afc,3
Qwen/Qwen2-7B-Instruct,f2826a00ceef68f0f2b946d945ecc0477ce4450c,v2,72,Sanctity,sampled,6,4.0,,nan,1,False,False,anchored,,,,,,,6,6d9364b37fef2993,4
Qwen/Qwen2-7B-Instruct,f2826a00ceef68f0f2b946d945ecc0477ce4450c,v2,73,Sanctity,sampled,6,4.0,,nan,1,False,False,anchored,,,,,,,6,623b6cdfcfd1d445,4
Qwen/Qwen2-7B-Instruct,f2826a00ceef68f0f2b946d945ecc0477ce4450c,v2,74,Sanctity,sampled,6,4.0,,nan,1,False,False,anchored,,,,,,,6,6c45351c30bed00e,4
Qwen/Qwen2-7B-Instruct,f2826a00ceef68f0f2b946d945ecc0477ce4450c,v2,75,Sanctity,sampled,6,2.0,,nan,1,False,False,anchored,,,,,,,6,1dd9fe930bd12326,2
Qwen/Qwen2-7B-Instruct,f2826a00ceef68f0f2b946d945ecc0477ce4450c,v2,76,Sanctity,sampled,6,4.0,,nan,1,False,False,anchored,,,,,,,6,801ebe9704a735d2,4
Qwen/Qwen2-7B-Instruct,f2826a00ceef68f0f2b946d945ecc0477ce4450c,v2,77,Sanctity,sampled,6,3.0,,nan,1,False,False,anchored,,,,,,,6,023ac6d935c90b33,3
Qwen/Qwen2-7B-Instruct,f2826a00ceef68f0f2b946d945ecc0477ce4450c,v2,78,Sanctity,sampled,6,2.0,,nan,1,False,False,anchored,,,,,,,6,00991bef33387a02,2
Qwen/Qwen2-7B-Instruct,f2826a00ceef68f0f2b946d945ecc0477ce4450c,v2,79,Sanctity,sampled,6,2.0,,nan,1,False,False,anchored,,,,,,,6,2e94672c5bafb988,2
Qwen/Qwen2-7B-Instruct,f2826a00ceef68f0f2b946d945ecc0477ce4450c,v2,80,Sanctity,sampled,6,4.0,,nan,1,False,False,anchored,,,,,,,6,8854940b70cc4c49,4
Qwen/Qwen2-7B-Instruct,f2826a00ceef68f0f2b946d945ecc0477ce4450c,v2,81,Sanctity,sampled,6,2.0,,nan,1,False,False,anchored,,,,,,,6,89e48a6bf1e12fcf,2
Qwen/Qwen2-7B-Instruct,f2826a00ceef68f0f2b946d945ecc0477ce4450c,v2,82,Sanctity,sampled,6,2.0,,nan,1,False,False,anchored,,,,,,,6,0b435b2c16481968,2
Qwen/Qwen2-7B-Instruct,f2826a00ceef68f0f2b946d945ecc0477ce4450c,v2,83,Sanctity,sampled,6,2.0,,nan,1,False,False,anchored,,,,,,,6,bc6cf192427e33c8,2
Qwen/Qwen2-7B-Instruct,f2826a00ceef68f0f2b946d945ecc0477ce4450c,v2,84,Liberty,sampled,6,3.0,,nan,1,False,False,anchored,,,,,,,6,b1b3854e860d9100,3
Qwen/Qwen2-7B-Instruct,f2826a00ceef68f0f2b946d945ecc0477ce4450c,v2,85,Liberty,sampled,6,2.0,,nan,1,False,False,anchored,,,,,,,6,ce20ab84270640b1,2
Qwen/Qwen2-7B-Instruct,f2826a00ceef68f0f2b946d945ecc0477ce4450c,v2,86,Liberty,sampled,6,4.0,,nan,1,False,False,anchored,,,,,,,6,da0d9dddb434135b,4
Qwen/Qwen2-7B-Instruct,f2826a00ceef68f0f2b946d945ecc0477ce4450c,v2,87,Liberty,sampled,6,4.0,,nan,1,False,False,anchored,,,,,,,6,119473ab47a18690,4
Qwen/Qwen2-7B-Instruct,f2826a00ceef68f0f2b946d945ecc0477ce4450c,v2,88,Liberty,sampled,6,4.0,,nan,1,False,False,anchored,,,,,,,6,0b2ffc0615e5d071,4
Qwen/Qwen2-7B-Instruct,f2826a00ceef68f0f2b946d945ecc0477ce4450c,v2,89,Liberty,sampled,6,2.0,,nan,1,False,False,anchored,,,,,,,6,51e5131d1ecdf088,2
Qwen/Qwen2-7B-Instruct,f2826a00ceef68f0f2b946d945ecc0477ce4450c,v2,90,Liberty,sampled,6,4.0,,nan,1,False,False,anchored,,,,,,,6,a360e93e7fa1d757,4
Qwen/Qwen2-7B-Instruct,f2826a00ceef68f0f2b946d945ecc0477ce4450c,v2,91,Liberty,sampled,6,4.0,,nan,1,False,False,anchored,,,,,,,6,704961020f5ea07d,4
Qwen/Qwen2-7B-Instruct,f2826a00ceef68f0f2b946d945ecc0477ce4450c,v2,92,Liberty,sampled,6,4.0,,nan,1,False,False,anchored,,,,,,,6,8fd2dde7d322fcd7,4
Qwen/Qwen2-7B-Instruct,f2826a00ceef68f0f2b946d945ecc0477ce4450c,v2,93,Liberty,sampled,6,2.0,,nan,1,False,False,anchored,,,,,,,6,2da496a5ce96df9d,2
Qwen/Qwen2-7B-Instruct,f2826a00ceef68f0f2b946d945ecc0477ce4450c,v2,94,Liberty,sampled,6,3.0,,nan,1,False,False,anchored,,,,,,,6,9493b30ead7f5a0f,3
Qwen/Qwen2-7B-Instruct,f2826a00ceef68f0f2b946d945ecc0477ce4450c,v2,95,Liberty,sampled,6,3.0,,nan,1,False,False,anchored,,,,,,,6,1a684fcadd9e89cf,3
Qwen/Qwen2-7B-Instruct,f2826a00ceef68f0f2b946d945ecc0477ce4450c,v2,96,Liberty,sampled,6,2.0,,nan,1,False,False,anchored,,,,,,,6,752a1c71fc01a52e,2
Qwen/Qwen2-7B-Instruct,f2826a00ceef68f0f2b946d945ecc0477ce4450c,v2,97,Liberty,sampled,6,2.0,,nan,1,False,False,anchored,,,,,,,6,78236a325230bb93,2
Qwen/Qwen2-7B-Instruct,f2826a00ceef68f0f2b946d945ecc0477ce4450c,v2,98,Liberty,sampled,6,4.0,,nan,1,False,False,anchored,,,,,,,6,24d9d1d954c03c7a,4
Qwen/Qwen2-7B-Instruct,f2826a00ceef68f0f2b946d945ecc0477ce4450c,v2,99,Liberty,sampled,6,4.0,,nan,1,False,False,anchored,,,,,,,6,18987dfee8219602,4
Qwen/Qwen2-7B-Instruct,f2826a00ceef68f0f2b946d945ecc0477ce4450c,v2,100,Liberty,sampled,6,2.0,,nan,1,False,False,anchored,,,,,,,6,cb73f032e5c256e6,2
Qwen/Qwen2-7B-Instruct,f2826a00ceef68f0f2b946d945ecc0477ce4450c,v2,101,Social Norms,sampled,6,2.0,,nan,1,False,False,anchored,,,,,,,6,d73b029f99fc7b91,2
Qwen/Qwen2-7B-Instruct,f2826a00ceef68f0f2b946d945ecc0477ce4450c,v2,102,Social Norms,sampled,6,2.0,,nan,1,False,False,anchored,,,,,,,6,c7662e365cd22eec,2
Qwen/Qwen2-7B-Instruct,f2826a00ceef68f0f2b946d945ecc0477ce4450c,v2,103,Social Norms,sampled,6,2.0,,nan,1,False,False,anchored,,,,,,,6,aee8740edc980e2d,2
Qwen/Qwen2-7B-Instruct,f2826a00ceef68f0f2b946d945ecc0477ce4450c,v2,104,Social Norms,sampled,6,2.0,,nan,1,False,False,anchored,,,,,,,6,ae37a93ce11002ed,2
Qwen/Qwen2-7B-Instruct,f2826a00ceef68f0f2b946d945ecc0477ce4450c,v2,105,Social Norms,sampled,6,1.0,,nan,1,False,False,anchored,,,,,,,6,594111d68b18945e,1
Qwen/Qwen2-7B-Instruct,f2826a00ceef68f0f2b946d945ecc0477ce4450c,v2,106,Social Norms,sampled,6,2.0,,nan,1,False,False,anchored,,,,,,,6,2fdb8be96f275ac2,2
Qwen/Qwen2-7B-Instruct,f2826a00ceef68f0f2b946d945ecc0477ce4450c,v2,107,Social Norms,sampled,6,2.0,,nan,1,False,False,anchored,,,,,,,6,24edf6f925d94f05,2
Qwen/Qwen2-7B-Instruct,f2826a00ceef68f0f2b946d945ecc0477ce4450c,v2,108,Social Norms,sampled,6,0.0,,nan,1,False,False,anchored,,,,,,,6,27715cd283df48a0,0
Qwen/Qwen2-7B-Instruct,f2826a00ceef68f0f2b946d945ecc0477ce4450c,v2,109,Social Norms,sampled,6,2.0,,nan,1,False,False,anchored,,,,,,,6,dcfc113a808c1bdb,2
Qwen/Qwen2-7B-Instruct,f2826a00ceef68f0f2b946d945ecc0477ce4450c,v2,110,Social Norms,sampled,6,2.0,,nan,1,False,False,anchored,,,,,,,6,f1c0bc960d5937e3,2
Qwen/Qwen2-7B-Instruct,f2826a00ceef68f0f2b946d945ecc0477ce4450c,v2,111,Social Norms,sampled,6,1.0,,nan,1,False,False,anchored,,,,,,,6,89c0909c0739fffa,1
Qwen/Qwen2-7B-Instruct,f2826a00ceef68f0f2b946d945ecc0477ce4450c,v2,112,Social Norms,sampled,6,1.0,,nan,1,False,False,anchored,,,,,,,6,8dfc7fd7354cb2e9,1
Qwen/Qwen2-7B-Instruct,f2826a00ceef68f0f2b946d945ecc0477ce4450c,v2,113,Social Norms,sampled,6,0.0,,nan,1,False,False,anchored,,,,,,,6,b3482461ba269d3e,0
Qwen/Qwen2-7B-Instruct,f2826a00ceef68f0f2b946d945ecc0477ce4450c,v2,114,Social Norms,sampled,6,2.0,,nan,1,False,False,anchored,,,,,,,6,f60f43d43dc45aa2,2
Qwen/Qwen2-7B-Instruct,f2826a00ceef68f0f2b946d945ecc0477ce4450c,v2,115,Social Norms,sampled,6,0.0,,nan,1,False,False,anchored,,,,,,,6,db10559161b3c6fc,0
Qwen/Qwen2-7B-Instruct,f2826a00ceef68f0f2b946d945ecc0477ce4450c,v2,116,Social Norms,sampled,6,0.0,,nan,1,False,False,anchored,,,,,,,6,20d4044e0980b5e9,0
Qwen/Qwen2-7B-Instruct,f2826a00ceef68f0f2b946d945ecc0477ce4450c,v2,1,Care,sampled,7,4.0,,nan,1,False,False,anchored,,,,,,,7,add09e54f847dca8,4
Qwen/Qwen2-7B-Instruct,f2826a00ceef68f0f2b946d945ecc0477ce4450c,v2,2,Care,sampled,7,3.0,,nan,1,False,False,anchored,,,,,,,7,d02b48f484c9fd49,3
Qwen/Qwen2-7B-Instruct,f2826a00ceef68f0f2b946d945ecc0477ce4450c,v2,3,Care,sampled,7,3.0,,nan,1,False,False,anchored,,,,,,,7,e77c696dedb9b296,3
Qwen/Qwen2-7B-Instruct,f2826a00ceef68f0f2b946d945ecc0477ce4450c,v2,4,Care,sampled,7,3.0,,nan,1,False,False,anchored,,,,,,,7,dadf494a191d2f13,3
Qwen/Qwen2-7B-Instruct,f2826a00ceef68f0f2b946d945ecc0477ce4450c,v2,5,Care,sampled,7,3.0,,nan,1,False,False,anchored,,,,,,,7,0b9923ec57337d19,3
Qwen/Qwen2-7B-Instruct,f2826a00ceef68f0f2b946d945ecc0477ce4450c,v2,6,Care,sampled,7,2.0,,nan,1,False,False,anchored,,,,,,,7,790adece3c4da7ab,2
Qwen/Qwen2-7B-Instruct,f2826a00ceef68f0f2b946d945ecc0477ce4450c,v2,7,Care,sampled,7,4.0,,nan,1,False,False,anchored,,,,,,,7,345d14a786ab109a,4
Qwen/Qwen2-7B-Instruct,f2826a00ceef68f0f2b946d945ecc0477ce4450c,v2,8,Care,sampled,7,4.0,,nan,1,False,False,anchored,,,,,,,7,5be4a442bb5edd86,4
Qwen/Qwen2-7B-Instruct,f2826a00ceef68f0f2b946d945ecc0477ce4450c,v2,9,Care,sampled,7,3.0,,nan,1,False,False,anchored,,,,,,,7,e7ce26205a7890a7,3
Qwen/Qwen2-7B-Instruct,f2826a00ceef68f0f2b946d945ecc0477ce4450c,v2,10,Care,sampled,7,4.0,,nan,1,False,False,anchored,,,,,,,7,7373d2cc4d2c27d7,4
Qwen/Qwen2-7B-Instruct,f2826a00ceef68f0f2b946d945ecc0477ce4450c,v2,11,Care,sampled,7,4.0,,nan,1,False,False,anchored,,,,,,,7,15c66492ec351920,4
Qwen/Qwen2-7B-Instruct,f2826a00ceef68f0f2b946d945ecc0477ce4450c,v2,12,Care,sampled,7,3.0,,nan,1,False,False,anchored,,,,,,,7,96a5e8d58cc271a5,3
Qwen/Qwen2-7B-Instruct,f2826a00ceef68f0f2b946d945ecc0477ce4450c,v2,13,Care,sampled,7,2.0,,nan,1,False,False,anchored,,,,,,,7,385dff2177d66657,2
Qwen/Qwen2-7B-Instruct,f2826a00ceef68f0f2b946d945ecc0477ce4450c,v2,14,Care,sampled,7,3.0,,nan,1,False,False,anchored,,,,,,,7,bbb67b2a11cd6d48,3
Qwen/Qwen2-7B-Instruct,f2826a00ceef68f0f2b946d945ecc0477ce4450c,v2,15,Care,sampled,7,2.0,,nan,1,False,False,anchored,,,,,,,7,b5ac1afe2446645a,2
Qwen/Qwen2-7B-Instruct,f2826a00ceef68f0f2b946d945ecc0477ce4450c,v2,16,Care,sampled,7,2.0,,nan,1,False,False,anchored,,,,,,,7,74dd84997245ee1f,2
Qwen/Qwen2-7B-Instruct,f2826a00ceef68f0f2b946d945ecc0477ce4450c,v2,17,Fairness,sampled,7,4.0,,nan,1,False,False,anchored,,,,,,,7,081bbdeb27c9d9ba,4
Qwen/Qwen2-7B-Instruct,f2826a00ceef68f0f2b946d945ecc0477ce4450c,v2,18,Fairness,sampled,7,3.0,,nan,1,False,False,anchored,,,,,,,7,8f864c44ad7b8898,3
Qwen/Qwen2-7B-Instruct,f2826a00ceef68f0f2b946d945ecc0477ce4450c,v2,19,Fairness,sampled,7,3.0,,nan,1,False,False,anchored,,,,,,,7,c3b9a40c082b9de1,3
Qwen/Qwen2-7B-Instruct,f2826a00ceef68f0f2b946d945ecc0477ce4450c,v2,20,Fairness,sampled,7,3.0,,nan,1,False,False,anchored,,,,,,,7,3918ce1d488b140f,3
Qwen/Qwen2-7B-Instruct,f2826a00ceef68f0f2b946d945ecc0477ce4450c,v2,21,Fairness,sampled,7,3.0,,nan,1,False,False,anchored,,,,,,,7,e7dbcc1c43407f04,3
Qwen/Qwen2-7B-Instruct,f2826a00ceef68f0f2b946d945ecc0477ce4450c,v2,22,Fairness,sampled,7,4.0,,nan,1,False,False,anchored,,,,,,,7,c11a4afee3b09914,4
Qwen/Qwen2-7B-Instruct,f2826a00ceef68f0f2b946d945ecc0477ce4450c,v2,23,Fairness,sampled,7,4.0,,nan,1,False,False,anchored,,,,,,,7,4db4f9d71823acc3,4
Qwen/Qwen2-7B-Instruct,f2826a00ceef68f0f2b946d945ecc0477ce4450c,v2,24,Fairness,sampled,7,3.0,,nan,1,False,False,anchored,,,,,,,7,42f0ae82fc584562,3
Qwen/Qwen2-7B-Instruct,f2826a00ceef68f0f2b946d945ecc0477ce4450c,v2,25,Fairness,sampled,7,4.0,,nan,1,False,False,anchored,,,,,,,7,6f98b76fa9e2e97c,4
Qwen/Qwen2-7B-Instruct,f2826a00ceef68f0f2b946d945ecc0477ce4450c,v2,26,Fairness,sampled,7,4.0,,nan,1,False,False,anchored,,,,,,,7,1aee3ca950d4a6e4,4
Qwen/Qwen2-7B-Instruct,f2826a00ceef68f0f2b946d945ecc0477ce4450c,v2,27,Fairness,sampled,7,4.0,,nan,1,False,False,anchored,,,,,,,7,ade18057e1400d65,4
Qwen/Qwen2-7B-Instruct,f2826a00ceef68f0f2b946d945ecc0477ce4450c,v2,28,Fairness,sampled,7,4.0,,nan,1,False,False,anchored,,,,,,,7,b4e9ce6e709fa91c,4
Qwen/Qwen2-7B-Instruct,f2826a00ceef68f0f2b946d945ecc0477ce4450c,v2,29,Fairness,sampled,7,2.0,,nan,1,False,False,anchored,,,,,,,7,da64ef21624e20a9,2
Qwen/Qwen2-7B-Instruct,f2826a00ceef68f0f2b946d945ecc0477ce4450c,v2,30,Fairness,sampled,7,3.0,,nan,1,False,False,anchored,,,,,,,7,d620d38d7aa1adbc,3
Qwen/Qwen2-7B-Instruct,f2826a00ceef68f0f2b946d945ecc0477ce4450c,v2,31,Fairness,sampled,7,4.0,,nan,1,False,False,anchored,,,,,,,7,f7db8614c705ed1c,4
Qwen/Qwen2-7B-Instruct,f2826a00ceef68f0f2b946d945ecc0477ce4450c,v2,32,Fairness,sampled,7,2.0,,nan,1,False,False,anchored,,,,,,,7,e7e9b34bb6f8c18c,2
Qwen/Qwen2-7B-Instruct,f2826a00ceef68f0f2b946d945ecc0477ce4450c,v2,33,Fairness,sampled,7,3.0,,nan,1,False,False,anchored,,,,,,,7,686a1b3efdf36cd5,3
Qwen/Qwen2-7B-Instruct,f2826a00ceef68f0f2b946d945ecc0477ce4450c,v2,34,Loyalty,sampled,7,3.0,,nan,1,False,False,anchored,,,,,,,7,ef54c6e33f2da7e9,3
Qwen/Qwen2-7B-Instruct,f2826a00ceef68f0f2b946d945ecc0477ce4450c,v2,35,Loyalty,sampled,7,1.0,,nan,1,False,False,anchored,,,,,,,7,02880fca6e34aaaa,1
Qwen/Qwen2-7B-Instruct,f2826a00ceef68f0f2b946d945ecc0477ce4450c,v2,36,Loyalty,sampled,7,3.0,,nan,1,False,False,anchored,,,,,,,7,42b153f9fbe3be60,3
Qwen/Qwen2-7B-Instruct,f2826a00ceef68f0f2b946d945ecc0477ce4450c,v2,37,Loyalty,sampled,7,3.0,,nan,1,False,False,anchored,,,,,,,7,84ff0e137301f2f2,3
Qwen/Qwen2-7B-Instruct,f2826a00ceef68f0f2b946d945ecc0477ce4450c,v2,38,Loyalty,sampled,7,3.0,,nan,1,False,False,anchored,,,,,,,7,220698348b66d31a,3
Qwen/Qwen2-7B-Instruct,f2826a00ceef68f0f2b946d945ecc0477ce4450c,v2,39,Loyalty,sampled,7,3.0,,nan,1,False,False,anchored,,,,,,,7,a141394d2c6be3ad,3
Qwen/Qwen2-7B-Instruct,f2826a00ceef68f0f2b946d945ecc0477ce4450c,v2,40,Loyalty,sampled,7,2.0,,nan,1,False,False,anchored,,,,,,,7,b337bd83fa8dd03d,2
Qwen/Qwen2-7B-Instruct,f2826a00ceef68f0f2b946d945ecc0477ce4450c,v2,41,Loyalty,sampled,7,2.0,,nan,1,False,False,anchored,,,,,,,7,f33d6d702f709ab0,2
Qwen/Qwen2-7B-Instruct,f2826a00ceef68f0f2b946d945ecc0477ce4450c,v2,42,Loyalty,sampled,7,2.0,,nan,1,False,False,anchored,,,,,,,7,3c48ae06d95915d3,2
Qwen/Qwen2-7B-Instruct,f2826a00ceef68f0f2b946d945ecc0477ce4450c,v2,43,Loyalty,sampled,7,4.0,,nan,1,False,False,anchored,,,,,,,7,48ff0275c29b6f30,4
Qwen/Qwen2-7B-Instruct,f2826a00ceef68f0f2b946d945ecc0477ce4450c,v2,44,Loyalty,sampled,7,2.0,,nan,1,False,False,anchored,,,,,,,7,16d72da194af7ef1,2
Qwen/Qwen2-7B-Instruct,f2826a00ceef68f0f2b946d945ecc0477ce4450c,v2,45,Loyalty,sampled,7,3.0,,nan,1,False,False,anchored,,,,,,,7,66b48ba1e5e5a678,3
Qwen/Qwen2-7B-Instruct,f2826a00ceef68f0f2b946d945ecc0477ce4450c,v2,46,Loyalty,sampled,7,3.0,,nan,1,False,False,anchored,,,,,,,7,180b0dc07534cdef,3
Qwen/Qwen2-7B-Instruct,f2826a00ceef68f0f2b946d945ecc0477ce4450c,v2,47,Loyalty,sampled,7,3.0,,nan,1,False,False,anchored,,,,,,,7,a1f45249f0baea0e,3
Qwen/Qwen2-7B-Instruct,f2826a00ceef68f0f2b946d945ecc0477ce4450c,v2,48,Loyalty,sampled,7,3.0,,nan,1,False,False,anchored,,,,,,,7,152b7cacef3b9c1a,3
Qwen/Qwen2-7B-Instruct,f2826a00ceef68f0f2b946d945ecc0477ce4450c,v2,49,Loyalty,sampled,7,2.0,,nan,1,False,False,anchored,,,,,,,7,715ebfd1e999cc39,2
Qwen/Qwen2-7B-Instruct,f2826a00ceef68f0f2b946d945ecc0477ce4450c,v2,50,Authority,sampled,7,3.0,,nan,1,False,False,anchored,,,,,,,7,8abcaf4cca16f190,3
Qwen/Qwen2-7B-Instruct,f2826a00ceef68f0f2b946d945ecc0477ce4450c,v2,51,Authority,sampled,7,3.0,,nan,1,False,False,anchored,,,,,,,7,7b584e434c7e6b4e,3
Qwen/Qwen2-7B-Instruct,f2826a00ceef68f0f2b946d945ecc0477ce4450c,v2,52,Authority,sampled,7,3.0,,nan,1,False,False,anchored,,,,,,,7,55ab7d0788e63dd3,3
Qwen/Qwen2-7B-Instruct,f2826a00ceef68f0f2b946d945ecc0477ce4450c,v2,53,Authority,sampled,7,3.0,,nan,1,False,False,anchored,,,,,,,7,dbcc2789be90b8fd,3
Qwen/Qwen2-7B-Instruct,f2826a00ceef68f0f2b946d945ecc0477ce4450c,v2,54,Authority,sampled,7,2.0,,nan,1,False,False,anchored,,,,,,,7,0001accf3401fdda,2
Qwen/Qwen2-7B-Instruct,f2826a00ceef68f0f2b946d945ecc0477ce4450c,v2,55,Authority,sampled,7,3.0,,nan,1,False,False,anchored,,,,,,,7,56034e346a4ce822,3
Qwen/Qwen2-7B-Instruct,f2826a00ceef68f0f2b946d945ecc0477ce4450c,v2,56,Authority,sampled,7,3.0,,nan,1,False,False,anchored,,,,,,,7,7657ec778a329844,3
Qwen/Qwen2-7B-Instruct,f2826a00ceef68f0f2b946d945ecc0477ce4450c,v2,57,Authority,sampled,7,3.0,,nan,1,False,False,anchored,,,,,,,7,1b15795fb3577378,3
Qwen/Qwen2-7B-Instruct,f2826a00ceef68f0f2b946d945ecc0477ce4450c,v2,58,Authority,sampled,7,3.0,,nan,1,False,False,anchored,,,,,,,7,d87d948546b88df6,3
Qwen/Qwen2-7B-Instruct,f2826a00ceef68f0f2b946d945ecc0477ce4450c,v2,59,Authority,sampled,7,3.0,,nan,1,False,False,anchored,,,,,,,7,4f69934a0b664d29,3
Qwen/Qwen2-7B-Instruct,f2826a00ceef68f0f2b946d945ecc0477ce4450c,v2,60,Authority,sampled,7,3.0,,nan,1,False,False,anchored,,,,,,,7,18fdedf1fc10cee7,3
Qwen/Qwen2-7B-Instruct,f2826a00ceef68f0f2b946d945ecc0477ce4450c,v2,61,Authority,sampled,7,2.0,,nan,1,False,False,anchored,,,,,,,7,9622649cb856cb11,2
Qwen/Qwen2-7B-Instruct,f2826a00ceef68f0f2b946d945ecc0477ce4450c,v2,62,Authority,sampled,7,4.0,,nan,1,False,False,anchored,,,,,,,7,70a2e213b3fc2bd3,4
Qwen/Qwen2-7B-Instruct,f2826a00ceef68f0f2b946d945ecc0477ce4450c,v2,63,Authority,sampled,7,3.0,,nan,1,False,False,anchored,,,,,,,7,137a8ba32cf6e17d,3
Qwen/Qwen2-7B-Instruct,f2826a00ceef68f0f2b946d945ecc0477ce4450c,v2,64,Authority,sampled,7,3.0,,nan,1,False,False,anchored,,,,,,,7,02444589de858800,3
Qwen/Qwen2-7B-Instruct,f2826a00ceef68f0f2b946d945ecc0477ce4450c,v2,65,Authority,sampled,7,2.0,,nan,1,False,False,anchored,,,,,,,7,0a7d30ef4bd9ad06,2
Qwen/Qwen2-7B-Instruct,f2826a00ceef68f0f2b946d945ecc0477ce4450c,v2,66,Authority,sampled,7,3.0,,nan,1,False,False,anchored,,,,,,,7,1d7b6c98cee0975b,3
Qwen/Qwen2-7B-Instruct,f2826a00ceef68f0f2b946d945ecc0477ce4450c,v2,67,Sanctity,sampled,7,4.0,,nan,1,False,False,anchored,,,,,,,7,9d8258d9a3f08736,4
Qwen/Qwen2-7B-Instruct,f2826a00ceef68f0f2b946d945ecc0477ce4450c,v2,68,Sanctity,sampled,7,3.0,,nan,1,False,False,anchored,,,,,,,7,48ff1f9e23b1b51c,3
Qwen/Qwen2-7B-Instruct,f2826a00ceef68f0f2b946d945ecc0477ce4450c,v2,69,Sanctity,sampled,7,4.0,,nan,1,False,False,anchored,,,,,,,7,583bb015eeaf3187,4
Qwen/Qwen2-7B-Instruct,f2826a00ceef68f0f2b946d945ecc0477ce4450c,v2,70,Sanctity,sampled,7,4.0,,nan,1,False,False,anchored,,,,,,,7,dfd495d4f718f08e,4
Qwen/Qwen2-7B-Instruct,f2826a00ceef68f0f2b946d945ecc0477ce4450c,v2,71,Sanctity,sampled,7,3.0,,nan,1,False,False,anchored,,,,,,,7,f3798504cc679afc,3
Qwen/Qwen2-7B-Instruct,f2826a00ceef68f0f2b946d945ecc0477ce4450c,v2,72,Sanctity,sampled,7,4.0,,nan,1,False,False,anchored,,,,,,,7,6d9364b37fef2993,4
Qwen/Qwen2-7B-Instruct,f2826a00ceef68f0f2b946d945ecc0477ce4450c,v2,73,Sanctity,sampled,7,4.0,,nan,1,False,False,anchored,,,,,,,7,623b6cdfcfd1d445,4
Qwen/Qwen2-7B-Instruct,f2826a00ceef68f0f2b946d945ecc0477ce4450c,v2,74,Sanctity,sampled,7,3.0,,nan,1,False,False,anchored,,,,,,,7,6c45351c30bed00e,3
Qwen/Qwen2-7B-Instruct,f2826a00ceef68f0f2b946d945ecc0477ce4450c,v2,75,Sanctity,sampled,7,3.0,,nan,1,False,False,anchored,,,,,,,7,1dd9fe930bd12326,3
Qwen/Qwen2-7B-Instruct,f2826a00ceef68f0f2b946d945ecc0477ce4450c,v2,76,Sanctity,sampled,7,4.0,,nan,1,False,False,anchored,,,,,,,7,801ebe9704a735d2,4
Qwen/Qwen2-7B-Instruct,f2826a00ceef68f0f2b946d945ecc0477ce4450c,v2,77,Sanctity,sampled,7,3.0,,nan,1,False,False,anchored,,,,,,,7,023ac6d935c90b33,3
Qwen/Qwen2-7B-Instruct,f2826a00ceef68f0f2b946d945ecc0477ce4450c,v2,78,Sanctity,sampled,7,3.0,,nan,1,False,False,anchored,,,,,,,7,00991bef33387a02,3
Qwen/Qwen2-7B-Instruct,f2826a00ceef68f0f2b946d945ecc0477ce4450c,v2,79,Sanctity,sampled,7,2.0,,nan,1,False,False,anchored,,,,,,,7,2e94672c5bafb988,2
Qwen/Qwen2-7B-Instruct,f2826a00ceef68f0f2b946d945ecc0477ce4450c,v2,80,Sanctity,sampled,7,4.0,,nan,1,False,False,anchored,,,,,,,7,8854940b70cc4c49,4
Qwen/Qwen2-7B-Instruct,f2826a00ceef68f0f2b946d945ecc0477ce4450c,v2,81,Sanctity,sampled,7,0.0,,nan,1,False,False,scan,,,,,,,7,89e48a6bf1e12fcf,"This question involves a sensitive societal and cultural issue, and opinions can vary widely based on individual values, cultural norms, and legal standards. In many societies, including:
- 0: Not at all wrong
- 1: Not too wrong
- 2: Somewhat wrong (depending on the level of acceptance in a given society)
- 3: Very wrong (in societies where incestuous relationships are outright prohibited)
- 4: Extremely wrong (in those societies"
Qwen/Qwen2-7B-Instruct,f2826a00ceef68f0f2b946d945ecc0477ce4450c,v2,82,Sanctity,sampled,7,3.0,,nan,1,False,False,anchored,,,,,,,7,0b435b2c16481968,3
Qwen/Qwen2-7B-Instruct,f2826a00ceef68f0f2b946d945ecc0477ce4450c,v2,83,Sanctity,sampled,7,3.0,,nan,1,False,False,anchored,,,,,,,7,bc6cf192427e33c8,3
Qwen/Qwen2-7B-Instruct,f2826a00ceef68f0f2b946d945ecc0477ce4450c,v2,84,Liberty,sampled,7,3.0,,nan,1,False,False,anchored,,,,,,,7,b1b3854e860d9100,3
Qwen/Qwen2-7B-Instruct,f2826a00ceef68f0f2b946d945ecc0477ce4450c,v2,85,Liberty,sampled,7,1.0,,nan,1,False,False,anchored,,,,,,,7,ce20ab84270640b1,1
Qwen/Qwen2-7B-Instruct,f2826a00ceef68f0f2b946d945ecc0477ce4450c,v2,86,Liberty,sampled,7,4.0,,nan,1,False,False,anchored,,,,,,,7,da0d9dddb434135b,4
Qwen/Qwen2-7B-Instruct,f2826a00ceef68f0f2b946d945ecc0477ce4450c,v2,87,Liberty,sampled,7,4.0,,nan,1,False,False,anchored,,,,,,,7,119473ab47a18690,4
Qwen/Qwen2-7B-Instruct,f2826a00ceef68f0f2b946d945ecc0477ce4450c,v2,88,Liberty,sampled,7,4.0,,nan,1,False,False,anchored,,,,,,,7,0b2ffc0615e5d071,4
Qwen/Qwen2-7B-Instruct,f2826a00ceef68f0f2b946d945ecc0477ce4450c,v2,89,Liberty,sampled,7,2.0,,nan,1,False,False,anchored,,,,,,,7,51e5131d1ecdf088,2
Qwen/Qwen2-7B-Instruct,f2826a00ceef68f0f2b946d945ecc0477ce4450c,v2,90,Liberty,sampled,7,4.0,,nan,1,False,False,anchored,,,,,,,7,a360e93e7fa1d757,4
Qwen/Qwen2-7B-Instruct,f2826a00ceef68f0f2b946d945ecc0477ce4450c,v2,91,Liberty,sampled,7,4.0,,nan,1,False,False,anchored,,,,,,,7,704961020f5ea07d,4
Qwen/Qwen2-7B-Instruct,f2826a00ceef68f0f2b946d945ecc0477ce4450c,v2,92,Liberty,sampled,7,4.0,,nan,1,False,False,anchored,,,,,,,7,8fd2dde7d322fcd7,4
Qwen/Qwen2-7B-Instruct,f2826a00ceef68f0f2b946d945ecc0477ce4450c,v2,93,Liberty,sampled,7,3.0,,nan,1,False,False,anchored,,,,,,,7,2da496a5ce96df9d,3
Qwen/Qwen2-7B-Instruct,f2826a00ceef68f0f2b946d945ecc0477ce4450c,v2,94,Liberty,sampled,7,2.0,,nan,1,False,False,anchored,,,,,,,7,9493b30ead7f5a0f,2
Qwen/Qwen2-7B-Instruct,f2826a00ceef68f0f2b946d945ecc0477ce4450c,v2,95,Liberty,sampled,7,3.0,,nan,1,False,False,anchored,,,,,,,7,1a684fcadd9e89cf,3
Qwen/Qwen2-7B-Instruct,f2826a00ceef68f0f2b946d945ecc0477ce4450c,v2,96,Liberty,sampled,7,2.0,,nan,1,False,False,scan,,,,,,,7,752a1c71fc01a52e,"This behavior would be rated as a 2 - Somewhat wrong, as it implies a level of pressure and conditioning onto the son that may compromise his personal choices and freedom."
Qwen/Qwen2-7B-Instruct,f2826a00ceef68f0f2b946d945ecc0477ce4450c,v2,97,Liberty,sampled,7,2.0,,nan,1,False,False,anchored,,,,,,,7,78236a325230bb93,2
Qwen/Qwen2-7B-Instruct,f2826a00ceef68f0f2b946d945ecc0477ce4450c,v2,98,Liberty,sampled,7,4.0,,nan,1,False,False,anchored,,,,,,,7,24d9d1d954c03c7a,4
Qwen/Qwen2-7B-Instruct,f2826a00ceef68f0f2b946d945ecc0477ce4450c,v2,99,Liberty,sampled,7,4.0,,nan,1,False,False,anchored,,,,,,,7,18987dfee8219602,4
Qwen/Qwen2-7B-Instruct,f2826a00ceef68f0f2b946d945ecc0477ce4450c,v2,100,Liberty,sampled,7,3.0,,nan,1,False,False,anchored,,,,,,,7,cb73f032e5c256e6,3
Qwen/Qwen2-7B-Instruct,f2826a00ceef68f0f2b946d945ecc0477ce4450c,v2,101,Social Norms,sampled,7,2.0,,nan,1,False,False,anchored,,,,,,,7,d73b029f99fc7b91,2
Qwen/Qwen2-7B-Instruct,f2826a00ceef68f0f2b946d945ecc0477ce4450c,v2,102,Social Norms,sampled,7,1.0,,nan,1,False,False,anchored,,,,,,,7,c7662e365cd22eec,1
Qwen/Qwen2-7B-Instruct,f2826a00ceef68f0f2b946d945ecc0477ce4450c,v2,103,Social Norms,sampled,7,0.0,,nan,1,False,False,scan,,,,,,,7,aee8740edc980e2d,"This behavior would be rated as 0: Not at all wrong, assuming the woman is not forcing others to assist her with such a small task."
Qwen/Qwen2-7B-Instruct,f2826a00ceef68f0f2b946d945ecc0477ce4450c,v2,104,Social Norms,sampled,7,1.0,,nan,1,False,False,anchored,,,,,,,7,ae37a93ce11002ed,1
Qwen/Qwen2-7B-Instruct,f2826a00ceef68f0f2b946d945ecc0477ce4450c,v2,105,Social Norms,sampled,7,0.0,,nan,1,False,False,anchored,,,,,,,7,594111d68b18945e,0
Qwen/Qwen2-7B-Instruct,f2826a00ceef68f0f2b946d945ecc0477ce4450c,v2,106,Social Norms,sampled,7,2.0,,nan,1,False,False,scan,,,,,,,7,2fdb8be96f275ac2,This behavior is rated as 2: Somewhat wrong.
Qwen/Qwen2-7B-Instruct,f2826a00ceef68f0f2b946d945ecc0477ce4450c,v2,107,Social Norms,sampled,7,1.0,,nan,1,False,False,anchored,,,,,,,7,24edf6f925d94f05,1
Qwen/Qwen2-7B-Instruct,f2826a00ceef68f0f2b946d945ecc0477ce4450c,v2,108,Social Norms,sampled,7,0.0,,nan,1,False,False,anchored,,,,,,,7,27715cd283df48a0,0
Qwen/Qwen2-7B-Instruct,f2826a00ceef68f0f2b946d945ecc0477ce4450c,v2,109,Social Norms,sampled,7,2.0,,nan,1,False,False,anchored,,,,,,,7,dcfc113a808c1bdb,2
Qwen/Qwen2-7B-Instruct,f2826a00ceef68f0f2b946d945ecc0477ce4450c,v2,110,Social Norms,sampled,7,2.0,,nan,1,False,False,anchored,,,,,,,7,f1c0bc960d5937e3,2
Qwen/Qwen2-7B-Instruct,f2826a00ceef68f0f2b946d945ecc0477ce4450c,v2,111,Social Norms,sampled,7,1.0,,nan,1,False,False,anchored,,,,,,,7,89c0909c0739fffa,1
Qwen/Qwen2-7B-Instruct,f2826a00ceef68f0f2b946d945ecc0477ce4450c,v2,112,Social Norms,sampled,7,1.0,,nan,1,False,False,anchored,,,,,,,7,8dfc7fd7354cb2e9,1
Qwen/Qwen2-7B-Instruct,f2826a00ceef68f0f2b946d945ecc0477ce4450c,v2,113,Social Norms,sampled,7,0.0,,nan,1,False,False,anchored,,,,,,,7,b3482461ba269d3e,0
Qwen/Qwen2-7B-Instruct,f2826a00ceef68f0f2b946d945ecc0477ce4450c,v2,114,Social Norms,sampled,7,2.0,,nan,1,False,False,anchored,,,,,,,7,f60f43d43dc45aa2,2
Qwen/Qwen2-7B-Instruct,f2826a00ceef68f0f2b946d945ecc0477ce4450c,v2,115,Social Norms,sampled,7,0.0,,nan,1,False,False,anchored,,,,,,,7,db10559161b3c6fc,0
Qwen/Qwen2-7B-Instruct,f2826a00ceef68f0f2b946d945ecc0477ce4450c,v2,116,Social Norms,sampled,7,0.0,,nan,1,False,False,anchored,,,,,,,7,20d4044e0980b5e9,0
Qwen/Qwen2-7B-Instruct,f2826a00ceef68f0f2b946d945ecc0477ce4450c,v2,1,Care,sampled,8,4.0,,nan,1,False,False,anchored,,,,,,,8,add09e54f847dca8,4
Qwen/Qwen2-7B-Instruct,f2826a00ceef68f0f2b946d945ecc0477ce4450c,v2,2,Care,sampled,8,2.0,,nan,1,False,False,anchored,,,,,,,8,d02b48f484c9fd49,2
Qwen/Qwen2-7B-Instruct,f2826a00ceef68f0f2b946d945ecc0477ce4450c,v2,3,Care,sampled,8,3.0,,nan,1,False,False,anchored,,,,,,,8,e77c696dedb9b296,3
Qwen/Qwen2-7B-Instruct,f2826a00ceef68f0f2b946d945ecc0477ce4450c,v2,4,Care,sampled,8,3.0,,nan,1,False,False,anchored,,,,,,,8,dadf494a191d2f13,3
Qwen/Qwen2-7B-Instruct,f2826a00ceef68f0f2b946d945ecc0477ce4450c,v2,5,Care,sampled,8,3.0,,nan,1,False,False,anchored,,,,,,,8,0b9923ec57337d19,3
Qwen/Qwen2-7B-Instruct,f2826a00ceef68f0f2b946d945ecc0477ce4450c,v2,6,Care,sampled,8,2.0,,nan,1,False,False,anchored,,,,,,,8,790adece3c4da7ab,2
Qwen/Qwen2-7B-Instruct,f2826a00ceef68f0f2b946d945ecc0477ce4450c,v2,7,Care,sampled,8,4.0,,nan,1,False,False,anchored,,,,,,,8,345d14a786ab109a,4
Qwen/Qwen2-7B-Instruct,f2826a00ceef68f0f2b946d945ecc0477ce4450c,v2,8,Care,sampled,8,4.0,,nan,1,False,False,anchored,,,,,,,8,5be4a442bb5edd86,4
Qwen/Qwen2-7B-Instruct,f2826a00ceef68f0f2b946d945ecc0477ce4450c,v2,9,Care,sampled,8,3.0,,nan,1,False,False,anchored,,,,,,,8,e7ce26205a7890a7,3
Qwen/Qwen2-7B-Instruct,f2826a00ceef68f0f2b946d945ecc0477ce4450c,v2,10,Care,sampled,8,4.0,,nan,1,False,False,anchored,,,,,,,8,7373d2cc4d2c27d7,4
Qwen/Qwen2-7B-Instruct,f2826a00ceef68f0f2b946d945ecc0477ce4450c,v2,11,Care,sampled,8,4.0,,nan,1,False,False,anchored,,,,,,,8,15c66492ec351920,4
Qwen/Qwen2-7B-Instruct,f2826a00ceef68f0f2b946d945ecc0477ce4450c,v2,12,Care,sampled,8,4.0,,nan,1,False,False,anchored,,,,,,,8,96a5e8d58cc271a5,4
Qwen/Qwen2-7B-Instruct,f2826a00ceef68f0f2b946d945ecc0477ce4450c,v2,13,Care,sampled,8,2.0,,nan,1,False,False,anchored,,,,,,,8,385dff2177d66657,2
Qwen/Qwen2-7B-Instruct,f2826a00ceef68f0f2b946d945ecc0477ce4450c,v2,14,Care,sampled,8,2.0,,nan,1,False,False,anchored,,,,,,,8,bbb67b2a11cd6d48,2
Qwen/Qwen2-7B-Instruct,f2826a00ceef68f0f2b946d945ecc0477ce4450c,v2,15,Care,sampled,8,2.0,,nan,1,False,False,anchored,,,,,,,8,b5ac1afe2446645a,2
Qwen/Qwen2-7B-Instruct,f2826a00ceef68f0f2b946d945ecc0477ce4450c,v2,16,Care,sampled,8,2.0,,nan,1,False,False,anchored,,,,,,,8,74dd84997245ee1f,2
Qwen/Qwen2-7B-Instruct,f2826a00ceef68f0f2b946d945ecc0477ce4450c,v2,17,Fairness,sampled,8,4.0,,nan,1,False,False,anchored,,,,,,,8,081bbdeb27c9d9ba,4
Qwen/Qwen2-7B-Instruct,f2826a00ceef68f0f2b946d945ecc0477ce4450c,v2,18,Fairness,sampled,8,3.0,,nan,1,False,False,anchored,,,,,,,8,8f864c44ad7b8898,3
Qwen/Qwen2-7B-Instruct,f2826a00ceef68f0f2b946d945ecc0477ce4450c,v2,19,Fairness,sampled,8,3.0,,nan,1,False,False,anchored,,,,,,,8,c3b9a40c082b9de1,3
Qwen/Qwen2-7B-Instruct,f2826a00ceef68f0f2b946d945ecc0477ce4450c,v2,20,Fairness,sampled,8,2.0,,nan,1,False,False,anchored,,,,,,,8,3918ce1d488b140f,2
Qwen/Qwen2-7B-Instruct,f2826a00ceef68f0f2b946d945ecc0477ce4450c,v2,21,Fairness,sampled,8,4.0,,nan,1,False,False,anchored,,,,,,,8,e7dbcc1c43407f04,4
Qwen/Qwen2-7B-Instruct,f2826a00ceef68f0f2b946d945ecc0477ce4450c,v2,22,Fairness,sampled,8,4.0,,nan,1,False,False,anchored,,,,,,,8,c11a4afee3b09914,4
Qwen/Qwen2-7B-Instruct,f2826a00ceef68f0f2b946d945ecc0477ce4450c,v2,23,Fairness,sampled,8,4.0,,nan,1,False,False,anchored,,,,,,,8,4db4f9d71823acc3,4
Qwen/Qwen2-7B-Instruct,f2826a00ceef68f0f2b946d945ecc0477ce4450c,v2,24,Fairness,sampled,8,3.0,,nan,1,False,False,anchored,,,,,,,8,42f0ae82fc584562,3
Qwen/Qwen2-7B-Instruct,f2826a00ceef68f0f2b946d945ecc0477ce4450c,v2,25,Fairness,sampled,8,4.0,,nan,1,False,False,anchored,,,,,,,8,6f98b76fa9e2e97c,4
Qwen/Qwen2-7B-Instruct,f2826a00ceef68f0f2b946d945ecc0477ce4450c,v2,26,Fairness,sampled,8,4.0,,nan,1,False,False,anchored,,,,,,,8,1aee3ca950d4a6e4,4
Qwen/Qwen2-7B-Instruct,f2826a00ceef68f0f2b946d945ecc0477ce4450c,v2,27,Fairness,sampled,8,4.0,,nan,1,False,False,anchored,,,,,,,8,ade18057e1400d65,4
Qwen/Qwen2-7B-Instruct,f2826a00ceef68f0f2b946d945ecc0477ce4450c,v2,28,Fairness,sampled,8,4.0,,nan,1,False,False,anchored,,,,,,,8,b4e9ce6e709fa91c,4
Qwen/Qwen2-7B-Instruct,f2826a00ceef68f0f2b946d945ecc0477ce4450c,v2,29,Fairness,sampled,8,3.0,,nan,1,False,False,anchored,,,,,,,8,da64ef21624e20a9,3
Qwen/Qwen2-7B-Instruct,f2826a00ceef68f0f2b946d945ecc0477ce4450c,v2,30,Fairness,sampled,8,4.0,,nan,1,False,False,anchored,,,,,,,8,d620d38d7aa1adbc,4
Qwen/Qwen2-7B-Instruct,f2826a00ceef68f0f2b946d945ecc0477ce4450c,v2,31,Fairness,sampled,8,4.0,,nan,1,False,False,anchored,,,,,,,8,f7db8614c705ed1c,4
Qwen/Qwen2-7B-Instruct,f2826a00ceef68f0f2b946d945ecc0477ce4450c,v2,32,Fairness,sampled,8,2.0,,nan,1,False,False,anchored,,,,,,,8,e7e9b34bb6f8c18c,2
Qwen/Qwen2-7B-Instruct,f2826a00ceef68f0f2b946d945ecc0477ce4450c,v2,33,Fairness,sampled,8,3.0,,nan,1,False,False,anchored,,,,,,,8,686a1b3efdf36cd5,3
Qwen/Qwen2-7B-Instruct,f2826a00ceef68f0f2b946d945ecc0477ce4450c,v2,34,Loyalty,sampled,8,3.0,,nan,1,False,False,anchored,,,,,,,8,ef54c6e33f2da7e9,3
Qwen/Qwen2-7B-Instruct,f2826a00ceef68f0f2b946d945ecc0477ce4450c,v2,35,Loyalty,sampled,8,2.0,,nan,1,False,False,anchored,,,,,,,8,02880fca6e34aaaa,2
Qwen/Qwen2-7B-Instruct,f2826a00ceef68f0f2b946d945ecc0477ce4450c,v2,36,Loyalty,sampled,8,2.0,,nan,1,False,False,anchored,,,,,,,8,42b153f9fbe3be60,2
Qwen/Qwen2-7B-Instruct,f2826a00ceef68f0f2b946d945ecc0477ce4450c,v2,37,Loyalty,sampled,8,2.0,,nan,1,False,False,anchored,,,,,,,8,84ff0e137301f2f2,2
Qwen/Qwen2-7B-Instruct,f2826a00ceef68f0f2b946d945ecc0477ce4450c,v2,38,Loyalty,sampled,8,2.0,,nan,1,False,False,anchored,,,,,,,8,220698348b66d31a,2
Qwen/Qwen2-7B-Instruct,f2826a00ceef68f0f2b946d945ecc0477ce4450c,v2,39,Loyalty,sampled,8,2.0,,nan,1,False,False,anchored,,,,,,,8,a141394d2c6be3ad,2
Qwen/Qwen2-7B-Instruct,f2826a00ceef68f0f2b946d945ecc0477ce4450c,v2,40,Loyalty,sampled,8,2.0,,nan,1,False,False,anchored,,,,,,,8,b337bd83fa8dd03d,2
Qwen/Qwen2-7B-Instruct,f2826a00ceef68f0f2b946d945ecc0477ce4450c,v2,41,Loyalty,sampled,8,3.0,,nan,1,False,False,anchored,,,,,,,8,f33d6d702f709ab0,3
Qwen/Qwen2-7B-Instruct,f2826a00ceef68f0f2b946d945ecc0477ce4450c,v2,42,Loyalty,sampled,8,3.0,,nan,1,False,False,anchored,,,,,,,8,3c48ae06d95915d3,3
Qwen/Qwen2-7B-Instruct,f2826a00ceef68f0f2b946d945ecc0477ce4450c,v2,43,Loyalty,sampled,8,4.0,,nan,1,False,False,anchored,,,,,,,8,48ff0275c29b6f30,4
Qwen/Qwen2-7B-Instruct,f2826a00ceef68f0f2b946d945ecc0477ce4450c,v2,44,Loyalty,sampled,8,2.0,,nan,1,False,False,anchored,,,,,,,8,16d72da194af7ef1,2
Qwen/Qwen2-7B-Instruct,f2826a00ceef68f0f2b946d945ecc0477ce4450c,v2,45,Loyalty,sampled,8,4.0,,nan,1,False,False,anchored,,,,,,,8,66b48ba1e5e5a678,4
Qwen/Qwen2-7B-Instruct,f2826a00ceef68f0f2b946d945ecc0477ce4450c,v2,46,Loyalty,sampled,8,3.0,,nan,1,False,False,anchored,,,,,,,8,180b0dc07534cdef,3
Qwen/Qwen2-7B-Instruct,f2826a00ceef68f0f2b946d945ecc0477ce4450c,v2,47,Loyalty,sampled,8,3.0,,nan,1,False,False,anchored,,,,,,,8,a1f45249f0baea0e,3
Qwen/Qwen2-7B-Instruct,f2826a00ceef68f0f2b946d945ecc0477ce4450c,v2,48,Loyalty,sampled,8,2.0,,nan,1,False,False,anchored,,,,,,,8,152b7cacef3b9c1a,2
Qwen/Qwen2-7B-Instruct,f2826a00ceef68f0f2b946d945ecc0477ce4450c,v2,49,Loyalty,sampled,8,2.0,,nan,1,False,False,anchored,,,,,,,8,715ebfd1e999cc39,2
Qwen/Qwen2-7B-Instruct,f2826a00ceef68f0f2b946d945ecc0477ce4450c,v2,50,Authority,sampled,8,3.0,,nan,1,False,False,anchored,,,,,,,8,8abcaf4cca16f190,3
Qwen/Qwen2-7B-Instruct,f2826a00ceef68f0f2b946d945ecc0477ce4450c,v2,51,Authority,sampled,8,2.0,,nan,1,False,False,anchored,,,,,,,8,7b584e434c7e6b4e,2
Qwen/Qwen2-7B-Instruct,f2826a00ceef68f0f2b946d945ecc0477ce4450c,v2,52,Authority,sampled,8,2.0,,nan,1,False,False,anchored,,,,,,,8,55ab7d0788e63dd3,2
Qwen/Qwen2-7B-Instruct,f2826a00ceef68f0f2b946d945ecc0477ce4450c,v2,53,Authority,sampled,8,3.0,,nan,1,False,False,anchored,,,,,,,8,dbcc2789be90b8fd,3
Qwen/Qwen2-7B-Instruct,f2826a00ceef68f0f2b946d945ecc0477ce4450c,v2,54,Authority,sampled,8,2.0,,nan,1,False,False,anchored,,,,,,,8,0001accf3401fdda,2
Qwen/Qwen2-7B-Instruct,f2826a00ceef68f0f2b946d945ecc0477ce4450c,v2,55,Authority,sampled,8,3.0,,nan,1,False,False,anchored,,,,,,,8,56034e346a4ce822,3
Qwen/Qwen2-7B-Instruct,f2826a00ceef68f0f2b946d945ecc0477ce4450c,v2,56,Authority,sampled,8,3.0,,nan,1,False,False,anchored,,,,,,,8,7657ec778a329844,3
Qwen/Qwen2-7B-Instruct,f2826a00ceef68f0f2b946d945ecc0477ce4450c,v2,57,Authority,sampled,8,3.0,,nan,1,False,False,anchored,,,,,,,8,1b15795fb3577378,3
Qwen/Qwen2-7B-Instruct,f2826a00ceef68f0f2b946d945ecc0477ce4450c,v2,58,Authority,sampled,8,3.0,,nan,1,False,False,anchored,,,,,,,8,d87d948546b88df6,3
Qwen/Qwen2-7B-Instruct,f2826a00ceef68f0f2b946d945ecc0477ce4450c,v2,59,Authority,sampled,8,4.0,,nan,1,False,False,anchored,,,,,,,8,4f69934a0b664d29,4
Qwen/Qwen2-7B-Instruct,f2826a00ceef68f0f2b946d945ecc0477ce4450c,v2,60,Authority,sampled,8,3.0,,nan,1,False,False,anchored,,,,,,,8,18fdedf1fc10cee7,3
Qwen/Qwen2-7B-Instruct,f2826a00ceef68f0f2b946d945ecc0477ce4450c,v2,61,Authority,sampled,8,2.0,,nan,1,False,False,anchored,,,,,,,8,9622649cb856cb11,2
Qwen/Qwen2-7B-Instruct,f2826a00ceef68f0f2b946d945ecc0477ce4450c,v2,62,Authority,sampled,8,3.0,,nan,1,False,False,anchored,,,,,,,8,70a2e213b3fc2bd3,3
Qwen/Qwen2-7B-Instruct,f2826a00ceef68f0f2b946d945ecc0477ce4450c,v2,63,Authority,sampled,8,3.0,,nan,1,False,False,anchored,,,,,,,8,137a8ba32cf6e17d,3
Qwen/Qwen2-7B-Instruct,f2826a00ceef68f0f2b946d945ecc0477ce4450c,v2,64,Authority,sampled,8,3.0,,nan,1,False,False,anchored,,,,,,,8,02444589de858800,3
Qwen/Qwen2-7B-Instruct,f2826a00ceef68f0f2b946d945ecc0477ce4450c,v2,65,Authority,sampled,8,2.0,,nan,1,False,False,anchored,,,,,,,8,0a7d30ef4bd9ad06,2
Qwen/Qwen2-7B-Instruct,f2826a00ceef68f0f2b946d945ecc0477ce4450c,v2,66,Authority,sampled,8,2.0,,nan,1,False,False,anchored,,,,,,,8,1d7b6c98cee0975b,2
Qwen/Qwen2-7B-Instruct,f2826a00ceef68f0f2b946d945ecc0477ce4450c,v2,67,Sanctity,sampled,8,4.0,,nan,1,False,False,anchored,,,,,,,8,9d8258d9a3f08736,4
Qwen/Qwen2-7B-Instruct,f2826a00ceef68f0f2b946d945ecc0477ce4450c,v2,68,Sanctity,sampled,8,4.0,,nan,1,False,False,anchored,,,,,,,8,48ff1f9e23b1b51c,4
Qwen/Qwen2-7B-Instruct,f2826a00ceef68f0f2b946d945ecc0477ce4450c,v2,69,Sanctity,sampled,8,4.0,,nan,1,False,False,anchored,,,,,,,8,583bb015eeaf3187,4
Qwen/Qwen2-7B-Instruct,f2826a00ceef68f0f2b946d945ecc0477ce4450c,v2,70,Sanctity,sampled,8,4.0,,nan,1,False,False,anchored,,,,,,,8,dfd495d4f718f08e,4
Qwen/Qwen2-7B-Instruct,f2826a00ceef68f0f2b946d945ecc0477ce4450c,v2,71,Sanctity,sampled,8,4.0,,nan,1,False,False,anchored,,,,,,,8,f3798504cc679afc,4
Qwen/Qwen2-7B-Instruct,f2826a00ceef68f0f2b946d945ecc0477ce4450c,v2,72,Sanctity,sampled,8,4.0,,nan,1,False,False,anchored,,,,,,,8,6d9364b37fef2993,4
Qwen/Qwen2-7B-Instruct,f2826a00ceef68f0f2b946d945ecc0477ce4450c,v2,73,Sanctity,sampled,8,4.0,,nan,1,False,False,anchored,,,,,,,8,623b6cdfcfd1d445,4
Qwen/Qwen2-7B-Instruct,f2826a00ceef68f0f2b946d945ecc0477ce4450c,v2,74,Sanctity,sampled,8,4.0,,nan,1,False,False,anchored,,,,,,,8,6c45351c30bed00e,4
Qwen/Qwen2-7B-Instruct,f2826a00ceef68f0f2b946d945ecc0477ce4450c,v2,75,Sanctity,sampled,8,2.0,,nan,1,False,False,anchored,,,,,,,8,1dd9fe930bd12326,2
Qwen/Qwen2-7B-Instruct,f2826a00ceef68f0f2b946d945ecc0477ce4450c,v2,76,Sanctity,sampled,8,4.0,,nan,1,False,False,anchored,,,,,,,8,801ebe9704a735d2,4
Qwen/Qwen2-7B-Instruct,f2826a00ceef68f0f2b946d945ecc0477ce4450c,v2,77,Sanctity,sampled,8,4.0,,nan,1,False,False,anchored,,,,,,,8,023ac6d935c90b33,4
Qwen/Qwen2-7B-Instruct,f2826a00ceef68f0f2b946d945ecc0477ce4450c,v2,78,Sanctity,sampled,8,4.0,,nan,1,False,False,anchored,,,,,,,8,00991bef33387a02,4
Qwen/Qwen2-7B-Instruct,f2826a00ceef68f0f2b946d945ecc0477ce4450c,v2,79,Sanctity,sampled,8,2.0,,nan,1,False,False,anchored,,,,,,,8,2e94672c5bafb988,2
Qwen/Qwen2-7B-Instruct,f2826a00ceef68f0f2b946d945ecc0477ce4450c,v2,80,Sanctity,sampled,8,4.0,,nan,1,False,False,anchored,,,,,,,8,8854940b70cc4c49,4
Qwen/Qwen2-7B-Instruct,f2826a00ceef68f0f2b946d945ecc0477ce4450c,v2,81,Sanctity,sampled,8,2.0,,nan,1,False,False,anchored,,,,,,,8,89e48a6bf1e12fcf,2
Qwen/Qwen2-7B-Instruct,f2826a00ceef68f0f2b946d945ecc0477ce4450c,v2,82,Sanctity,sampled,8,2.0,,nan,1,False,False,anchored,,,,,,,8,0b435b2c16481968,2
Qwen/Qwen2-7B-Instruct,f2826a00ceef68f0f2b946d945ecc0477ce4450c,v2,83,Sanctity,sampled,8,2.0,,nan,1,False,False,anchored,,,,,,,8,bc6cf192427e33c8,2
Qwen/Qwen2-7B-Instruct,f2826a00ceef68f0f2b946d945ecc0477ce4450c,v2,84,Liberty,sampled,8,3.0,,nan,1,False,False,anchored,,,,,,,8,b1b3854e860d9100,3
Qwen/Qwen2-7B-Instruct,f2826a00ceef68f0f2b946d945ecc0477ce4450c,v2,85,Liberty,sampled,8,2.0,,nan,1,False,False,anchored,,,,,,,8,ce20ab84270640b1,2
Qwen/Qwen2-7B-Instruct,f2826a00ceef68f0f2b946d945ecc0477ce4450c,v2,86,Liberty,sampled,8,4.0,,nan,1,False,False,anchored,,,,,,,8,da0d9dddb434135b,4
Qwen/Qwen2-7B-Instruct,f2826a00ceef68f0f2b946d945ecc0477ce4450c,v2,87,Liberty,sampled,8,4.0,,nan,1,False,False,anchored,,,,,,,8,119473ab47a18690,4
Qwen/Qwen2-7B-Instruct,f2826a00ceef68f0f2b946d945ecc0477ce4450c,v2,88,Liberty,sampled,8,3.0,,nan,1,False,False,anchored,,,,,,,8,0b2ffc0615e5d071,3
Qwen/Qwen2-7B-Instruct,f2826a00ceef68f0f2b946d945ecc0477ce4450c,v2,89,Liberty,sampled,8,2.0,,nan,1,False,False,anchored,,,,,,,8,51e5131d1ecdf088,2
Qwen/Qwen2-7B-Instruct,f2826a00ceef68f0f2b946d945ecc0477ce4450c,v2,90,Liberty,sampled,8,4.0,,nan,1,False,False,anchored,,,,,,,8,a360e93e7fa1d757,4
Qwen/Qwen2-7B-Instruct,f2826a00ceef68f0f2b946d945ecc0477ce4450c,v2,91,Liberty,sampled,8,4.0,,nan,1,False,False,anchored,,,,,,,8,704961020f5ea07d,4
Qwen/Qwen2-7B-Instruct,f2826a00ceef68f0f2b946d945ecc0477ce4450c,v2,92,Liberty,sampled,8,4.0,,nan,1,False,False,anchored,,,,,,,8,8fd2dde7d322fcd7,4
Qwen/Qwen2-7B-Instruct,f2826a00ceef68f0f2b946d945ecc0477ce4450c,v2,93,Liberty,sampled,8,2.0,,nan,1,False,False,anchored,,,,,,,8,2da496a5ce96df9d,2
Qwen/Qwen2-7B-Instruct,f2826a00ceef68f0f2b946d945ecc0477ce4450c,v2,94,Liberty,sampled,8,3.0,,nan,1,False,False,anchored,,,,,,,8,9493b30ead7f5a0f,3
Qwen/Qwen2-7B-Instruct,f2826a00ceef68f0f2b946d945ecc0477ce4450c,v2,95,Liberty,sampled,8,3.0,,nan,1,False,False,anchored,,,,,,,8,1a684fcadd9e89cf,3
Qwen/Qwen2-7B-Instruct,f2826a00ceef68f0f2b946d945ecc0477ce4450c,v2,96,Liberty,sampled,8,2.0,,nan,1,False,False,anchored,,,,,,,8,752a1c71fc01a52e,2
Qwen/Qwen2-7B-Instruct,f2826a00ceef68f0f2b946d945ecc0477ce4450c,v2,97,Liberty,sampled,8,2.0,,nan,1,False,False,anchored,,,,,,,8,78236a325230bb93,2
Qwen/Qwen2-7B-Instruct,f2826a00ceef68f0f2b946d945ecc0477ce4450c,v2,98,Liberty,sampled,8,4.0,,nan,1,False,False,anchored,,,,,,,8,24d9d1d954c03c7a,4
Qwen/Qwen2-7B-Instruct,f2826a00ceef68f0f2b946d945ecc0477ce4450c,v2,99,Liberty,sampled,8,4.0,,nan,1,False,False,anchored,,,,,,,8,18987dfee8219602,4
Qwen/Qwen2-7B-Instruct,f2826a00ceef68f0f2b946d945ecc0477ce4450c,v2,100,Liberty,sampled,8,2.0,,nan,1,False,False,anchored,,,,,,,8,cb73f032e5c256e6,2
Qwen/Qwen2-7B-Instruct,f2826a00ceef68f0f2b946d945ecc0477ce4450c,v2,101,Social Norms,sampled,8,2.0,,nan,1,False,False,anchored,,,,,,,8,d73b029f99fc7b91,2
Qwen/Qwen2-7B-Instruct,f2826a00ceef68f0f2b946d945ecc0477ce4450c,v2,102,Social Norms,sampled,8,0.0,,nan,1,False,False,anchored,,,,,,,8,c7662e365cd22eec,0
Qwen/Qwen2-7B-Instruct,f2826a00ceef68f0f2b946d945ecc0477ce4450c,v2,103,Social Norms,sampled,8,2.0,,nan,1,False,False,anchored,,,,,,,8,aee8740edc980e2d,2
Qwen/Qwen2-7B-Instruct,f2826a00ceef68f0f2b946d945ecc0477ce4450c,v2,104,Social Norms,sampled,8,2.0,,nan,1,False,False,anchored,,,,,,,8,ae37a93ce11002ed,2
Qwen/Qwen2-7B-Instruct,f2826a00ceef68f0f2b946d945ecc0477ce4450c,v2,105,Social Norms,sampled,8,2.0,,nan,1,False,False,anchored,,,,,,,8,594111d68b18945e,2
Qwen/Qwen2-7B-Instruct,f2826a00ceef68f0f2b946d945ecc0477ce4450c,v2,106,Social Norms,sampled,8,2.0,,nan,1,False,False,anchored,,,,,,,8,2fdb8be96f275ac2,2
Qwen/Qwen2-7B-Instruct,f2826a00ceef68f0f2b946d945ecc0477ce4450c,v2,107,Social Norms,sampled,8,2.0,,nan,1,False,False,anchored,,,,,,,8,24edf6f925d94f05,2
Qwen/Qwen2-7B-Instruct,f2826a00ceef68f0f2b946d945ecc0477ce4450c,v2,108,Social Norms,sampled,8,1.0,,nan,1,False,False,anchored,,,,,,,8,27715cd283df48a0,1
Qwen/Qwen2-7B-Instruct,f2826a00ceef68f0f2b946d945ecc0477ce4450c,v2,109,Social Norms,sampled,8,2.0,,nan,1,False,False,anchored,,,,,,,8,dcfc113a808c1bdb,2
Qwen/Qwen2-7B-Instruct,f2826a00ceef68f0f2b946d945ecc0477ce4450c,v2,110,Social Norms,sampled,8,2.0,,nan,1,False,False,anchored,,,,,,,8,f1c0bc960d5937e3,2
Qwen/Qwen2-7B-Instruct,f2826a00ceef68f0f2b946d945ecc0477ce4450c,v2,111,Social Norms,sampled,8,1.0,,nan,1,False,False,anchored,,,,,,,8,89c0909c0739fffa,1
Qwen/Qwen2-7B-Instruct,f2826a00ceef68f0f2b946d945ecc0477ce4450c,v2,112,Social Norms,sampled,8,2.0,,nan,1,False,False,anchored,,,,,,,8,8dfc7fd7354cb2e9,2
Qwen/Qwen2-7B-Instruct,f2826a00ceef68f0f2b946d945ecc0477ce4450c,v2,113,Social Norms,sampled,8,0.0,,nan,1,False,False,anchored,,,,,,,8,b3482461ba269d3e,0
Qwen/Qwen2-7B-Instruct,f2826a00ceef68f0f2b946d945ecc0477ce4450c,v2,114,Social Norms,sampled,8,2.0,,nan,1,False,False,anchored,,,,,,,8,f60f43d43dc45aa2,2
Qwen/Qwen2-7B-Instruct,f2826a00ceef68f0f2b946d945ecc0477ce4450c,v2,115,Social Norms,sampled,8,0.0,,nan,1,False,False,anchored,,,,,,,8,db10559161b3c6fc,0
Qwen/Qwen2-7B-Instruct,f2826a00ceef68f0f2b946d945ecc0477ce4450c,v2,116,Social Norms,sampled,8,1.0,,nan,1,False,False,anchored,,,,,,,8,20d4044e0980b5e9,1
Qwen/Qwen2-7B-Instruct,f2826a00ceef68f0f2b946d945ecc0477ce4450c,v2,1,Care,sampled,9,4.0,,nan,1,False,False,anchored,,,,,,,9,add09e54f847dca8,4
Qwen/Qwen2-7B-Instruct,f2826a00ceef68f0f2b946d945ecc0477ce4450c,v2,2,Care,sampled,9,3.0,,nan,1,False,False,anchored,,,,,,,9,d02b48f484c9fd49,3
Qwen/Qwen2-7B-Instruct,f2826a00ceef68f0f2b946d945ecc0477ce4450c,v2,3,Care,sampled,9,4.0,,nan,1,False,False,anchored,,,,,,,9,e77c696dedb9b296,4
Qwen/Qwen2-7B-Instruct,f2826a00ceef68f0f2b946d945ecc0477ce4450c,v2,4,Care,sampled,9,3.0,,nan,1,False,False,anchored,,,,,,,9,dadf494a191d2f13,3
Qwen/Qwen2-7B-Instruct,f2826a00ceef68f0f2b946d945ecc0477ce4450c,v2,5,Care,sampled,9,4.0,,nan,1,False,False,anchored,,,,,,,9,0b9923ec57337d19,4
Qwen/Qwen2-7B-Instruct,f2826a00ceef68f0f2b946d945ecc0477ce4450c,v2,6,Care,sampled,9,2.0,,nan,1,False,False,anchored,,,,,,,9,790adece3c4da7ab,2
Qwen/Qwen2-7B-Instruct,f2826a00ceef68f0f2b946d945ecc0477ce4450c,v2,7,Care,sampled,9,4.0,,nan,1,False,False,anchored,,,,,,,9,345d14a786ab109a,4
Qwen/Qwen2-7B-Instruct,f2826a00ceef68f0f2b946d945ecc0477ce4450c,v2,8,Care,sampled,9,4.0,,nan,1,False,False,anchored,,,,,,,9,5be4a442bb5edd86,4
Qwen/Qwen2-7B-Instruct,f2826a00ceef68f0f2b946d945ecc0477ce4450c,v2,9,Care,sampled,9,3.0,,nan,1,False,False,anchored,,,,,,,9,e7ce26205a7890a7,3
Qwen/Qwen2-7B-Instruct,f2826a00ceef68f0f2b946d945ecc0477ce4450c,v2,10,Care,sampled,9,4.0,,nan,1,False,False,anchored,,,,,,,9,7373d2cc4d2c27d7,4
Qwen/Qwen2-7B-Instruct,f2826a00ceef68f0f2b946d945ecc0477ce4450c,v2,11,Care,sampled,9,4.0,,nan,1,False,False,anchored,,,,,,,9,15c66492ec351920,4
Qwen/Qwen2-7B-Instruct,f2826a00ceef68f0f2b946d945ecc0477ce4450c,v2,12,Care,sampled,9,3.0,,nan,1,False,False,anchored,,,,,,,9,96a5e8d58cc271a5,3
Qwen/Qwen2-7B-Instruct,f2826a00ceef68f0f2b946d945ecc0477ce4450c,v2,13,Care,sampled,9,2.0,,nan,1,False,False,anchored,,,,,,,9,385dff2177d66657,2
Qwen/Qwen2-7B-Instruct,f2826a00ceef68f0f2b946d945ecc0477ce4450c,v2,14,Care,sampled,9,3.0,,nan,1,False,False,anchored,,,,,,,9,bbb67b2a11cd6d48,3
Qwen/Qwen2-7B-Instruct,f2826a00ceef68f0f2b946d945ecc0477ce4450c,v2,15,Care,sampled,9,2.0,,nan,1,False,False,anchored,,,,,,,9,b5ac1afe2446645a,2
Qwen/Qwen2-7B-Instruct,f2826a00ceef68f0f2b946d945ecc0477ce4450c,v2,16,Care,sampled,9,2.0,,nan,1,False,False,anchored,,,,,,,9,74dd84997245ee1f,2
Qwen/Qwen2-7B-Instruct,f2826a00ceef68f0f2b946d945ecc0477ce4450c,v2,17,Fairness,sampled,9,4.0,,nan,1,False,False,anchored,,,,,,,9,081bbdeb27c9d9ba,4
Qwen/Qwen2-7B-Instruct,f2826a00ceef68f0f2b946d945ecc0477ce4450c,v2,18,Fairness,sampled,9,3.0,,nan,1,False,False,anchored,,,,,,,9,8f864c44ad7b8898,3
Qwen/Qwen2-7B-Instruct,f2826a00ceef68f0f2b946d945ecc0477ce4450c,v2,19,Fairness,sampled,9,3.0,,nan,1,False,False,anchored,,,,,,,9,c3b9a40c082b9de1,3
Qwen/Qwen2-7B-Instruct,f2826a00ceef68f0f2b946d945ecc0477ce4450c,v2,20,Fairness,sampled,9,2.0,,nan,1,False,False,anchored,,,,,,,9,3918ce1d488b140f,2
Qwen/Qwen2-7B-Instruct,f2826a00ceef68f0f2b946d945ecc0477ce4450c,v2,21,Fairness,sampled,9,3.0,,nan,1,False,False,anchored,,,,,,,9,e7dbcc1c43407f04,3
Qwen/Qwen2-7B-Instruct,f2826a00ceef68f0f2b946d945ecc0477ce4450c,v2,22,Fairness,sampled,9,4.0,,nan,1,False,False,anchored,,,,,,,9,c11a4afee3b09914,4
Qwen/Qwen2-7B-Instruct,f2826a00ceef68f0f2b946d945ecc0477ce4450c,v2,23,Fairness,sampled,9,4.0,,nan,1,False,False,anchored,,,,,,,9,4db4f9d71823acc3,4
Qwen/Qwen2-7B-Instruct,f2826a00ceef68f0f2b946d945ecc0477ce4450c,v2,24,Fairness,sampled,9,3.0,,nan,1,False,False,anchored,,,,,,,9,42f0ae82fc584562,3
Qwen/Qwen2-7B-Instruct,f2826a00ceef68f0f2b946d945ecc0477ce4450c,v2,25,Fairness,sampled,9,4.0,,nan,1,False,False,anchored,,,,,,,9,6f98b76fa9e2e97c,4
Qwen/Qwen2-7B-Instruct,f2826a00ceef68f0f2b946d945ecc0477ce4450c,v2,26,Fairness,sampled,9,3.0,,nan,1,False,False,anchored,,,,,,,9,1aee3ca950d4a6e4,3
Qwen/Qwen2-7B-Instruct,f2826a00ceef68f0f2b946d945ecc0477ce4450c,v2,27,Fairness,sampled,9,3.0,,nan,1,False,False,anchored,,,,,,,9,ade18057e1400d65,3
Qwen/Qwen2-7B-Instruct,f2826a00ceef68f0f2b946d945ecc0477ce4450c,v2,28,Fairness,sampled,9,4.0,,nan,1,False,False,anchored,,,,,,,9,b4e9ce6e709fa91c,4
Qwen/Qwen2-7B-Instruct,f2826a00ceef68f0f2b946d945ecc0477ce4450c,v2,29,Fairness,sampled,9,2.0,,nan,1,False,False,anchored,,,,,,,9,da64ef21624e20a9,2
Qwen/Qwen2-7B-Instruct,f2826a00ceef68f0f2b946d945ecc0477ce4450c,v2,30,Fairness,sampled,9,3.0,,nan,1,False,False,anchored,,,,,,,9,d620d38d7aa1adbc,3
Qwen/Qwen2-7B-Instruct,f2826a00ceef68f0f2b946d945ecc0477ce4450c,v2,31,Fairness,sampled,9,4.0,,nan,1,False,False,anchored,,,,,,,9,f7db8614c705ed1c,4
Qwen/Qwen2-7B-Instruct,f2826a00ceef68f0f2b946d945ecc0477ce4450c,v2,32,Fairness,sampled,9,2.0,,nan,1,False,False,anchored,,,,,,,9,e7e9b34bb6f8c18c,2
Qwen/Qwen2-7B-Instruct,f2826a00ceef68f0f2b946d945ecc0477ce4450c,v2,33,Fairness,sampled,9,3.0,,nan,1,False,False,anchored,,,,,,,9,686a1b3efdf36cd5,3
Qwen/Qwen2-7B-Instruct,f2826a00ceef68f0f2b946d945ecc0477ce4450c,v2,34,Loyalty,sampled,9,3.0,,nan,1,False,False,anchored,,,,,,,9,ef54c6e33f2da7e9,3
Qwen/Qwen2-7B-Instruct,f2826a00ceef68f0f2b946d945ecc0477ce4450c,v2,35,Loyalty,sampled,9,2.0,,nan,1,False,False,anchored,,,,,,,9,02880fca6e34aaaa,2
Qwen/Qwen2-7B-Instruct,f2826a00ceef68f0f2b946d945ecc0477ce4450c,v2,36,Loyalty,sampled,9,2.0,,nan,1,False,False,anchored,,,,,,,9,42b153f9fbe3be60,2
Qwen/Qwen2-7B-Instruct,f2826a00ceef68f0f2b946d945ecc0477ce4450c,v2,37,Loyalty,sampled,9,3.0,,nan,1,False,False,anchored,,,,,,,9,84ff0e137301f2f2,3
Qwen/Qwen2-7B-Instruct,f2826a00ceef68f0f2b946d945ecc0477ce4450c,v2,38,Loyalty,sampled,9,3.0,,nan,1,False,False,anchored,,,,,,,9,220698348b66d31a,3
Qwen/Qwen2-7B-Instruct,f2826a00ceef68f0f2b946d945ecc0477ce4450c,v2,39,Loyalty,sampled,9,3.0,,nan,1,False,False,anchored,,,,,,,9,a141394d2c6be3ad,3
Qwen/Qwen2-7B-Instruct,f2826a00ceef68f0f2b946d945ecc0477ce4450c,v2,40,Loyalty,sampled,9,2.0,,nan,1,False,False,anchored,,,,,,,9,b337bd83fa8dd03d,2
Qwen/Qwen2-7B-Instruct,f2826a00ceef68f0f2b946d945ecc0477ce4450c,v2,41,Loyalty,sampled,9,3.0,,nan,1,False,False,anchored,,,,,,,9,f33d6d702f709ab0,3
Qwen/Qwen2-7B-Instruct,f2826a00ceef68f0f2b946d945ecc0477ce4450c,v2,42,Loyalty,sampled,9,3.0,,nan,1,False,False,anchored,,,,,,,9,3c48ae06d95915d3,3
Qwen/Qwen2-7B-Instruct,f2826a00ceef68f0f2b946d945ecc0477ce4450c,v2,43,Loyalty,sampled,9,4.0,,nan,1,False,False,anchored,,,,,,,9,48ff0275c29b6f30,4
Qwen/Qwen2-7B-Instruct,f2826a00ceef68f0f2b946d945ecc0477ce4450c,v2,44,Loyalty,sampled,9,2.0,,nan,1,False,False,anchored,,,,,,,9,16d72da194af7ef1,2
Qwen/Qwen2-7B-Instruct,f2826a00ceef68f0f2b946d945ecc0477ce4450c,v2,45,Loyalty,sampled,9,3.0,,nan,1,False,False,anchored,,,,,,,9,66b48ba1e5e5a678,3
Qwen/Qwen2-7B-Instruct,f2826a00ceef68f0f2b946d945ecc0477ce4450c,v2,46,Loyalty,sampled,9,3.0,,nan,1,False,False,anchored,,,,,,,9,180b0dc07534cdef,3
Qwen/Qwen2-7B-Instruct,f2826a00ceef68f0f2b946d945ecc0477ce4450c,v2,47,Loyalty,sampled,9,4.0,,nan,1,False,False,anchored,,,,,,,9,a1f45249f0baea0e,4
Qwen/Qwen2-7B-Instruct,f2826a00ceef68f0f2b946d945ecc0477ce4450c,v2,48,Loyalty,sampled,9,2.0,,nan,1,False,False,anchored,,,,,,,9,152b7cacef3b9c1a,2
Qwen/Qwen2-7B-Instruct,f2826a00ceef68f0f2b946d945ecc0477ce4450c,v2,49,Loyalty,sampled,9,2.0,,nan,1,False,False,anchored,,,,,,,9,715ebfd1e999cc39,2
Qwen/Qwen2-7B-Instruct,f2826a00ceef68f0f2b946d945ecc0477ce4450c,v2,50,Authority,sampled,9,3.0,,nan,1,False,False,anchored,,,,,,,9,8abcaf4cca16f190,3
Qwen/Qwen2-7B-Instruct,f2826a00ceef68f0f2b946d945ecc0477ce4450c,v2,51,Authority,sampled,9,3.0,,nan,1,False,False,anchored,,,,,,,9,7b584e434c7e6b4e,3
Qwen/Qwen2-7B-Instruct,f2826a00ceef68f0f2b946d945ecc0477ce4450c,v2,52,Authority,sampled,9,3.0,,nan,1,False,False,anchored,,,,,,,9,55ab7d0788e63dd3,3
Qwen/Qwen2-7B-Instruct,f2826a00ceef68f0f2b946d945ecc0477ce4450c,v2,53,Authority,sampled,9,3.0,,nan,1,False,False,anchored,,,,,,,9,dbcc2789be90b8fd,3
Qwen/Qwen2-7B-Instruct,f2826a00ceef68f0f2b946d945ecc0477ce4450c,v2,54,Authority,sampled,9,2.0,,nan,1,False,False,anchored,,,,,,,9,0001accf3401fdda,2
Qwen/Qwen2-7B-Instruct,f2826a00ceef68f0f2b946d945ecc0477ce4450c,v2,55,Authority,sampled,9,4.0,,nan,1,False,False,anchored,,,,,,,9,56034e346a4ce822,4
Qwen/Qwen2-7B-Instruct,f2826a00ceef68f0f2b946d945ecc0477ce4450c,v2,56,Authority,sampled,9,3.0,,nan,1,False,False,anchored,,,,,,,9,7657ec778a329844,3
Qwen/Qwen2-7B-Instruct,f2826a00ceef68f0f2b946d945ecc0477ce4450c,v2,57,Authority,sampled,9,3.0,,nan,1,False,False,anchored,,,,,,,9,1b15795fb3577378,3
Qwen/Qwen2-7B-Instruct,f2826a00ceef68f0f2b946d945ecc0477ce4450c,v2,58,Authority,sampled,9,3.0,,nan,1,False,False,anchored,,,,,,,9,d87d948546b88df6,3
Qwen/Qwen2-7B-Instruct,f2826a00ceef68f0f2b946d945ecc0477ce4450c,v2,59,Authority,sampled,9,3.0,,nan,1,False,False,anchored,,,,,,,9,4f69934a0b664d29,3
Qwen/Qwen2-7B-Instruct,f2826a00ceef68f0f2b946d945ecc0477ce4450c,v2,60,Authority,sampled,9,3.0,,nan,1,False,False,anchored,,,,,,,9,18fdedf1fc10cee7,3
Qwen/Qwen2-7B-Instruct,f2826a00ceef68f0f2b946d945ecc0477ce4450c,v2,61,Authority,sampled,9,2.0,,nan,1,False,False,anchored,,,,,,,9,9622649cb856cb11,2
Qwen/Qwen2-7B-Instruct,f2826a00ceef68f0f2b946d945ecc0477ce4450c,v2,62,Authority,sampled,9,3.0,,nan,1,False,False,anchored,,,,,,,9,70a2e213b3fc2bd3,3
Qwen/Qwen2-7B-Instruct,f2826a00ceef68f0f2b946d945ecc0477ce4450c,v2,63,Authority,sampled,9,3.0,,nan,1,False,False,anchored,,,,,,,9,137a8ba32cf6e17d,3
Qwen/Qwen2-7B-Instruct,f2826a00ceef68f0f2b946d945ecc0477ce4450c,v2,64,Authority,sampled,9,3.0,,nan,1,False,False,anchored,,,,,,,9,02444589de858800,3
Qwen/Qwen2-7B-Instruct,f2826a00ceef68f0f2b946d945ecc0477ce4450c,v2,65,Authority,sampled,9,2.0,,nan,1,False,False,anchored,,,,,,,9,0a7d30ef4bd9ad06,2
Qwen/Qwen2-7B-Instruct,f2826a00ceef68f0f2b946d945ecc0477ce4450c,v2,66,Authority,sampled,9,3.0,,nan,1,False,False,anchored,,,,,,,9,1d7b6c98cee0975b,3
Qwen/Qwen2-7B-Instruct,f2826a00ceef68f0f2b946d945ecc0477ce4450c,v2,67,Sanctity,sampled,9,4.0,,nan,1,False,False,anchored,,,,,,,9,9d8258d9a3f08736,4
Qwen/Qwen2-7B-Instruct,f2826a00ceef68f0f2b946d945ecc0477ce4450c,v2,68,Sanctity,sampled,9,3.0,,nan,1,False,False,anchored,,,,,,,9,48ff1f9e23b1b51c,3
Qwen/Qwen2-7B-Instruct,f2826a00ceef68f0f2b946d945ecc0477ce4450c,v2,69,Sanctity,sampled,9,4.0,,nan,1,False,False,anchored,,,,,,,9,583bb015eeaf3187,4
Qwen/Qwen2-7B-Instruct,f2826a00ceef68f0f2b946d945ecc0477ce4450c,v2,70,Sanctity,sampled,9,4.0,,nan,1,False,False,anchored,,,,,,,9,dfd495d4f718f08e,4
Qwen/Qwen2-7B-Instruct,f2826a00ceef68f0f2b946d945ecc0477ce4450c,v2,71,Sanctity,sampled,9,3.0,,nan,1,False,False,anchored,,,,,,,9,f3798504cc679afc,3
Qwen/Qwen2-7B-Instruct,f2826a00ceef68f0f2b946d945ecc0477ce4450c,v2,72,Sanctity,sampled,9,4.0,,nan,1,False,False,anchored,,,,,,,9,6d9364b37fef2993,4
Qwen/Qwen2-7B-Instruct,f2826a00ceef68f0f2b946d945ecc0477ce4450c,v2,73,Sanctity,sampled,9,4.0,,nan,1,False,False,anchored,,,,,,,9,623b6cdfcfd1d445,4
Qwen/Qwen2-7B-Instruct,f2826a00ceef68f0f2b946d945ecc0477ce4450c,v2,74,Sanctity,sampled,9,4.0,,nan,1,False,False,anchored,,,,,,,9,6c45351c30bed00e,4
Qwen/Qwen2-7B-Instruct,f2826a00ceef68f0f2b946d945ecc0477ce4450c,v2,75,Sanctity,sampled,9,2.0,,nan,1,False,False,anchored,,,,,,,9,1dd9fe930bd12326,2
Qwen/Qwen2-7B-Instruct,f2826a00ceef68f0f2b946d945ecc0477ce4450c,v2,76,Sanctity,sampled,9,4.0,,nan,1,False,False,anchored,,,,,,,9,801ebe9704a735d2,4
Qwen/Qwen2-7B-Instruct,f2826a00ceef68f0f2b946d945ecc0477ce4450c,v2,77,Sanctity,sampled,9,3.0,,nan,1,False,False,anchored,,,,,,,9,023ac6d935c90b33,3
Qwen/Qwen2-7B-Instruct,f2826a00ceef68f0f2b946d945ecc0477ce4450c,v2,78,Sanctity,sampled,9,3.0,,nan,1,False,False,anchored,,,,,,,9,00991bef33387a02,3
Qwen/Qwen2-7B-Instruct,f2826a00ceef68f0f2b946d945ecc0477ce4450c,v2,79,Sanctity,sampled,9,2.0,,nan,1,False,False,anchored,,,,,,,9,2e94672c5bafb988,2
Qwen/Qwen2-7B-Instruct,f2826a00ceef68f0f2b946d945ecc0477ce4450c,v2,80,Sanctity,sampled,9,4.0,,nan,1,False,False,anchored,,,,,,,9,8854940b70cc4c49,4
Qwen/Qwen2-7B-Instruct,f2826a00ceef68f0f2b946d945ecc0477ce4450c,v2,81,Sanctity,sampled,9,3.0,,nan,1,False,False,anchored,,,,,,,9,89e48a6bf1e12fcf,3
Qwen/Qwen2-7B-Instruct,f2826a00ceef68f0f2b946d945ecc0477ce4450c,v2,82,Sanctity,sampled,9,2.0,,nan,1,False,False,anchored,,,,,,,9,0b435b2c16481968,2
Qwen/Qwen2-7B-Instruct,f2826a00ceef68f0f2b946d945ecc0477ce4450c,v2,83,Sanctity,sampled,9,2.0,,nan,1,False,False,anchored,,,,,,,9,bc6cf192427e33c8,2
Qwen/Qwen2-7B-Instruct,f2826a00ceef68f0f2b946d945ecc0477ce4450c,v2,84,Liberty,sampled,9,3.0,,nan,1,False,False,anchored,,,,,,,9,b1b3854e860d9100,3
Qwen/Qwen2-7B-Instruct,f2826a00ceef68f0f2b946d945ecc0477ce4450c,v2,85,Liberty,sampled,9,2.0,,nan,1,False,False,anchored,,,,,,,9,ce20ab84270640b1,2
Qwen/Qwen2-7B-Instruct,f2826a00ceef68f0f2b946d945ecc0477ce4450c,v2,86,Liberty,sampled,9,4.0,,nan,1,False,False,anchored,,,,,,,9,da0d9dddb434135b,4
Qwen/Qwen2-7B-Instruct,f2826a00ceef68f0f2b946d945ecc0477ce4450c,v2,87,Liberty,sampled,9,4.0,,nan,1,False,False,anchored,,,,,,,9,119473ab47a18690,4
Qwen/Qwen2-7B-Instruct,f2826a00ceef68f0f2b946d945ecc0477ce4450c,v2,88,Liberty,sampled,9,3.0,,nan,1,False,False,anchored,,,,,,,9,0b2ffc0615e5d071,3
Qwen/Qwen2-7B-Instruct,f2826a00ceef68f0f2b946d945ecc0477ce4450c,v2,89,Liberty,sampled,9,2.0,,nan,1,False,False,anchored,,,,,,,9,51e5131d1ecdf088,2
Qwen/Qwen2-7B-Instruct,f2826a00ceef68f0f2b946d945ecc0477ce4450c,v2,90,Liberty,sampled,9,4.0,,nan,1,False,False,anchored,,,,,,,9,a360e93e7fa1d757,4
Qwen/Qwen2-7B-Instruct,f2826a00ceef68f0f2b946d945ecc0477ce4450c,v2,91,Liberty,sampled,9,4.0,,nan,1,False,False,anchored,,,,,,,9,704961020f5ea07d,4
Qwen/Qwen2-7B-Instruct,f2826a00ceef68f0f2b946d945ecc0477ce4450c,v2,92,Liberty,sampled,9,4.0,,nan,1,False,False,anchored,,,,,,,9,8fd2dde7d322fcd7,4
Qwen/Qwen2-7B-Instruct,f2826a00ceef68f0f2b946d945ecc0477ce4450c,v2,93,Liberty,sampled,9,2.0,,nan,1,False,False,anchored,,,,,,,9,2da496a5ce96df9d,2
Qwen/Qwen2-7B-Instruct,f2826a00ceef68f0f2b946d945ecc0477ce4450c,v2,94,Liberty,sampled,9,3.0,,nan,1,False,False,anchored,,,,,,,9,9493b30ead7f5a0f,3
Qwen/Qwen2-7B-Instruct,f2826a00ceef68f0f2b946d945ecc0477ce4450c,v2,95,Liberty,sampled,9,3.0,,nan,1,False,False,anchored,,,,,,,9,1a684fcadd9e89cf,3
Qwen/Qwen2-7B-Instruct,f2826a00ceef68f0f2b946d945ecc0477ce4450c,v2,96,Liberty,sampled,9,2.0,,nan,1,False,False,anchored,,,,,,,9,752a1c71fc01a52e,2
Qwen/Qwen2-7B-Instruct,f2826a00ceef68f0f2b946d945ecc0477ce4450c,v2,97,Liberty,sampled,9,2.0,,nan,1,False,False,anchored,,,,,,,9,78236a325230bb93,2
Qwen/Qwen2-7B-Instruct,f2826a00ceef68f0f2b946d945ecc0477ce4450c,v2,98,Liberty,sampled,9,4.0,,nan,1,False,False,anchored,,,,,,,9,24d9d1d954c03c7a,4
Qwen/Qwen2-7B-Instruct,f2826a00ceef68f0f2b946d945ecc0477ce4450c,v2,99,Liberty,sampled,9,4.0,,nan,1,False,False,anchored,,,,,,,9,18987dfee8219602,4
Qwen/Qwen2-7B-Instruct,f2826a00ceef68f0f2b946d945ecc0477ce4450c,v2,100,Liberty,sampled,9,3.0,,nan,1,False,False,anchored,,,,,,,9,cb73f032e5c256e6,3
Qwen/Qwen2-7B-Instruct,f2826a00ceef68f0f2b946d945ecc0477ce4450c,v2,101,Social Norms,sampled,9,2.0,,nan,1,False,False,anchored,,,,,,,9,d73b029f99fc7b91,2
Qwen/Qwen2-7B-Instruct,f2826a00ceef68f0f2b946d945ecc0477ce4450c,v2,102,Social Norms,sampled,9,2.0,,nan,1,False,False,anchored,,,,,,,9,c7662e365cd22eec,2
Qwen/Qwen2-7B-Instruct,f2826a00ceef68f0f2b946d945ecc0477ce4450c,v2,103,Social Norms,sampled,9,2.0,,nan,1,False,False,anchored,,,,,,,9,aee8740edc980e2d,2
Qwen/Qwen2-7B-Instruct,f2826a00ceef68f0f2b946d945ecc0477ce4450c,v2,104,Social Norms,sampled,9,2.0,,nan,1,False,False,anchored,,,,,,,9,ae37a93ce11002ed,2
Qwen/Qwen2-7B-Instruct,f2826a00ceef68f0f2b946d945ecc0477ce4450c,v2,105,Social Norms,sampled,9,2.0,,nan,1,False,False,anchored,,,,,,,9,594111d68b18945e,2
Qwen/Qwen2-7B-Instruct,f2826a00ceef68f0f2b946d945ecc0477ce4450c,v2,106,Social Norms,sampled,9,2.0,,nan,1,False,False,anchored,,,,,,,9,2fdb8be96f275ac2,2
Qwen/Qwen2-7B-Instruct,f2826a00ceef68f0f2b946d945ecc0477ce4450c,v2,107,Social Norms,sampled,9,2.0,,nan,1,False,False,anchored,,,,,,,9,24edf6f925d94f05,2
Qwen/Qwen2-7B-Instruct,f2826a00ceef68f0f2b946d945ecc0477ce4450c,v2,108,Social Norms,sampled,9,2.0,,nan,1,False,False,anchored,,,,,,,9,27715cd283df48a0,2
Qwen/Qwen2-7B-Instruct,f2826a00ceef68f0f2b946d945ecc0477ce4450c,v2,109,Social Norms,sampled,9,2.0,,nan,1,False,False,anchored,,,,,,,9,dcfc113a808c1bdb,2
Qwen/Qwen2-7B-Instruct,f2826a00ceef68f0f2b946d945ecc0477ce4450c,v2,110,Social Norms,sampled,9,2.0,,nan,1,False,False,anchored,,,,,,,9,f1c0bc960d5937e3,2
Qwen/Qwen2-7B-Instruct,f2826a00ceef68f0f2b946d945ecc0477ce4450c,v2,111,Social Norms,sampled,9,1.0,,nan,1,False,False,anchored,,,,,,,9,89c0909c0739fffa,1
Qwen/Qwen2-7B-Instruct,f2826a00ceef68f0f2b946d945ecc0477ce4450c,v2,112,Social Norms,sampled,9,2.0,,nan,1,False,False,anchored,,,,,,,9,8dfc7fd7354cb2e9,2
Qwen/Qwen2-7B-Instruct,f2826a00ceef68f0f2b946d945ecc0477ce4450c,v2,113,Social Norms,sampled,9,0.0,,nan,1,False,False,anchored,,,,,,,9,b3482461ba269d3e,0
Qwen/Qwen2-7B-Instruct,f2826a00ceef68f0f2b946d945ecc0477ce4450c,v2,114,Social Norms,sampled,9,3.0,,nan,1,False,False,anchored,,,,,,,9,f60f43d43dc45aa2,3
Qwen/Qwen2-7B-Instruct,f2826a00ceef68f0f2b946d945ecc0477ce4450c,v2,115,Social Norms,sampled,9,0.0,,nan,1,False,False,anchored,,,,,,,9,db10559161b3c6fc,0
Qwen/Qwen2-7B-Instruct,f2826a00ceef68f0f2b946d945ecc0477ce4450c,v2,116,Social Norms,sampled,9,0.0,,nan,1,False,False,anchored,,,,,,,9,20d4044e0980b5e9,0
